-- MySQL dump 10.13  Distrib 5.7.25, for Linux (x86_64)
--
-- Host: localhost    Database: szlukamate$default
-- ------------------------------------------------------
-- Server version	5.7.25-0ubuntu0.16.04.2

/*!40101 SET @OLD_CHARACTER_SET_CLIENT=@@CHARACTER_SET_CLIENT */;
/*!40101 SET @OLD_CHARACTER_SET_RESULTS=@@CHARACTER_SET_RESULTS */;
/*!40101 SET @OLD_COLLATION_CONNECTION=@@COLLATION_CONNECTION */;
/*!40101 SET NAMES utf8 */;
/*!40103 SET @OLD_TIME_ZONE=@@TIME_ZONE */;
/*!40103 SET TIME_ZONE='+00:00' */;
/*!40014 SET @OLD_UNIQUE_CHECKS=@@UNIQUE_CHECKS, UNIQUE_CHECKS=0 */;
/*!40014 SET @OLD_FOREIGN_KEY_CHECKS=@@FOREIGN_KEY_CHECKS, FOREIGN_KEY_CHECKS=0 */;
/*!40101 SET @OLD_SQL_MODE=@@SQL_MODE, SQL_MODE='NO_AUTO_VALUE_ON_ZERO' */;
/*!40111 SET @OLD_SQL_NOTES=@@SQL_NOTES, SQL_NOTES=0 */;

--
-- Table structure for table `auth_group`
--

DROP TABLE IF EXISTS `auth_group`;
/*!40101 SET @saved_cs_client     = @@character_set_client */;
/*!40101 SET character_set_client = utf8 */;
CREATE TABLE `auth_group` (
  `id` int(11) NOT NULL AUTO_INCREMENT,
  `name` varchar(80) NOT NULL,
  PRIMARY KEY (`id`),
  UNIQUE KEY `name` (`name`)
) ENGINE=InnoDB DEFAULT CHARSET=utf8;
/*!40101 SET character_set_client = @saved_cs_client */;

--
-- Dumping data for table `auth_group`
--

LOCK TABLES `auth_group` WRITE;
/*!40000 ALTER TABLE `auth_group` DISABLE KEYS */;
/*!40000 ALTER TABLE `auth_group` ENABLE KEYS */;
UNLOCK TABLES;

--
-- Table structure for table `auth_group_permissions`
--

DROP TABLE IF EXISTS `auth_group_permissions`;
/*!40101 SET @saved_cs_client     = @@character_set_client */;
/*!40101 SET character_set_client = utf8 */;
CREATE TABLE `auth_group_permissions` (
  `id` int(11) NOT NULL AUTO_INCREMENT,
  `group_id` int(11) NOT NULL,
  `permission_id` int(11) NOT NULL,
  PRIMARY KEY (`id`),
  UNIQUE KEY `auth_group_permissions_group_id_permission_id_0cd325b0_uniq` (`group_id`,`permission_id`),
  KEY `auth_group_permissio_permission_id_84c5c92e_fk_auth_perm` (`permission_id`),
  CONSTRAINT `auth_group_permissio_permission_id_84c5c92e_fk_auth_perm` FOREIGN KEY (`permission_id`) REFERENCES `auth_permission` (`id`),
  CONSTRAINT `auth_group_permissions_group_id_b120cbf9_fk_auth_group_id` FOREIGN KEY (`group_id`) REFERENCES `auth_group` (`id`)
) ENGINE=InnoDB DEFAULT CHARSET=utf8;
/*!40101 SET character_set_client = @saved_cs_client */;

--
-- Dumping data for table `auth_group_permissions`
--

LOCK TABLES `auth_group_permissions` WRITE;
/*!40000 ALTER TABLE `auth_group_permissions` DISABLE KEYS */;
/*!40000 ALTER TABLE `auth_group_permissions` ENABLE KEYS */;
UNLOCK TABLES;

--
-- Table structure for table `auth_permission`
--

DROP TABLE IF EXISTS `auth_permission`;
/*!40101 SET @saved_cs_client     = @@character_set_client */;
/*!40101 SET character_set_client = utf8 */;
CREATE TABLE `auth_permission` (
  `id` int(11) NOT NULL AUTO_INCREMENT,
  `name` varchar(255) NOT NULL,
  `content_type_id` int(11) NOT NULL,
  `codename` varchar(100) NOT NULL,
  PRIMARY KEY (`id`),
  UNIQUE KEY `auth_permission_content_type_id_codename_01ab375a_uniq` (`content_type_id`,`codename`),
  CONSTRAINT `auth_permission_content_type_id_2f476e4b_fk_django_co` FOREIGN KEY (`content_type_id`) REFERENCES `django_content_type` (`id`)
) ENGINE=InnoDB AUTO_INCREMENT=55 DEFAULT CHARSET=utf8;
/*!40101 SET character_set_client = @saved_cs_client */;

--
-- Dumping data for table `auth_permission`
--

LOCK TABLES `auth_permission` WRITE;
/*!40000 ALTER TABLE `auth_permission` DISABLE KEYS */;
INSERT INTO `auth_permission` VALUES (1,'Can add log entry',1,'add_logentry'),(2,'Can change log entry',1,'change_logentry'),(3,'Can delete log entry',1,'delete_logentry'),(4,'Can add permission',2,'add_permission'),(5,'Can change permission',2,'change_permission'),(6,'Can delete permission',2,'delete_permission'),(7,'Can add group',3,'add_group'),(8,'Can change group',3,'change_group'),(9,'Can delete group',3,'delete_group'),(10,'Can add user',4,'add_user'),(11,'Can change user',4,'change_user'),(12,'Can delete user',4,'delete_user'),(13,'Can add content type',5,'add_contenttype'),(14,'Can change content type',5,'change_contenttype'),(15,'Can delete content type',5,'delete_contenttype'),(16,'Can add session',6,'add_session'),(17,'Can change session',6,'change_session'),(18,'Can delete session',6,'delete_session'),(19,'Can add post',7,'add_post'),(20,'Can change post',7,'change_post'),(21,'Can delete post',7,'delete_post'),(22,'Can add comment',8,'add_comment'),(23,'Can change comment',8,'change_comment'),(24,'Can delete comment',8,'delete_comment'),(25,'Can add tbl doc_details',9,'add_tbldoc_details'),(26,'Can change tbl doc_details',9,'change_tbldoc_details'),(27,'Can delete tbl doc_details',9,'delete_tbldoc_details'),(28,'Can add tbl product',10,'add_tblproduct'),(29,'Can change tbl product',10,'change_tblproduct'),(30,'Can delete tbl product',10,'delete_tblproduct'),(31,'Can add tbl doc',11,'add_tbldoc'),(32,'Can change tbl doc',11,'change_tbldoc'),(33,'Can delete tbl doc',11,'delete_tbldoc'),(34,'Can add tbl doc',12,'add_tbldoc'),(35,'Can change tbl doc',12,'change_tbldoc'),(36,'Can delete tbl doc',12,'delete_tbldoc'),(37,'Can add tbl doc_details',13,'add_tbldoc_details'),(38,'Can change tbl doc_details',13,'change_tbldoc_details'),(39,'Can delete tbl doc_details',13,'delete_tbldoc_details'),(40,'Can add tbl product',14,'add_tblproduct'),(41,'Can change tbl product',14,'change_tblproduct'),(42,'Can delete tbl product',14,'delete_tblproduct'),(43,'Can add tbl doc_kind',15,'add_tbldoc_kind'),(44,'Can change tbl doc_kind',15,'change_tbldoc_kind'),(45,'Can delete tbl doc_kind',15,'delete_tbldoc_kind'),(46,'Can add tbl companies',16,'add_tblcompanies'),(47,'Can change tbl companies',16,'change_tblcompanies'),(48,'Can delete tbl companies',16,'delete_tblcompanies'),(49,'Can add tbl contacts',17,'add_tblcontacts'),(50,'Can change tbl contacts',17,'change_tblcontacts'),(51,'Can delete tbl contacts',17,'delete_tblcontacts'),(52,'Can add tbl issue',18,'add_tblissue'),(53,'Can change tbl issue',18,'change_tblissue'),(54,'Can delete tbl issue',18,'delete_tblissue');
/*!40000 ALTER TABLE `auth_permission` ENABLE KEYS */;
UNLOCK TABLES;

--
-- Table structure for table `auth_user`
--

DROP TABLE IF EXISTS `auth_user`;
/*!40101 SET @saved_cs_client     = @@character_set_client */;
/*!40101 SET character_set_client = utf8 */;
CREATE TABLE `auth_user` (
  `id` int(11) NOT NULL AUTO_INCREMENT,
  `password` varchar(128) NOT NULL,
  `last_login` datetime(6) DEFAULT NULL,
  `is_superuser` tinyint(1) NOT NULL,
  `username` varchar(150) NOT NULL,
  `first_name` varchar(30) NOT NULL,
  `last_name` varchar(30) NOT NULL,
  `email` varchar(254) NOT NULL,
  `is_staff` tinyint(1) NOT NULL,
  `is_active` tinyint(1) NOT NULL,
  `date_joined` datetime(6) NOT NULL,
  `subscriptiontext_tblauth_user` text,
  `emailbodytext_tblauth_user` longtext,
  PRIMARY KEY (`id`),
  UNIQUE KEY `username` (`username`)
) ENGINE=InnoDB AUTO_INCREMENT=4 DEFAULT CHARSET=utf8;
/*!40101 SET character_set_client = @saved_cs_client */;

--
-- Dumping data for table `auth_user`
--

LOCK TABLES `auth_user` WRITE;
/*!40000 ALTER TABLE `auth_user` DISABLE KEYS */;
INSERT INTO `auth_user` VALUES (1,'pbkdf2_sha256$36000$1CI2zMgGEmBC$EZSMhvGjTetCWK5AftJBM0GIVhE/sNi/nfKxkQDNhNY=','2019-03-09 16:41:58.980952',1,'szlukamate','Mate','Szluka','szluka.mate@gmail.com',1,1,'2018-11-02 21:48:04.683828','Sales Engineer\r\n+36309680-469\r\nszluka.mate@gmail.com','data1\n\nHerewith we are sending our quotation attached.\n\nPlease do not hesitate to ask any question.\nIt will be a pleasure to serve you at any time again.\n\nYours respectfully:\n\nMate Szluka\nSales Engineer\n\n6726 Szeged, Akácfa u. 16.\nHungary\n\nTel.: x Mob.:(+36)30/9680-469\nSzluka.Mate@gmail.com\nwww.x.hu\n'),(3,'pbkdf2_sha256$36000$fBK7P9yKbYST$NxLXdiX7FNisBZyf3F6VphHV2hnixqKT7SoGeqlwtnI=','2019-02-05 17:30:33.598559',0,'gipszjakab','Jakab','Gipsz','q@q.hu',1,1,'2019-02-05 17:21:58.000000',NULL,NULL);
/*!40000 ALTER TABLE `auth_user` ENABLE KEYS */;
UNLOCK TABLES;

--
-- Table structure for table `auth_user_groups`
--

DROP TABLE IF EXISTS `auth_user_groups`;
/*!40101 SET @saved_cs_client     = @@character_set_client */;
/*!40101 SET character_set_client = utf8 */;
CREATE TABLE `auth_user_groups` (
  `id` int(11) NOT NULL AUTO_INCREMENT,
  `user_id` int(11) NOT NULL,
  `group_id` int(11) NOT NULL,
  PRIMARY KEY (`id`),
  UNIQUE KEY `auth_user_groups_user_id_group_id_94350c0c_uniq` (`user_id`,`group_id`),
  KEY `auth_user_groups_group_id_97559544_fk_auth_group_id` (`group_id`),
  CONSTRAINT `auth_user_groups_group_id_97559544_fk_auth_group_id` FOREIGN KEY (`group_id`) REFERENCES `auth_group` (`id`),
  CONSTRAINT `auth_user_groups_user_id_6a12ed8b_fk_auth_user_id` FOREIGN KEY (`user_id`) REFERENCES `auth_user` (`id`)
) ENGINE=InnoDB DEFAULT CHARSET=utf8;
/*!40101 SET character_set_client = @saved_cs_client */;

--
-- Dumping data for table `auth_user_groups`
--

LOCK TABLES `auth_user_groups` WRITE;
/*!40000 ALTER TABLE `auth_user_groups` DISABLE KEYS */;
/*!40000 ALTER TABLE `auth_user_groups` ENABLE KEYS */;
UNLOCK TABLES;

--
-- Table structure for table `auth_user_user_permissions`
--

DROP TABLE IF EXISTS `auth_user_user_permissions`;
/*!40101 SET @saved_cs_client     = @@character_set_client */;
/*!40101 SET character_set_client = utf8 */;
CREATE TABLE `auth_user_user_permissions` (
  `id` int(11) NOT NULL AUTO_INCREMENT,
  `user_id` int(11) NOT NULL,
  `permission_id` int(11) NOT NULL,
  PRIMARY KEY (`id`),
  UNIQUE KEY `auth_user_user_permissions_user_id_permission_id_14a6b632_uniq` (`user_id`,`permission_id`),
  KEY `auth_user_user_permi_permission_id_1fbb5f2c_fk_auth_perm` (`permission_id`),
  CONSTRAINT `auth_user_user_permi_permission_id_1fbb5f2c_fk_auth_perm` FOREIGN KEY (`permission_id`) REFERENCES `auth_permission` (`id`),
  CONSTRAINT `auth_user_user_permissions_user_id_a95ead1b_fk_auth_user_id` FOREIGN KEY (`user_id`) REFERENCES `auth_user` (`id`)
) ENGINE=InnoDB AUTO_INCREMENT=2 DEFAULT CHARSET=utf8;
/*!40101 SET character_set_client = @saved_cs_client */;

--
-- Dumping data for table `auth_user_user_permissions`
--

LOCK TABLES `auth_user_user_permissions` WRITE;
/*!40000 ALTER TABLE `auth_user_user_permissions` DISABLE KEYS */;
INSERT INTO `auth_user_user_permissions` VALUES (1,3,10);
/*!40000 ALTER TABLE `auth_user_user_permissions` ENABLE KEYS */;
UNLOCK TABLES;

--
-- Table structure for table `blog_comment`
--

DROP TABLE IF EXISTS `blog_comment`;
/*!40101 SET @saved_cs_client     = @@character_set_client */;
/*!40101 SET character_set_client = utf8 */;
CREATE TABLE `blog_comment` (
  `id` int(11) NOT NULL AUTO_INCREMENT,
  `author` varchar(200) NOT NULL,
  `text` longtext NOT NULL,
  `created_date` datetime(6) NOT NULL,
  `approved_comment` tinyint(1) NOT NULL,
  `post_id` int(11) NOT NULL,
  PRIMARY KEY (`id`),
  KEY `blog_comment_post_id_580e96ef_fk_blog_post_id` (`post_id`),
  CONSTRAINT `blog_comment_post_id_580e96ef_fk_blog_post_id` FOREIGN KEY (`post_id`) REFERENCES `blog_post` (`id`)
) ENGINE=InnoDB AUTO_INCREMENT=4 DEFAULT CHARSET=utf8;
/*!40101 SET character_set_client = @saved_cs_client */;

--
-- Dumping data for table `blog_comment`
--

LOCK TABLES `blog_comment` WRITE;
/*!40000 ALTER TABLE `blog_comment` DISABLE KEYS */;
INSERT INTO `blog_comment` VALUES (1,'jjjjjjjjj','1co','2018-11-03 07:49:35.000000',1,1),(2,'jjjjjjjjj','2co','2018-11-03 07:50:01.000000',1,2),(3,'hh','3co','2018-11-03 07:50:21.000000',1,2);
/*!40000 ALTER TABLE `blog_comment` ENABLE KEYS */;
UNLOCK TABLES;

--
-- Table structure for table `blog_post`
--

DROP TABLE IF EXISTS `blog_post`;
/*!40101 SET @saved_cs_client     = @@character_set_client */;
/*!40101 SET character_set_client = utf8 */;
CREATE TABLE `blog_post` (
  `id` int(11) NOT NULL AUTO_INCREMENT,
  `title` varchar(200) NOT NULL,
  `text` longtext NOT NULL,
  `created_date` datetime(6) NOT NULL,
  `published_date` datetime(6) DEFAULT NULL,
  `author_id` int(11) NOT NULL,
  PRIMARY KEY (`id`),
  KEY `blog_post_author_id_dd7a8485_fk_auth_user_id` (`author_id`),
  CONSTRAINT `blog_post_author_id_dd7a8485_fk_auth_user_id` FOREIGN KEY (`author_id`) REFERENCES `auth_user` (`id`)
) ENGINE=InnoDB AUTO_INCREMENT=3 DEFAULT CHARSET=utf8;
/*!40101 SET character_set_client = @saved_cs_client */;

--
-- Dumping data for table `blog_post`
--

LOCK TABLES `blog_post` WRITE;
/*!40000 ALTER TABLE `blog_post` DISABLE KEYS */;
INSERT INTO `blog_post` VALUES (1,'1pti','1pte','2018-11-03 07:47:40.000000','2018-11-03 07:48:36.000000',1),(2,'2ti','2te','2018-11-03 07:48:40.000000','2018-11-03 07:49:10.000000',1);
/*!40000 ALTER TABLE `blog_post` ENABLE KEYS */;
UNLOCK TABLES;

--
-- Table structure for table `blog_tbldoc`
--

DROP TABLE IF EXISTS `blog_tbldoc`;
/*!40101 SET @saved_cs_client     = @@character_set_client */;
/*!40101 SET character_set_client = utf8 */;
CREATE TABLE `blog_tbldoc` (
  `Docid_tblDoc` int(11) NOT NULL AUTO_INCREMENT,
  `Pcd_tblDoc` varchar(200) NOT NULL,
  `Town_tblDoc` varchar(200) NOT NULL,
  PRIMARY KEY (`Docid_tblDoc`)
) ENGINE=InnoDB DEFAULT CHARSET=utf8;
/*!40101 SET character_set_client = @saved_cs_client */;

--
-- Dumping data for table `blog_tbldoc`
--

LOCK TABLES `blog_tbldoc` WRITE;
/*!40000 ALTER TABLE `blog_tbldoc` DISABLE KEYS */;
/*!40000 ALTER TABLE `blog_tbldoc` ENABLE KEYS */;
UNLOCK TABLES;

--
-- Table structure for table `blog_tbldoc_details`
--

DROP TABLE IF EXISTS `blog_tbldoc_details`;
/*!40101 SET @saved_cs_client     = @@character_set_client */;
/*!40101 SET character_set_client = utf8 */;
CREATE TABLE `blog_tbldoc_details` (
  `Doc_detailsid_tblDoc_details` int(11) NOT NULL AUTO_INCREMENT,
  `Qty_tblDoc_details` int(11) NOT NULL,
  `Docid_tblDoc_details_id` int(11) NOT NULL,
  `Productid_tblDoc_details_id` int(11) NOT NULL,
  PRIMARY KEY (`Doc_detailsid_tblDoc_details`),
  KEY `blog_tbldoc_details_Docid_tblDoc_details_d33f3418_fk_blog_tbld` (`Docid_tblDoc_details_id`),
  KEY `blog_tbldoc_details_Productid_tblDoc_det_cef280cd_fk_blog_tblp` (`Productid_tblDoc_details_id`),
  CONSTRAINT `blog_tbldoc_details_Docid_tblDoc_details_d33f3418_fk_blog_tbld` FOREIGN KEY (`Docid_tblDoc_details_id`) REFERENCES `blog_tbldoc` (`Docid_tblDoc`),
  CONSTRAINT `blog_tbldoc_details_Productid_tblDoc_det_cef280cd_fk_blog_tblp` FOREIGN KEY (`Productid_tblDoc_details_id`) REFERENCES `blog_tblproduct` (`Productid_tblProduct`)
) ENGINE=InnoDB DEFAULT CHARSET=utf8;
/*!40101 SET character_set_client = @saved_cs_client */;

--
-- Dumping data for table `blog_tbldoc_details`
--

LOCK TABLES `blog_tbldoc_details` WRITE;
/*!40000 ALTER TABLE `blog_tbldoc_details` DISABLE KEYS */;
/*!40000 ALTER TABLE `blog_tbldoc_details` ENABLE KEYS */;
UNLOCK TABLES;

--
-- Table structure for table `blog_tblproduct`
--

DROP TABLE IF EXISTS `blog_tblproduct`;
/*!40101 SET @saved_cs_client     = @@character_set_client */;
/*!40101 SET character_set_client = utf8 */;
CREATE TABLE `blog_tblproduct` (
  `Productid_tblProduct` int(11) NOT NULL AUTO_INCREMENT,
  `Product_price_tblProduct` int(11) NOT NULL,
  `Product_description_tblProduct` varchar(200) NOT NULL,
  PRIMARY KEY (`Productid_tblProduct`)
) ENGINE=InnoDB DEFAULT CHARSET=utf8;
/*!40101 SET character_set_client = @saved_cs_client */;

--
-- Dumping data for table `blog_tblproduct`
--

LOCK TABLES `blog_tblproduct` WRITE;
/*!40000 ALTER TABLE `blog_tblproduct` DISABLE KEYS */;
/*!40000 ALTER TABLE `blog_tblproduct` ENABLE KEYS */;
UNLOCK TABLES;

--
-- Table structure for table `django_admin_log`
--

DROP TABLE IF EXISTS `django_admin_log`;
/*!40101 SET @saved_cs_client     = @@character_set_client */;
/*!40101 SET character_set_client = utf8 */;
CREATE TABLE `django_admin_log` (
  `id` int(11) NOT NULL AUTO_INCREMENT,
  `action_time` datetime(6) NOT NULL,
  `object_id` longtext,
  `object_repr` varchar(200) NOT NULL,
  `action_flag` smallint(5) unsigned NOT NULL,
  `change_message` longtext NOT NULL,
  `content_type_id` int(11) DEFAULT NULL,
  `user_id` int(11) NOT NULL,
  PRIMARY KEY (`id`),
  KEY `django_admin_log_content_type_id_c4bce8eb_fk_django_co` (`content_type_id`),
  KEY `django_admin_log_user_id_c564eba6_fk_auth_user_id` (`user_id`),
  CONSTRAINT `django_admin_log_content_type_id_c4bce8eb_fk_django_co` FOREIGN KEY (`content_type_id`) REFERENCES `django_content_type` (`id`),
  CONSTRAINT `django_admin_log_user_id_c564eba6_fk_auth_user_id` FOREIGN KEY (`user_id`) REFERENCES `auth_user` (`id`)
) ENGINE=InnoDB AUTO_INCREMENT=52 DEFAULT CHARSET=utf8;
/*!40101 SET character_set_client = @saved_cs_client */;

--
-- Dumping data for table `django_admin_log`
--

LOCK TABLES `django_admin_log` WRITE;
/*!40000 ALTER TABLE `django_admin_log` DISABLE KEYS */;
INSERT INTO `django_admin_log` VALUES (1,'2018-11-02 21:50:42.145498','1','Something1',1,'[{\"added\": {}}]',14,1),(2,'2018-11-02 21:50:57.531874','2','Something22',1,'[{\"added\": {}}]',14,1),(3,'2018-11-02 21:51:37.705989','1','Quotation',1,'[{\"added\": {}}]',15,1),(4,'2018-11-02 21:51:50.753814','2','Order',1,'[{\"added\": {}}]',15,1),(5,'2018-11-02 21:52:00.712735','3','Invoice',1,'[{\"added\": {}}]',15,1),(6,'2018-11-02 21:52:36.324847','1','Szeged',1,'[{\"added\": {}}]',12,1),(7,'2018-11-02 21:53:10.834013','2','Pécs',1,'[{\"added\": {}}]',12,1),(8,'2018-11-02 21:53:52.361758','3','Győr',1,'[{\"added\": {}}]',12,1),(9,'2018-11-02 21:54:41.935156','1','Defaultnote1',1,'[{\"added\": {}}]',13,1),(10,'2018-11-02 21:55:06.555670','2','Defaultnote2',1,'[{\"added\": {}}]',13,1),(11,'2018-11-03 07:48:40.249007','1','1pti',1,'[{\"added\": {}}]',7,1),(12,'2018-11-03 07:49:15.331036','2','2ti',1,'[{\"added\": {}}]',7,1),(13,'2018-11-03 07:50:00.846842','1','1co',1,'[{\"added\": {}}]',8,1),(14,'2018-11-03 07:50:21.722024','2','2co',1,'[{\"added\": {}}]',8,1),(15,'2018-11-03 07:51:12.383658','3','3co',1,'[{\"added\": {}}]',8,1),(16,'2018-11-03 12:35:04.602108','3','Something3',1,'[{\"added\": {}}]',14,1),(17,'2018-11-03 16:42:29.827161','3','Defaultnote3',1,'[{\"added\": {}}]',13,1),(18,'2018-11-03 16:43:17.651676','4','Defaultnote6',1,'[{\"added\": {}}]',13,1),(19,'2018-11-03 16:43:43.989990','5','Defaultnote18',1,'[{\"added\": {}}]',13,1),(20,'2018-11-06 20:13:45.812115','4','Békéscsaba',1,'[{\"added\": {}}]',12,1),(21,'2018-11-06 20:14:20.968920','5','Nyíregyháza',1,'[{\"added\": {}}]',12,1),(22,'2018-11-06 20:14:57.179042','6','Eger',1,'[{\"added\": {}}]',12,1),(23,'2018-11-17 12:45:19.377385','1','Company1',1,'[{\"added\": {}}]',16,1),(24,'2018-11-17 12:46:32.695498','1','Contactfirstname1',1,'[{\"added\": {}}]',17,1),(25,'2018-11-17 12:47:20.050215','1','Szeged',2,'[]',12,1),(26,'2018-11-17 19:52:04.750680','2','Company2firstname1',1,'[{\"added\": {}}]',17,1),(27,'2018-11-17 19:52:46.228967','3','Company2firstname2',1,'[{\"added\": {}}]',17,1),(28,'2018-11-21 12:33:40.477665','6','Company3',1,'[{\"added\": {}}]',16,1),(29,'2018-11-21 12:35:24.165214','4','Firstname of company1',1,'[{\"added\": {}}]',17,1),(30,'2018-12-04 12:36:33.426120','1','Firstname1',2,'[{\"changed\": {\"fields\": [\"Companyid_tblContacts\"]}}]',17,1),(31,'2018-12-09 21:38:05.736354','1','Somethi',2,'[]',14,1),(32,'2018-12-09 21:39:11.406678','4','Pr5',1,'[{\"added\": {}}]',14,1),(33,'2018-12-09 21:39:32.638894','5','Pr6',1,'[{\"added\": {}}]',14,1),(34,'2018-12-09 21:39:55.847788','6','Pr7',1,'[{\"added\": {}}]',14,1),(35,'2018-12-12 18:31:56.325787','1','Company1',2,'[{\"changed\": {\"fields\": [\"companyname_tblcompanies\"]}}]',16,1),(36,'2018-12-12 18:32:13.425612','2','Company2',2,'[{\"changed\": {\"fields\": [\"companyname_tblcompanies\"]}}]',16,1),(37,'2018-12-12 18:32:52.929683','1','Firstname3',2,'[{\"changed\": {\"fields\": [\"firstname_tblcontacts\", \"lastname_tblcontacts\"]}}]',17,1),(38,'2018-12-12 18:33:22.476309','4','Firstname1',2,'[{\"changed\": {\"fields\": [\"firstname_tblcontacts\", \"lastname_tblcontacts\"]}}]',17,1),(39,'2018-12-12 18:33:36.386435','4','Firstname1',2,'[]',17,1),(40,'2018-12-12 18:33:57.681834','3','firstname2',2,'[{\"changed\": {\"fields\": [\"firstname_tblcontacts\", \"lastname_tblcontacts\"]}}]',17,1),(41,'2018-12-12 18:34:38.088748','2','firstname2',2,'[{\"changed\": {\"fields\": [\"firstname_tblcontacts\", \"lastname_tblcontacts\"]}}]',17,1),(42,'2018-12-12 18:34:50.419655','1','Firstname3',2,'[]',17,1),(43,'2019-02-05 17:08:29.342974','2','gipszjakab',1,'[{\"added\": {}}]',4,1),(44,'2019-02-05 17:10:11.659158','2','gipszjakab',2,'[{\"changed\": {\"fields\": [\"first_name\", \"last_name\", \"email\"]}}]',4,1),(45,'2019-02-05 17:14:34.156603','2','gipszjakab',2,'[{\"changed\": {\"fields\": [\"password\"]}}]',4,1),(46,'2019-02-05 17:17:30.405112','2','gipszjakab',2,'[{\"changed\": {\"fields\": [\"password\"]}}]',4,1),(47,'2019-02-05 17:19:56.815806','2','gipszjakab',3,'',4,1),(48,'2019-02-05 17:21:58.379433','3','gipszjakab',1,'[{\"added\": {}}]',4,1),(49,'2019-02-05 17:24:06.469287','3','gipszjakab',2,'[{\"changed\": {\"fields\": [\"is_staff\"]}}]',4,1),(50,'2019-02-05 17:28:24.714612','3','gipszjakab',2,'[{\"changed\": {\"fields\": [\"password\"]}}]',4,1),(51,'2019-02-05 17:30:17.357415','3','gipszjakab',2,'[{\"changed\": {\"fields\": [\"first_name\", \"last_name\", \"email\", \"user_permissions\"]}}]',4,1);
/*!40000 ALTER TABLE `django_admin_log` ENABLE KEYS */;
UNLOCK TABLES;

--
-- Table structure for table `django_content_type`
--

DROP TABLE IF EXISTS `django_content_type`;
/*!40101 SET @saved_cs_client     = @@character_set_client */;
/*!40101 SET character_set_client = utf8 */;
CREATE TABLE `django_content_type` (
  `id` int(11) NOT NULL AUTO_INCREMENT,
  `app_label` varchar(100) NOT NULL,
  `model` varchar(100) NOT NULL,
  PRIMARY KEY (`id`),
  UNIQUE KEY `django_content_type_app_label_model_76bd3d3b_uniq` (`app_label`,`model`)
) ENGINE=InnoDB AUTO_INCREMENT=19 DEFAULT CHARSET=utf8;
/*!40101 SET character_set_client = @saved_cs_client */;

--
-- Dumping data for table `django_content_type`
--

LOCK TABLES `django_content_type` WRITE;
/*!40000 ALTER TABLE `django_content_type` DISABLE KEYS */;
INSERT INTO `django_content_type` VALUES (1,'admin','logentry'),(3,'auth','group'),(2,'auth','permission'),(4,'auth','user'),(8,'blog','comment'),(7,'blog','post'),(11,'blog','tbldoc'),(9,'blog','tbldoc_details'),(10,'blog','tblproduct'),(5,'contenttypes','contenttype'),(18,'ist','tblissue'),(16,'quotation','tblcompanies'),(17,'quotation','tblcontacts'),(12,'quotation','tbldoc'),(13,'quotation','tbldoc_details'),(15,'quotation','tbldoc_kind'),(14,'quotation','tblproduct'),(6,'sessions','session');
/*!40000 ALTER TABLE `django_content_type` ENABLE KEYS */;
UNLOCK TABLES;

--
-- Table structure for table `django_migrations`
--

DROP TABLE IF EXISTS `django_migrations`;
/*!40101 SET @saved_cs_client     = @@character_set_client */;
/*!40101 SET character_set_client = utf8 */;
CREATE TABLE `django_migrations` (
  `id` int(11) NOT NULL AUTO_INCREMENT,
  `app` varchar(255) NOT NULL,
  `name` varchar(255) NOT NULL,
  `applied` datetime(6) NOT NULL,
  PRIMARY KEY (`id`)
) ENGINE=InnoDB AUTO_INCREMENT=44 DEFAULT CHARSET=utf8;
/*!40101 SET character_set_client = @saved_cs_client */;

--
-- Dumping data for table `django_migrations`
--

LOCK TABLES `django_migrations` WRITE;
/*!40000 ALTER TABLE `django_migrations` DISABLE KEYS */;
INSERT INTO `django_migrations` VALUES (1,'contenttypes','0001_initial','2018-11-02 21:11:14.376089'),(2,'auth','0001_initial','2018-11-02 21:12:24.450688'),(3,'admin','0001_initial','2018-11-02 21:12:48.408225'),(4,'admin','0002_logentry_remove_auto_add','2018-11-02 21:12:48.456194'),(5,'contenttypes','0002_remove_content_type_name','2018-11-02 21:12:48.552835'),(6,'auth','0002_alter_permission_name_max_length','2018-11-02 21:12:48.605419'),(7,'auth','0003_alter_user_email_max_length','2018-11-02 21:12:48.664379'),(8,'auth','0004_alter_user_username_opts','2018-11-02 21:12:48.682748'),(9,'auth','0005_alter_user_last_login_null','2018-11-02 21:12:48.736570'),(10,'auth','0006_require_contenttypes_0002','2018-11-02 21:12:48.744009'),(11,'auth','0007_alter_validators_add_error_messages','2018-11-02 21:12:48.765243'),(12,'auth','0008_alter_user_username_max_length','2018-11-02 21:12:48.822705'),(13,'blog','0001_initial','2018-11-02 21:13:07.382074'),(14,'blog','0002_comment','2018-11-02 21:13:26.186726'),(15,'blog','0003_doc','2018-11-02 21:13:32.062693'),(16,'blog','0004_auto_20181009_2144','2018-11-02 21:13:32.121358'),(17,'blog','0005_doc_pcd_tbldoc','2018-11-02 21:13:34.870240'),(18,'blog','0006_auto_20181010_1820','2018-11-02 21:13:34.948409'),(19,'blog','0007_doc_town_tbldoc','2018-11-02 21:13:37.659099'),(20,'blog','0008_doc_details','2018-11-02 21:13:47.186922'),(21,'blog','0009_auto_20181011_1605','2018-11-02 21:13:47.246950'),(22,'blog','0010_auto_20181011_1635','2018-11-02 21:13:47.458849'),(23,'blog','0011_doc_details_product_description_tbldoc_details','2018-11-02 21:13:51.033263'),(24,'blog','0012_auto_20181015_1759','2018-11-02 21:14:13.472483'),(31,'sessions','0001_initial','2018-11-02 21:14:56.285954'),(32,'quotation','0001_initial','2018-11-17 14:51:14.569485'),(35,'quotation','0002_tblcompanies','2018-11-17 18:49:50.281212'),(36,'quotation','0003_auto_20181117_1950','2018-11-17 18:51:05.817368'),(38,'quotation','0004_tblcontacts','2018-11-17 19:15:59.537810'),(40,'quotation','0005_tbldoc_contactid_tbldoc','2018-11-17 19:30:49.852540'),(42,'quotation','0006_tbldoc_details_creationtime_tbldoc_details','2018-11-20 21:52:25.514690'),(43,'ist','0001_initial','2019-01-07 10:28:28.558994');
/*!40000 ALTER TABLE `django_migrations` ENABLE KEYS */;
UNLOCK TABLES;

--
-- Table structure for table `django_session`
--

DROP TABLE IF EXISTS `django_session`;
/*!40101 SET @saved_cs_client     = @@character_set_client */;
/*!40101 SET character_set_client = utf8 */;
CREATE TABLE `django_session` (
  `session_key` varchar(40) NOT NULL,
  `session_data` longtext NOT NULL,
  `expire_date` datetime(6) NOT NULL,
  PRIMARY KEY (`session_key`),
  KEY `django_session_expire_date_a5c62663` (`expire_date`)
) ENGINE=InnoDB DEFAULT CHARSET=utf8;
/*!40101 SET character_set_client = @saved_cs_client */;

--
-- Dumping data for table `django_session`
--

LOCK TABLES `django_session` WRITE;
/*!40000 ALTER TABLE `django_session` DISABLE KEYS */;
INSERT INTO `django_session` VALUES ('270o7sys9h2608m6uym1jtaqsgu5slez','YjE4MmZjYzA4ZTJkN2ZlMjQyYWEwNDhkNjc3OTFiZDVjZWI5MzA0Zjp7Il9hdXRoX3VzZXJfaGFzaCI6ImI5MTNjMDkwNDY0NzgxNDIxOTU3NTliZTU1Nzk3Y2QxZWIwODA4YzEiLCJfYXV0aF91c2VyX2JhY2tlbmQiOiJkamFuZ28uY29udHJpYi5hdXRoLmJhY2tlbmRzLk1vZGVsQmFja2VuZCIsIl9hdXRoX3VzZXJfaWQiOiIxIn0=','2018-11-17 12:33:57.987435'),('7atng2xgd7fgsjpai4l3mxfavozka9gm','OTA2MDA5ZjI3YWEyNDY4ZDA2YzAwYmY5NDlhOTliOWQyZTY0YTYwZDp7Il9hdXRoX3VzZXJfaWQiOiIxIiwiX2F1dGhfdXNlcl9oYXNoIjoiYjkxM2MwOTA0NjQ3ODE0MjE5NTc1OWJlNTU3OTdjZDFlYjA4MDhjMSIsImZpeHN0YXRlIjoiMCIsIl9hdXRoX3VzZXJfYmFja2VuZCI6ImRqYW5nby5jb250cmliLmF1dGguYmFja2VuZHMuTW9kZWxCYWNrZW5kIiwiZml4dG90aGlzIjoiODQifQ==','2019-03-25 15:36:55.957910'),('aq9yqx0zgoaf1txrrpktkaghsveueciq','YjE4MmZjYzA4ZTJkN2ZlMjQyYWEwNDhkNjc3OTFiZDVjZWI5MzA0Zjp7Il9hdXRoX3VzZXJfaGFzaCI6ImI5MTNjMDkwNDY0NzgxNDIxOTU3NTliZTU1Nzk3Y2QxZWIwODA4YzEiLCJfYXV0aF91c2VyX2JhY2tlbmQiOiJkamFuZ28uY29udHJpYi5hdXRoLmJhY2tlbmRzLk1vZGVsQmFja2VuZCIsIl9hdXRoX3VzZXJfaWQiOiIxIn0=','2018-12-01 12:42:49.904647'),('aye1bk06uoe3issurmwgc6z7afirjm3m','NDJjNDhiMzk1MmY2ZTJmMGNmNmUwODA3MjE5NjA5ZDk4MDNmNjUwODp7Il9hdXRoX3VzZXJfaWQiOiIxIiwiX2F1dGhfdXNlcl9iYWNrZW5kIjoiZGphbmdvLmNvbnRyaWIuYXV0aC5iYWNrZW5kcy5Nb2RlbEJhY2tlbmQiLCJfYXV0aF91c2VyX2hhc2giOiJiOTEzYzA5MDQ2NDc4MTQyMTk1NzU5YmU1NTc5N2NkMWViMDgwOGMxIn0=','2019-01-19 16:38:03.310882'),('b0cvvyukxgplka6c5qrgb2nwj01ifl7t','NDJjNDhiMzk1MmY2ZTJmMGNmNmUwODA3MjE5NjA5ZDk4MDNmNjUwODp7Il9hdXRoX3VzZXJfaWQiOiIxIiwiX2F1dGhfdXNlcl9iYWNrZW5kIjoiZGphbmdvLmNvbnRyaWIuYXV0aC5iYWNrZW5kcy5Nb2RlbEJhY2tlbmQiLCJfYXV0aF91c2VyX2hhc2giOiJiOTEzYzA5MDQ2NDc4MTQyMTk1NzU5YmU1NTc5N2NkMWViMDgwOGMxIn0=','2018-11-16 21:49:22.608693'),('rwn2epelhgtgjtcj2sf101aso4c3u9zk','OThiMWE3ZDA2YTIzMzQ4MjQ4YmNkOGY1YjVmOWFjNGMyMzZmMmY4Njp7Il9hdXRoX3VzZXJfYmFja2VuZCI6ImRqYW5nby5jb250cmliLmF1dGguYmFja2VuZHMuTW9kZWxCYWNrZW5kIiwiX2F1dGhfdXNlcl9oYXNoIjoiYjkxM2MwOTA0NjQ3ODE0MjE5NTc1OWJlNTU3OTdjZDFlYjA4MDhjMSIsIl9hdXRoX3VzZXJfaWQiOiIxIn0=','2019-02-19 17:48:27.184811'),('sgf61e6g620y2oo64wroq81ivfaya740','NDgzNDk0ZGIxMGJhMTUzNTFkYzA0ZjhiNWRkYTdiM2FiOTZiZjMyNzp7ImZpeHRvdGhpcyI6IjYwIiwiZml4c3RhdGUiOiIwIn0=','2019-04-18 13:45:03.064060'),('uzbpco32gm1hzj1v0tsa1gyq906mmp9c','ZTZhMDRmYjQxNDc4ZTVjY2JjNDcyY2Q3MTgwNDA5YTZkOTI0MWQzOTp7Im9uZml4IjowLCJmaXh0b3RoaXMiOiI2NCIsIl9hdXRoX3VzZXJfaGFzaCI6ImI5MTNjMDkwNDY0NzgxNDIxOTU3NTliZTU1Nzk3Y2QxZWIwODA4YzEiLCJmaXhzdGF0ZSI6IjAiLCJfYXV0aF91c2VyX2JhY2tlbmQiOiJkamFuZ28uY29udHJpYi5hdXRoLmJhY2tlbmRzLk1vZGVsQmFja2VuZCIsIl9hdXRoX3VzZXJfaWQiOiIxIn0=','2019-03-11 19:13:38.670006'),('wjx5sx3zxtyrg3pei8b8m4u219ohltgb','MGQzZTIwNTRkNTY3NjhkZmEwNGM1OTc1NTE4MTRjOTMwZmYwMzIyYTp7Il9hdXRoX3VzZXJfaGFzaCI6ImI5MTNjMDkwNDY0NzgxNDIxOTU3NTliZTU1Nzk3Y2QxZWIwODA4YzEiLCJfYXV0aF91c2VyX2lkIjoiMSIsIl9hdXRoX3VzZXJfYmFja2VuZCI6ImRqYW5nby5jb250cmliLmF1dGguYmFja2VuZHMuTW9kZWxCYWNrZW5kIn0=','2018-12-18 12:33:53.181723');
/*!40000 ALTER TABLE `django_session` ENABLE KEYS */;
UNLOCK TABLES;

--
-- Table structure for table `ist_tblIssue`
--

DROP TABLE IF EXISTS `ist_tblIssue`;
/*!40101 SET @saved_cs_client     = @@character_set_client */;
/*!40101 SET character_set_client = utf8 */;
CREATE TABLE `ist_tblIssue` (
  `issueid_tblissue` int(11) NOT NULL AUTO_INCREMENT,
  `title_tblIssue` varchar(200) NOT NULL,
  `text_tblIssue` longtext NOT NULL,
  `created_tblIssue` datetime(6) NOT NULL,
  `author_tblIssue_id` int(11) NOT NULL,
  PRIMARY KEY (`issueid_tblissue`),
  KEY `ist_tblissue_author_tblIssue_id_63962c65_fk_auth_user_id` (`author_tblIssue_id`),
  CONSTRAINT `ist_tblissue_author_tblIssue_id_63962c65_fk_auth_user_id` FOREIGN KEY (`author_tblIssue_id`) REFERENCES `auth_user` (`id`)
) ENGINE=InnoDB DEFAULT CHARSET=utf8;
/*!40101 SET character_set_client = @saved_cs_client */;

--
-- Dumping data for table `ist_tblIssue`
--

LOCK TABLES `ist_tblIssue` WRITE;
/*!40000 ALTER TABLE `ist_tblIssue` DISABLE KEYS */;
/*!40000 ALTER TABLE `ist_tblIssue` ENABLE KEYS */;
UNLOCK TABLES;

--
-- Table structure for table `ist_tblIssuechange`
--

DROP TABLE IF EXISTS `ist_tblIssuechange`;
/*!40101 SET @saved_cs_client     = @@character_set_client */;
/*!40101 SET character_set_client = utf8 */;
CREATE TABLE `ist_tblIssuechange` (
  `issuechangeid_tblIssuechange` int(11) NOT NULL AUTO_INCREMENT,
  `issueid_tblIssuechange` int(11) NOT NULL,
  PRIMARY KEY (`issuechangeid_tblIssuechange`),
  CONSTRAINT `Fk_tblIssuechange_tblIssue` FOREIGN KEY (`issuechangeid_tblIssuechange`) REFERENCES `ist_tblIssue` (`issueid_tblissue`)
) ENGINE=InnoDB DEFAULT CHARSET=utf8;
/*!40101 SET character_set_client = @saved_cs_client */;

--
-- Dumping data for table `ist_tblIssuechange`
--

LOCK TABLES `ist_tblIssuechange` WRITE;
/*!40000 ALTER TABLE `ist_tblIssuechange` DISABLE KEYS */;
/*!40000 ALTER TABLE `ist_tblIssuechange` ENABLE KEYS */;
UNLOCK TABLES;

--
-- Table structure for table `pet`
--

DROP TABLE IF EXISTS `pet`;
/*!40101 SET @saved_cs_client     = @@character_set_client */;
/*!40101 SET character_set_client = utf8 */;
CREATE TABLE `pet` (
  `name` varchar(20) DEFAULT NULL,
  `owner` varchar(20) DEFAULT NULL,
  `species` varchar(20) DEFAULT NULL,
  `sex` char(1) DEFAULT NULL,
  `birth` date DEFAULT NULL,
  `death` date DEFAULT NULL
) ENGINE=InnoDB DEFAULT CHARSET=utf8;
/*!40101 SET character_set_client = @saved_cs_client */;

--
-- Dumping data for table `pet`
--

LOCK TABLES `pet` WRITE;
/*!40000 ALTER TABLE `pet` DISABLE KEYS */;
/*!40000 ALTER TABLE `pet` ENABLE KEYS */;
UNLOCK TABLES;

--
-- Table structure for table `quotation_new_table`
--

DROP TABLE IF EXISTS `quotation_new_table`;
/*!40101 SET @saved_cs_client     = @@character_set_client */;
/*!40101 SET character_set_client = utf8 */;
CREATE TABLE `quotation_new_table` (
  `idnew_table` int(11) NOT NULL AUTO_INCREMENT,
  PRIMARY KEY (`idnew_table`)
) ENGINE=InnoDB DEFAULT CHARSET=utf8;
/*!40101 SET character_set_client = @saved_cs_client */;

--
-- Dumping data for table `quotation_new_table`
--

LOCK TABLES `quotation_new_table` WRITE;
/*!40000 ALTER TABLE `quotation_new_table` DISABLE KEYS */;
/*!40000 ALTER TABLE `quotation_new_table` ENABLE KEYS */;
UNLOCK TABLES;

--
-- Table structure for table `quotation_tblbackpageforquotation`
--

DROP TABLE IF EXISTS `quotation_tblbackpageforquotation`;
/*!40101 SET @saved_cs_client     = @@character_set_client */;
/*!40101 SET character_set_client = utf8 */;
CREATE TABLE `quotation_tblbackpageforquotation` (
  `backpageidforquotation_tblbackpageforquotation` int(11) NOT NULL AUTO_INCREMENT,
  `backpagetextforquotation_tblbackpageforquotation` text NOT NULL,
  `backpagenameforquotation_tblbackpageforquotation` varchar(200) NOT NULL,
  `creationtime_tblbackpageforquotation` timestamp NOT NULL DEFAULT CURRENT_TIMESTAMP,
  `obsolete_tblbackpageforquotation` int(2) DEFAULT '0',
  PRIMARY KEY (`backpageidforquotation_tblbackpageforquotation`)
) ENGINE=InnoDB AUTO_INCREMENT=4 DEFAULT CHARSET=utf8;
/*!40101 SET character_set_client = @saved_cs_client */;

--
-- Dumping data for table `quotation_tblbackpageforquotation`
--

LOCK TABLES `quotation_tblbackpageforquotation` WRITE;
/*!40000 ALTER TABLE `quotation_tblbackpageforquotation` DISABLE KEYS */;
INSERT INTO `quotation_tblbackpageforquotation` VALUES (2,'<p>Quotation validity: 30 calendar days from date of quotation.</p>\r\n<p>Delivery date: data1 calendar days maximum from date of order.</p>\r\n<p>Payment conditions: data2</p>\r\n','backpage standard','2019-02-10 17:15:12',0),(3,'Backpage text222222222','Backpage non standard','2019-02-10 17:15:12',0);
/*!40000 ALTER TABLE `quotation_tblbackpageforquotation` ENABLE KEYS */;
UNLOCK TABLES;

--
-- Table structure for table `quotation_tblchartofaccounts`
--

DROP TABLE IF EXISTS `quotation_tblchartofaccounts`;
/*!40101 SET @saved_cs_client     = @@character_set_client */;
/*!40101 SET character_set_client = utf8 */;
CREATE TABLE `quotation_tblchartofaccounts` (
  `accountid_tblchartofaccounts` varchar(10) DEFAULT NULL,
  `nameHU_tblchartofaccounts` varchar(100) DEFAULT NULL,
  `COL 3` varchar(1) DEFAULT NULL,
  `COL 4` varchar(1) DEFAULT NULL,
  `name_tblchartofaccounts` varchar(100) DEFAULT NULL,
  UNIQUE KEY `accountid_tblchartofaccounts` (`accountid_tblchartofaccounts`)
) ENGINE=InnoDB DEFAULT CHARSET=utf8;
/*!40101 SET character_set_client = @saved_cs_client */;

--
-- Dumping data for table `quotation_tblchartofaccounts`
--

LOCK TABLES `quotation_tblchartofaccounts` WRITE;
/*!40000 ALTER TABLE `quotation_tblchartofaccounts` DISABLE KEYS */;
INSERT INTO `quotation_tblchartofaccounts` VALUES ('1','Egyes számlaosztály','2','1','Nr 1 class of accounts'),('2','Kettes számlaosztály','2','1',NULL),('3','Hármas számlaosztály','2','1',NULL),('4','Négyes számlaosztály','2','1',NULL),('5','Ötös számlaosztály','2','2',NULL),('8','Nyolcas számlaosztály','2','1',NULL),('9','Kilences számlaosztály','2','1',NULL),('38','Pénzeszközök','2','1','Cashes'),('58','Aktivált saját teljesítmények értéke','1','2',NULL),('87','Pénzügyi műveletek ráfordításai','1','2',NULL),('91','Belföldi értékesítés árbevétele','1','2',NULL),('97','Pénzügyi műveletek bevételei','1','2',NULL),('131','Termelő gépek, berendezések, szerszámok, gyártóeszközök','1','1',NULL),('142','Egyéb járművek','1','1',NULL),('143','Irodai berendezések és felszerelések','1','1',NULL),('149','Egyéb járművek, felszerelések terv sz. é.cs.-e','1','1',NULL),('161','Befejezetlen beruházások','1','1',NULL),('181','Államkötvények','1','1',NULL),('211','Nyers-és alapanyagok','1','1',NULL),('261','Áruk beszerzési áron','1','1',NULL),('271','Közvetített szolgáltatások','1','1',NULL),('311','Belföldi követelések (vevők)','1','1',NULL),('366','Értékpapírokkal kapcsolatos követelések','1','1',NULL),('384','Elszámolási betétszámla 57600101-11063939','1','1',NULL),('389','Átvezetési számla','1','1',NULL),('391','Bevételek aktív időbeli elhatárolása','1','1',NULL),('392','Költségek, ráfordítások aktív időbeli elhatárolása','1','1',NULL),('411','Jegyzett tőke','1','1',NULL),('413','Eredménytartalék','1','1',NULL),('419','Mérleg szerinti eredmény','1','1',NULL),('421','Céltartalék','1','1',NULL),('455','Beruházási szállítók','1','1',NULL),('461','Társasági adó elszámolása','1','1',NULL),('462','Személyi jövedelemadó elszámolása','1','1',NULL),('463','Költségvetési befizetési kötelezettségek','1','1',NULL),('464','Költségvetési befiz. köt. Teljesítése','1','1',NULL),('466','Előzetesen felszámított ÁFA','1','1',NULL),('467','Fizetendő ÁFA','1','1',NULL),('468','ÁFA pénzügyi elszámolási számla','1','1',NULL),('469','Helyi (önkormányzati) adók elszámolási számla','1','1',NULL),('471','Jövedelemelszámolási számla','1','1',NULL),('473','Társadalombiztosítási kötelezettség','1','1',NULL),('481','Bevételek passzív időbeli elhatárolása','1','1',NULL),('482','Költségek, ráfordítások passzív időbeli elhat.-a','1','1',NULL),('491','Nyitómérleg számla','1','2',NULL),('493','Tárgyévi eredmény elszámolása','1','2',NULL),('522','Bérleti díj','1','2',NULL),('523','Szállítási és raktározási költségek','1','2',NULL),('524','Igénybe vett szolgáltatások költségei','1','2',NULL),('531','Hatósági igazgatási, szolg.-i díjak, illetékek','1','2',NULL),('532','Pénzügyi, befektetési szolgáltatási díjak','1','2',NULL),('533','Biztosítási díj','1','2',NULL),('534','Költségként elszámolandó adók','1','2',NULL),('541','Alkalmazottak munkabére','1','2',NULL),('561','Nyugdíjbiztosítási és egészségbiztosítási járulék','1','2',NULL),('562','Egészségügyi hozzájárulás','1','2',NULL),('563','Munkaadói járulék','1','2',NULL),('564','Szakképzési hozzájárulás','1','2',NULL),('571','Terv szerinti értékcsökkenési leírás','1','2',NULL),('812','Igénybe vett szolgáltatások értéke','1','2',NULL),('813','Egyéb szolgáltatások értéke','1','2',NULL),('814','Eladott áruk beszerzési értéke','1','2',NULL),('867','Adók, illetékek, hozzájárulások','1','2',NULL),('869','Egyéb ráfordítás (pl. kerekítési különbözet)','1','2',NULL),('891','Társasági adó','1','2',NULL),('969','Egyéb bevételek (pl. kerekítési különbözet)','1','2',NULL),('973','Befektetett p.ü.-i eszközök kamatai, árf.nyeresége','1','2',NULL),('974','Egyéb kapott kamatok és kamatjellegű bevételek','1','2',NULL),('3811','Pénztár','1','1',NULL),('3812','Elektronikus pénzeszközök','1','1',NULL),('3854','Imp.fedezetre elkül. pénzeszk. 57600101-11065625','1','1',NULL),('3858','HEFOP-angol nyelvi képzés 57600101-11082242','1','1',NULL),('3861','Lekötetlen devizabetét (GBP) 11501000-40730804','1','1',NULL),('3864','Lekötött devizabetét (GBP) 11501000-40738060','1','1',NULL),('3868','Belf. pénzforgalmi látraszóló devizaszámla (EUR)','1','1',NULL),('4144','Fejlesztési tartalék','1','1',NULL),('4541','Belföldi szállítók','1','1',NULL),('4542','Külföldi szállítók','1','1',NULL),('4543','Belföldi szolgáltatók','1','1',NULL),('4611','Társasági adó elszámolása (erre könyvelünk)','1','1',NULL),('4612','Társas vállalkozás különadója (erre könyvelünk)','1','1',NULL),('4634','Egészségügyi hozzájárulás','1','1',NULL),('4639','Szakképzési hozzájárulás','1','1',NULL),('4695','Helyi iparűzési adó elszámolási számla','1','1',NULL),('4696','Gépjárműadó','1','1',NULL),('4699','Egyéb helyi adók','1','1',NULL),('4743','Környezetvédelmi termékdíj','1','1',NULL),('4791','Biztosító intézetekkel szembeni kötelezettségek','1','1',NULL),('5111','Felhasznált anyagok költségei','1','2',NULL),('5113','Üzemanyag költségek','1','2',NULL),('5116','Nyomtatványok, irodaszerek költségei','1','2',NULL),('5271','Telefonköltség','1','2',NULL),('5272','Internet-költségek','1','2',NULL),('5273','Postaköltség','1','2',NULL),('5295','Hirdetés, reklám költségei','1','2',NULL),('5296','Oktatás és továbbképzés költségei','1','2',NULL),('5299','Egyéb igénybevett szolgáltatások költségei','1','2',NULL),('5391','Könyvviteli szolgáltatás költsége','1','2',NULL),('5392','Számítógéppel kapcsolatos költségek','1','2',NULL),('5393','Reprezentációs költségek','1','2',NULL),('5394','Szoftverfejlesztés','1','2',NULL),('5399','Egyéb költségek','1','2',NULL),('5511','Étkezési hozzájárulás','1','2',NULL),('8632','Bírság, kötbér, késedelmi kamat','1','2',NULL),('8672','Önkormányzatokkal elszámolt adók','','2',NULL),('8752','Értékpapírok beváltásának árfolyamvesztesége','1','2',NULL),('8761','Deviza forintra átváltásának árfolyamvesztesége','1','2',NULL),('9752','Értékpapír beváltásának árfolyamnyeresége','1','2',NULL),('9761','Deviza átváltásának árfolyamnyeresége','1','2',NULL),('38512','Fix lekötésű betét (HUF)','1','1',NULL),('46312','Munkaadói járulék','1','1',NULL),('46313','Munkavállalói járulék','1','1',NULL),('46314','Nyugdíjbiztosítási járulék','1','1',NULL),('46315','Egészségbiztosítási járulék','1','1',NULL),('46318','Késedelmi pótlék','1','1',NULL),('51121','IWH segédanyag költségei','1','2',NULL),('51122','EWM segédanyag költségei','1','2',NULL),('51123','GZX segédanyag költségei','1','2',NULL),('51124','LMF685 segédanyag költségei','1','2',NULL),('51131','IWH üzemanyag','1','2',NULL),('51132','EWM üzemanyag','1','2',NULL),('51133','GZX üzemanyag','1','2',NULL),('51134','LMF685 üzemanyag','','2',NULL),('57123','Kisértékű tárgyi eszköz terv sz. é.cs.-i leírása','1','2',NULL),('111111','Szinkronizáció','1','1',NULL),('222222','Szinkronizáció','1','1',NULL),('333333','Szinkronizáció','1','1',NULL),('444444','Szinkronizáció','1','1',NULL),('','','','',NULL);
/*!40000 ALTER TABLE `quotation_tblchartofaccounts` ENABLE KEYS */;
UNLOCK TABLES;

--
-- Table structure for table `quotation_tblcompanies`
--

DROP TABLE IF EXISTS `quotation_tblcompanies`;
/*!40101 SET @saved_cs_client     = @@character_set_client */;
/*!40101 SET character_set_client = utf8 */;
CREATE TABLE `quotation_tblcompanies` (
  `Companyid_tblCompanies` int(11) NOT NULL AUTO_INCREMENT,
  `companyname_tblcompanies` varchar(200) NOT NULL,
  `defaultbackpageidforquotation_tblcompanies` int(11) DEFAULT '2',
  `defaultprefaceidforquotation_tblcompanies` int(11) DEFAULT '2',
  `pcd_tblcompanies` varchar(20) DEFAULT NULL,
  `town_tblcompanies` varchar(55) DEFAULT NULL,
  `address_tblcompanies` text,
  `defaultpaymentid_tblcompanies` int(11) NOT NULL DEFAULT '2',
  PRIMARY KEY (`Companyid_tblCompanies`)
) ENGINE=InnoDB AUTO_INCREMENT=8 DEFAULT CHARSET=utf8;
/*!40101 SET character_set_client = @saved_cs_client */;

--
-- Dumping data for table `quotation_tblcompanies`
--

LOCK TABLES `quotation_tblcompanies` WRITE;
/*!40000 ALTER TABLE `quotation_tblcompanies` DISABLE KEYS */;
INSERT INTO `quotation_tblcompanies` VALUES (1,'Apple Inc.',2,2,'6726','Szeged','Akácfa u. 16.',1),(2,'General Mills',2,2,NULL,'Nebraska',NULL,2),(6,'Company3',2,2,NULL,NULL,NULL,2),(7,'DefaultCompany',2,2,NULL,NULL,NULL,2);
/*!40000 ALTER TABLE `quotation_tblcompanies` ENABLE KEYS */;
UNLOCK TABLES;

--
-- Table structure for table `quotation_tblcontacts`
--

DROP TABLE IF EXISTS `quotation_tblcontacts`;
/*!40101 SET @saved_cs_client     = @@character_set_client */;
/*!40101 SET character_set_client = utf8 */;
CREATE TABLE `quotation_tblcontacts` (
  `Contactid_tblContacts` int(11) NOT NULL AUTO_INCREMENT,
  `firstname_tblcontacts` varchar(200) NOT NULL,
  `lastname_tblcontacts` varchar(200) NOT NULL,
  `Companyid_tblContacts_id` int(11) NOT NULL,
  `title_tblcontacts` varchar(10) DEFAULT NULL,
  `mobile_tblcontacts` varchar(40) DEFAULT NULL,
  `email_tblcontacts` varchar(50) DEFAULT NULL,
  PRIMARY KEY (`Contactid_tblContacts`),
  KEY `quotation_tblcontact_Companyid_tblContact_26be7ab6_fk_quotation` (`Companyid_tblContacts_id`),
  CONSTRAINT `quotation_tblcontact_Companyid_tblContact_26be7ab6_fk_quotation` FOREIGN KEY (`Companyid_tblContacts_id`) REFERENCES `quotation_tblcompanies` (`Companyid_tblCompanies`)
) ENGINE=InnoDB AUTO_INCREMENT=6 DEFAULT CHARSET=utf8;
/*!40101 SET character_set_client = @saved_cs_client */;

--
-- Dumping data for table `quotation_tblcontacts`
--

LOCK TABLES `quotation_tblcontacts` WRITE;
/*!40000 ALTER TABLE `quotation_tblcontacts` DISABLE KEYS */;
INSERT INTO `quotation_tblcontacts` VALUES (1,'Firstname3','Lastname3',6,NULL,NULL,NULL),(2,'firstname2','lastname2',2,NULL,NULL,NULL),(3,'firstname2','lastname2',2,NULL,NULL,NULL),(4,'Steve','Jobs',1,'Mr','+36301111111','szluka.mate@gmail.com'),(5,'Viktor','Szluka',1,'Mr','+3630','szluka.viktor@gmail.com');
/*!40000 ALTER TABLE `quotation_tblcontacts` ENABLE KEYS */;
UNLOCK TABLES;

--
-- Table structure for table `quotation_tblcurrency`
--

DROP TABLE IF EXISTS `quotation_tblcurrency`;
/*!40101 SET @saved_cs_client     = @@character_set_client */;
/*!40101 SET character_set_client = utf8 */;
CREATE TABLE `quotation_tblcurrency` (
  `currencyid_tblcurrency` int(11) NOT NULL AUTO_INCREMENT,
  `currencyisocode_tblcurrency` varchar(10) DEFAULT NULL,
  `currencydescription_tblcurrency` varchar(50) DEFAULT NULL,
  `currencyrate_tblcurrency` float DEFAULT NULL,
  `obsolete_tblcurrency` int(3) NOT NULL DEFAULT '0',
  `creationtime_tblcurrency` timestamp NOT NULL DEFAULT CURRENT_TIMESTAMP,
  `accountcurrency_tblcurrency` int(3) NOT NULL DEFAULT '0',
  PRIMARY KEY (`currencyid_tblcurrency`)
) ENGINE=InnoDB AUTO_INCREMENT=4 DEFAULT CHARSET=utf8;
/*!40101 SET character_set_client = @saved_cs_client */;

--
-- Dumping data for table `quotation_tblcurrency`
--

LOCK TABLES `quotation_tblcurrency` WRITE;
/*!40000 ALTER TABLE `quotation_tblcurrency` DISABLE KEYS */;
INSERT INTO `quotation_tblcurrency` VALUES (1,'HUF','Hungarian Forint',1,0,'2019-02-16 17:04:48',1),(2,'USD','United States Dollar',280,0,'2019-02-16 17:04:48',0),(3,'EUR','European Union Currency',330,0,'2019-02-16 17:04:48',0);
/*!40000 ALTER TABLE `quotation_tblcurrency` ENABLE KEYS */;
UNLOCK TABLES;

--
-- Table structure for table `quotation_tbldoc`
--

DROP TABLE IF EXISTS `quotation_tbldoc`;
/*!40101 SET @saved_cs_client     = @@character_set_client */;
/*!40101 SET character_set_client = utf8 */;
CREATE TABLE `quotation_tbldoc` (
  `Docid_tblDoc` int(11) NOT NULL AUTO_INCREMENT,
  `Pcd_tblDoc` varchar(200) DEFAULT NULL,
  `Town_tblDoc` varchar(200) DEFAULT NULL,
  `Doc_kindid_tblDoc_id` int(11) NOT NULL,
  `Contactid_tblDoc_id` int(11) NOT NULL,
  `companyname_tblcompanies_ctbldoc` varchar(200) DEFAULT NULL,
  `firstname_tblcontacts_ctbldoc` varchar(200) DEFAULT NULL,
  `lastname_tblcontacts_ctbldoc` varchar(200) DEFAULT NULL,
  `creationtime_tbldoc` timestamp NOT NULL DEFAULT CURRENT_TIMESTAMP,
  `prefacetextforquotation_tblprefaceforquotation_ctbldoc` text,
  `obsolete_tbldoc` int(11) NOT NULL DEFAULT '0',
  `backpagetextforquotation_tblbackpageforquotation_ctbldoc` text,
  `prefacespecforquotation_tbldoc` text,
  `subject_tbldoc` varchar(255) DEFAULT NULL,
  `docnumber_tbldoc` int(10) DEFAULT '101',
  `creatorid_tbldoc` int(10) DEFAULT NULL,
  `title_tblcontacts_ctbldoc` varchar(20) DEFAULT NULL,
  `mobile_tblcontacts_ctbldoc` varchar(50) DEFAULT NULL,
  `email_tblcontacts_ctbldoc` varchar(50) DEFAULT NULL,
  `pcd_tblcompanies_ctbldoc` varchar(20) DEFAULT NULL,
  `town_tblcompanies_ctbldoc` varchar(55) DEFAULT NULL,
  `address_tblcompanies_ctbldoc` text,
  `total_tbldoc` varchar(10) NOT NULL DEFAULT 'Total_off',
  `deliverydays_tbldoc` int(3) DEFAULT NULL,
  `paymenttextforquotation_tblpayment_ctbldoc` text,
  `currencycodeinreport_tbldoc` varchar(3) DEFAULT 'HUF',
  `currencyrateinreport_tbldoc` float DEFAULT '1',
  `doclinkparentid_tbldoc` int(11) DEFAULT NULL,
  `accountcurrencycode_tbldoc` varchar(5) DEFAULT NULL,
  `debitaccountid_tbldoc` varchar(10) DEFAULT NULL,
  `creditaccountid_tbldoc` varchar(10) DEFAULT NULL,
  `accountvalue_tbldoc` float DEFAULT NULL,
  `accountduedate_tbldoc` date DEFAULT NULL,
  `emailbodytextmodifiedbyuser_tbldoc` longtext,
  PRIMARY KEY (`Docid_tblDoc`),
  KEY `quotation_tbldoc_Doc_kindid_tblDoc_id_844f8ed6_fk_quotation` (`Doc_kindid_tblDoc_id`),
  KEY `quotation_tbldoc_Contactid_tblDoc_id_0de2ee97_fk_quotation` (`Contactid_tblDoc_id`),
  CONSTRAINT `quotation_tbldoc_Contactid_tblDoc_id_0de2ee97_fk_quotation` FOREIGN KEY (`Contactid_tblDoc_id`) REFERENCES `quotation_tblcontacts` (`Contactid_tblContacts`),
  CONSTRAINT `quotation_tbldoc_Doc_kindid_tblDoc_id_844f8ed6_fk_quotation` FOREIGN KEY (`Doc_kindid_tblDoc_id`) REFERENCES `quotation_tbldoc_kind` (`Doc_kindid_tblDoc_kind`)
) ENGINE=InnoDB AUTO_INCREMENT=120 DEFAULT CHARSET=utf8;
/*!40101 SET character_set_client = @saved_cs_client */;

--
-- Dumping data for table `quotation_tbldoc`
--

LOCK TABLES `quotation_tbldoc` WRITE;
/*!40000 ALTER TABLE `quotation_tbldoc` DISABLE KEYS */;
INSERT INTO `quotation_tbldoc` VALUES (1,'6726','Szeged',1,4,'Apple Inc.','Steve','Jobs','2018-12-12 16:47:30','gf456',0,'na','prefacespecs\r\n','na665',77,NULL,'Mr.','+36301111111','j@v.com','6726','Szeged','Akácfa u. 16.','Total_On',NULL,NULL,NULL,NULL,NULL,'',NULL,NULL,NULL,NULL,NULL),(2,'7777','Pécs',1,3,'Company2','firstname2','lastname2','2018-12-12 16:47:30','',1,NULL,'',NULL,NULL,NULL,NULL,NULL,NULL,'',NULL,NULL,'0',NULL,NULL,NULL,NULL,NULL,'',NULL,NULL,NULL,NULL,NULL),(3,'9999','Győr',1,4,'Company1','Firstname1','Lastname1','2018-12-12 16:47:30','',1,NULL,'',NULL,NULL,NULL,NULL,NULL,NULL,'',NULL,NULL,'0',NULL,NULL,NULL,NULL,NULL,'',NULL,NULL,NULL,NULL,NULL),(4,'5555','Békéscsaba',2,1,NULL,NULL,NULL,'2018-12-12 16:47:30','',0,NULL,'',NULL,NULL,NULL,NULL,NULL,NULL,'',NULL,NULL,'0',NULL,NULL,NULL,NULL,NULL,'',NULL,NULL,NULL,NULL,NULL),(5,'4444','Nyíregyháza',3,1,NULL,NULL,NULL,'2018-12-12 16:47:30','',1,NULL,'',NULL,NULL,NULL,NULL,NULL,NULL,'',NULL,NULL,'0',NULL,NULL,NULL,NULL,NULL,'',NULL,NULL,NULL,NULL,NULL),(6,'3333','Eger',3,1,NULL,NULL,NULL,'2018-12-12 16:47:30','',1,NULL,'',NULL,NULL,NULL,NULL,NULL,NULL,'',NULL,NULL,'0',NULL,NULL,NULL,NULL,NULL,'',NULL,NULL,NULL,NULL,NULL),(9,NULL,NULL,1,2,NULL,NULL,NULL,'2018-12-12 16:47:30','',1,NULL,'',NULL,NULL,NULL,NULL,NULL,NULL,'',NULL,NULL,'0',NULL,NULL,NULL,NULL,NULL,'',NULL,NULL,NULL,NULL,NULL),(10,NULL,NULL,1,4,NULL,NULL,NULL,'2019-01-29 12:34:46',NULL,1,NULL,'',NULL,NULL,NULL,NULL,NULL,NULL,'',NULL,NULL,'0',NULL,NULL,NULL,NULL,NULL,'',NULL,NULL,NULL,NULL,NULL),(11,NULL,NULL,1,4,NULL,NULL,NULL,'2019-01-29 12:36:44',NULL,1,NULL,'',NULL,NULL,NULL,NULL,NULL,NULL,'',NULL,NULL,'0',NULL,NULL,NULL,NULL,NULL,'',NULL,NULL,NULL,NULL,NULL),(12,NULL,NULL,1,4,NULL,NULL,NULL,'2019-01-29 12:37:37',NULL,1,NULL,'',NULL,NULL,NULL,NULL,NULL,NULL,'',NULL,NULL,'0',NULL,NULL,NULL,NULL,NULL,'',NULL,NULL,NULL,NULL,NULL),(13,NULL,NULL,1,4,NULL,NULL,NULL,'2019-01-29 13:20:57',NULL,1,NULL,'',NULL,NULL,NULL,NULL,NULL,NULL,'',NULL,NULL,'0',NULL,NULL,NULL,NULL,NULL,'',NULL,NULL,NULL,NULL,NULL),(14,NULL,NULL,1,4,NULL,NULL,NULL,'2019-01-29 13:23:12',NULL,1,NULL,'',NULL,NULL,NULL,NULL,NULL,NULL,'',NULL,NULL,'0',NULL,NULL,NULL,NULL,NULL,'',NULL,NULL,NULL,NULL,NULL),(15,NULL,NULL,1,4,NULL,NULL,NULL,'2019-01-29 13:25:31',NULL,1,NULL,'',NULL,NULL,NULL,NULL,NULL,NULL,'',NULL,NULL,'0',NULL,NULL,NULL,NULL,NULL,'',NULL,NULL,NULL,NULL,NULL),(16,NULL,NULL,1,4,'Apple Inc.','Steve','Jobs','2019-01-29 13:42:01',NULL,1,NULL,'',NULL,NULL,NULL,NULL,NULL,NULL,'',NULL,NULL,'0',NULL,NULL,NULL,NULL,NULL,'',NULL,NULL,NULL,NULL,NULL),(17,NULL,NULL,1,4,NULL,NULL,NULL,'2019-01-30 13:40:33',NULL,1,NULL,'',NULL,NULL,NULL,NULL,NULL,NULL,'',NULL,NULL,'0',NULL,NULL,NULL,NULL,NULL,'',NULL,NULL,NULL,NULL,NULL),(18,NULL,NULL,1,4,'Apple Inc.','Steve','Jobs','2019-01-30 13:41:16',NULL,1,NULL,'',NULL,NULL,NULL,NULL,NULL,NULL,'',NULL,NULL,'0',NULL,NULL,NULL,NULL,NULL,'',NULL,NULL,NULL,NULL,NULL),(19,NULL,NULL,1,4,'Apple Inc.','Steve','Jobs','2019-01-30 16:40:04','Thank you for your inquery.',1,'Backpage text1','',NULL,NULL,NULL,NULL,NULL,NULL,'',NULL,NULL,'0',NULL,NULL,NULL,NULL,NULL,'',NULL,NULL,NULL,NULL,NULL),(20,NULL,NULL,1,4,'Apple Inc.','Steve','Jobs','2019-01-30 16:44:03','Thank you for your inquery.',1,'Backpage text1','',NULL,NULL,NULL,NULL,NULL,NULL,'',NULL,NULL,'0',NULL,NULL,NULL,NULL,NULL,'',NULL,NULL,NULL,NULL,NULL),(21,NULL,NULL,1,2,'General Mills','firstname2','lastname2','2019-01-30 16:47:39','Thank you for your inquery.',1,'Backpage text1','',NULL,NULL,NULL,NULL,NULL,NULL,'',NULL,NULL,'0',NULL,NULL,NULL,NULL,NULL,'',NULL,NULL,NULL,NULL,NULL),(22,NULL,NULL,1,4,'Apple Inc.','Steve','Jobs','2019-01-30 17:29:39','Thank you for your inquery.',1,'Backpage text1','',NULL,NULL,NULL,NULL,NULL,NULL,'',NULL,NULL,'0',NULL,NULL,NULL,NULL,NULL,'',NULL,NULL,NULL,NULL,NULL),(23,NULL,NULL,1,4,'Apple Inc.','Steve','Jobs','2019-01-30 17:30:03','Thank you for your inquery.',0,'Backpage text1','',NULL,NULL,NULL,NULL,NULL,NULL,'',NULL,NULL,'0',NULL,NULL,NULL,NULL,NULL,'',NULL,NULL,NULL,NULL,NULL),(24,NULL,NULL,1,4,'Apple Inc.','Steve','Jobs','2019-02-03 20:38:44','								t\r\n								',1,'Backpage text2','',NULL,NULL,NULL,NULL,NULL,NULL,'',NULL,NULL,'0',NULL,NULL,NULL,NULL,NULL,'',NULL,NULL,NULL,NULL,NULL),(25,NULL,NULL,1,4,'Apple Inc.','Steve','Jobs','2019-02-04 11:43:07','New1text',1,'Backpage text2','',NULL,NULL,NULL,NULL,NULL,NULL,'',NULL,NULL,'0',NULL,NULL,NULL,NULL,NULL,'',NULL,NULL,NULL,NULL,NULL),(26,NULL,NULL,1,4,'Apple Inc.','Steve','Jobs','2019-02-04 11:45:20','New1text',1,'Backpage text2','',NULL,NULL,NULL,NULL,NULL,NULL,'',NULL,NULL,'0',NULL,NULL,NULL,NULL,NULL,'',NULL,NULL,NULL,NULL,NULL),(27,NULL,NULL,1,4,'Apple Inc.','Steve','Jobs','2019-02-04 15:17:16','New1text',1,'Backpage text2',NULL,NULL,NULL,NULL,NULL,NULL,NULL,'',NULL,NULL,'0',NULL,NULL,NULL,NULL,NULL,'',NULL,NULL,NULL,NULL,NULL),(28,NULL,NULL,1,4,'Apple Inc.','Steve','Jobs','2019-02-04 15:22:22','New1text',1,'Backpage text2','Backpage text23',NULL,NULL,NULL,NULL,NULL,NULL,'',NULL,NULL,'0',NULL,NULL,NULL,NULL,NULL,'',NULL,NULL,NULL,NULL,NULL),(29,NULL,NULL,1,4,'Apple Inc.','Steve','Jobs','2019-02-04 15:32:56','New1text',1,'Backpage text2','t','s',NULL,NULL,NULL,NULL,NULL,'',NULL,NULL,'0',NULL,NULL,NULL,NULL,NULL,'',NULL,NULL,NULL,NULL,NULL),(30,NULL,NULL,1,4,'Apple Inc.','Steve','Jobs','2019-02-04 15:39:28','Thank you for your inquery.\r\n\r\nWe wait your feedback or any question connection to quotation.\r\n\r\n\r\n\r\n',1,'Backpage text2','Given data:\n\nHP 6200\nCisco 6521','Technical and cost quotation',NULL,NULL,NULL,NULL,NULL,'',NULL,NULL,'0',NULL,NULL,NULL,NULL,NULL,'',NULL,NULL,NULL,NULL,NULL),(31,NULL,NULL,1,4,'Apple Inc.','Steve','Jobs','2019-02-04 16:39:59','Thank you for your inquery.\r\nAs you requested we send our quotation for your kind information.\r\nWe wait your feedback or any question connection to quotation.\r\nWe hope you will be satisfied our service and we can serve your need in the future again.\r\n\r\nYou can see our reference projects on site www.example.com in point refererence (here is the link).\r\n\r\nIn the order please reference to our quotation number. ({{ link }}\r\n\r\n\r\n\r\n\r\n',1,'Backpage text2','33333333333\n\n\n34\n\n222222222222222','Cisco programming',NULL,NULL,NULL,NULL,NULL,'',NULL,NULL,'0',NULL,NULL,NULL,NULL,NULL,'',NULL,NULL,NULL,NULL,NULL),(32,NULL,NULL,1,4,'Apple Inc.','Steve','Jobs','2019-02-05 10:03:05','Thank you for your inquery.\r\nAs you requested we send our quotation for your kind information.\r\nWe wait your feedback or any question connection to quotation.\r\nWe hope you will be satisfied our service and we can serve your need in the future again.\r\n\r\nYou can see our reference projects on site www.example.com in point refererence (here is the link).\r\n\r\nIn the order please reference to our quotation number. ({{ link }}\r\n\r\n\r\n\r\n\r\n',1,'Backpage text2',NULL,NULL,78,NULL,NULL,NULL,NULL,'',NULL,NULL,'0',NULL,NULL,NULL,NULL,NULL,'',NULL,NULL,NULL,NULL,NULL),(33,NULL,NULL,1,4,'Apple Inc.','Steve','Jobs','2019-02-05 15:43:30','Thank you for your inquery.\r\nAs you requested we send our quotation for your kind information.\r\nWe wait your feedback or any question connection to quotation.\r\nWe hope you will be satisfied our service and we can serve your need in the future again.\r\n\r\nYou can see our reference projects on site www.example.com in point refererence (here is the link).\r\n\r\nIn the order please reference to our quotation number. ({{ link }}\r\n\r\n\r\n\r\n\r\n',1,'Backpage text2',NULL,NULL,1,79,NULL,NULL,NULL,'',NULL,NULL,'0',NULL,NULL,NULL,NULL,NULL,'',NULL,NULL,NULL,NULL,NULL),(34,NULL,NULL,1,4,'Apple Inc.','Steve','Jobs','2019-02-05 15:44:11','Thank you for your inquery.\r\nAs you requested we send our quotation for your kind information.\r\nWe wait your feedback or any question connection to quotation.\r\nWe hope you will be satisfied our service and we can serve your need in the future again.\r\n\r\nYou can see our reference projects on site www.example.com in point refererence (here is the link).\r\n\r\nIn the order please reference to our quotation number. ({{ link }}\r\n\r\n\r\n\r\n\r\n',1,'Backpage text2',NULL,NULL,1,79,NULL,NULL,NULL,'',NULL,NULL,'0',NULL,NULL,NULL,NULL,NULL,'',NULL,NULL,NULL,NULL,NULL),(35,NULL,NULL,1,4,'Apple Inc.','Steve','Jobs','2019-02-05 15:46:28','Thank you for your inquery.\r\nAs you requested we send our quotation for your kind information.\r\nWe wait your feedback or any question connection to quotation.\r\nWe hope you will be satisfied our service and we can serve your need in the future again.\r\n\r\nYou can see our reference projects on site www.example.com in point refererence (here is the link).\r\n\r\nIn the order please reference to our quotation number. ({{ link }}\r\n\r\n\r\n\r\n\r\n',1,'Backpage text2',NULL,NULL,1,79,NULL,NULL,NULL,'',NULL,NULL,'0',NULL,NULL,NULL,NULL,NULL,'',NULL,NULL,NULL,NULL,NULL),(36,NULL,NULL,1,4,'Apple Inc.','Steve','Jobs','2019-02-05 15:50:03','Thank you for your inquery.\r\nAs you requested we send our quotation for your kind information.\r\nWe wait your feedback or any question connection to quotation.\r\nWe hope you will be satisfied our service and we can serve your need in the future again.\r\n\r\nYou can see our reference projects on site www.example.com in point refererence (here is the link).\r\n\r\nIn the order please reference to our quotation number. ({{ link }}\r\n\r\n\r\n\r\n\r\n',1,'Backpage text2',NULL,NULL,79,1,NULL,NULL,NULL,'',NULL,NULL,'0',NULL,NULL,NULL,NULL,NULL,'',NULL,NULL,NULL,NULL,NULL),(37,NULL,NULL,1,4,'Apple Inc.','Steve','Jobs','2019-02-05 16:25:25','Thank you for your inquery.\r\nAs you requested we send our quotation for your kind information.\r\nWe wait your feedback or any question connection to quotation.\r\nWe hope you will be satisfied our service and we can serve your need in the future again.\r\n\r\nYou can see our reference projects on site www.example.com in point refererence (here is the link).\r\n\r\nIn the order please reference to our quotation number. ({{ link }}\r\n\r\n\r\n\r\n\r\n',1,'Backpage text2',NULL,NULL,80,1,NULL,NULL,NULL,'',NULL,NULL,'0',NULL,NULL,NULL,NULL,NULL,'',NULL,NULL,NULL,NULL,NULL),(38,NULL,NULL,1,4,'Apple Inc.','Steve','Jobs','2019-02-05 16:27:11','Thank you for your inquery.\r\nAs you requested we send our quotation for your kind information.\r\nWe wait your feedback or any question connection to quotation.\r\nWe hope you will be satisfied our service and we can serve your need in the future again.\r\n\r\nYou can see our reference projects on site www.example.com in point refererence (here is the link).\r\n\r\nIn the order please reference to our quotation number. ({{ link }}\r\n\r\n\r\n\r\n\r\n',1,'Backpage text2',NULL,NULL,81,1,NULL,NULL,NULL,'',NULL,NULL,'0',NULL,NULL,NULL,NULL,NULL,'',NULL,NULL,NULL,NULL,NULL),(39,NULL,NULL,1,4,'Apple Inc.','Steve','Jobs','2019-02-05 16:27:47','Thank you for your inquery.\r\nAs you requested we send our quotation for your kind information.\r\nWe wait your feedback or any question connection to quotation.\r\nWe hope you will be satisfied our service and we can serve your need in the future again.\r\n\r\nYou can see our reference projects on site www.example.com in point refererence (here is the link).\r\n\r\nIn the order please reference to our quotation number. ({{ link }}\r\n\r\n\r\n\r\n\r\n',1,'Backpage text2',NULL,NULL,82,1,NULL,NULL,NULL,'',NULL,NULL,'0',NULL,NULL,NULL,NULL,NULL,'',NULL,NULL,NULL,NULL,NULL),(40,NULL,NULL,1,4,'Apple Inc.','Steve','Jobs','2019-02-05 16:29:04','Thank you for your inquery.\r\nAs you requested we send our quotation for your kind information.\r\nWe wait your feedback or any question connection to quotation.\r\nWe hope you will be satisfied our service and we can serve your need in the future again.\r\n\r\nYou can see our reference projects on site www.example.com in point refererence (here is the link).\r\n\r\nIn the order please reference to our quotation number. ({{ link }}\r\n\r\n\r\n\r\n\r\n',1,'Backpage text2',NULL,NULL,83,1,NULL,NULL,NULL,'',NULL,NULL,'0',NULL,NULL,NULL,NULL,NULL,'',NULL,NULL,NULL,NULL,NULL),(41,NULL,NULL,1,4,'Apple Inc.','Steve','Jobs','2019-02-05 16:31:08','Thank you for your inquery.\r\nAs you requested we send our quotation for your kind information.\r\nWe wait your feedback or any question connection to quotation.\r\nWe hope you will be satisfied our service and we can serve your need in the future again.\r\n\r\nYou can see our reference projects on site www.example.com in point refererence (here is the link).\r\n\r\nIn the order please reference to our quotation number. ({{ link }}\r\n\r\n\r\n\r\n\r\n',1,'Backpage text2',NULL,NULL,84,1,NULL,NULL,NULL,'',NULL,NULL,'0',NULL,NULL,NULL,NULL,NULL,'',NULL,NULL,NULL,NULL,NULL),(42,NULL,NULL,1,4,'Apple Inc.','Steve','Jobs','2019-02-05 16:31:52','Thank you for your inquery.\r\nAs you requested we send our quotation for your kind information.\r\nWe wait your feedback or any question connection to quotation.\r\nWe hope you will be satisfied our service and we can serve your need in the future again.\r\n\r\nYou can see our reference projects on site www.example.com in point refererence (here is the link).\r\n\r\nIn the order please reference to our quotation number. ({{ link }}\r\n\r\n\r\n\r\n\r\n',1,'Backpage text2',NULL,NULL,85,1,NULL,NULL,NULL,'',NULL,NULL,'0',NULL,NULL,NULL,NULL,NULL,'',NULL,NULL,NULL,NULL,NULL),(43,NULL,NULL,1,4,'Apple Inc.','Steve','Jobs','2019-02-05 16:37:19','Thank you for your inquery.\r\nAs you requested we send our quotation for your kind information.\r\nWe wait your feedback or any question connection to quotation.\r\nWe hope you will be satisfied our service and we can serve your need in the future again.\r\n\r\nYou can see our reference projects on site www.example.com in point refererence (here is the link).\r\n\r\nIn the order please reference to our quotation number. ({{ link }}\r\n\r\n\r\n\r\n\r\n',1,'Backpage text2',NULL,NULL,86,1,NULL,NULL,NULL,'',NULL,NULL,'0',NULL,NULL,NULL,NULL,NULL,'',NULL,NULL,NULL,NULL,NULL),(44,NULL,NULL,1,4,'Apple Inc.','Steve','Jobs','2019-02-05 16:41:59','Thank you for your inquery.\r\nAs you requested we send our quotation for your kind information.\r\nWe wait your feedback or any question connection to quotation.\r\nWe hope you will be satisfied our service and we can serve your need in the future again.\r\n\r\nYou can see our reference projects on site www.example.com in point refererence (here is the link).\r\n\r\nIn the order please reference to our quotation number. ({{ link }}\r\n\r\n\r\n\r\n\r\n',1,'Backpage text2',NULL,NULL,87,1,NULL,NULL,NULL,'',NULL,NULL,'0',NULL,NULL,NULL,NULL,NULL,'',NULL,NULL,NULL,NULL,NULL),(45,NULL,NULL,1,4,'Apple Inc.','Steve','Jobs','2019-02-05 16:48:43','Thank you for your inquery.\r\nAs you requested we send our quotation for your kind information.\r\nWe wait your feedback or any question connection to quotation.\r\nWe hope you will be satisfied our service and we can serve your need in the future again.\r\n\r\nYou can see our reference projects on site www.example.com in point refererence (here is the link).\r\n\r\nIn the order please reference to our quotation number. ({{ link }}\r\n\r\n\r\n\r\n\r\n',1,'Backpage text2',NULL,NULL,88,1,NULL,NULL,NULL,'',NULL,NULL,'0',NULL,NULL,NULL,NULL,NULL,'',NULL,NULL,NULL,NULL,NULL),(46,NULL,NULL,1,4,'Apple Inc.','Steve','Jobs','2019-02-05 17:25:10','Thank you for your inquery.\r\nAs you requested we send our quotation for your kind information.\r\nWe wait your feedback or any question connection to quotation.\r\nWe hope you will be satisfied our service and we can serve your need in the future again.\r\n\r\nYou can see our reference projects on site www.example.com in point refererence (here is the link).\r\n\r\nIn the order please reference to our quotation number. ({{ link }}\r\n\r\n\r\n\r\n\r\n',1,'Backpage text2',NULL,NULL,89,3,NULL,NULL,NULL,'',NULL,NULL,'0',NULL,NULL,NULL,NULL,NULL,'',NULL,NULL,NULL,NULL,NULL),(47,NULL,NULL,1,4,'Apple Inc.','Steve','Jobs','2019-02-05 17:49:21','Thank you for your inquery.\r\nAs you requested we send our quotation for your kind information.\r\nWe wait your feedback or any question connection to quotation.\r\nWe hope you will be satisfied our service and we can serve your need in the future again.\r\n\r\nYou can see our reference projects on site www.example.com in point refererence (here is the link).\r\n\r\nIn the order please reference to our quotation number. ({{ link }}\r\n\r\n\r\n\r\n\r\n',1,'Backpage text2',NULL,NULL,90,1,NULL,NULL,NULL,'',NULL,NULL,'0',NULL,NULL,NULL,NULL,NULL,'',NULL,NULL,NULL,NULL,NULL),(48,NULL,NULL,1,4,'Apple Inc.','Steve','Jobs','2019-02-06 09:30:17','Thank you for your inquery.\r\nAs you requested we send our quotation for your kind information.\r\nWe wait your feedback or any question connection to quotation.\r\nWe hope you will be satisfied our service and we can serve your need in the future again.\r\n\r\nYou can see our reference projects on site www.example.com in point refererence (here is the link).\r\n\r\nIn the order please reference to our quotation number. ({{ link }}\r\n\r\n\r\n\r\n\r\n',1,'Backpage text2\n<p>na</p>','Nonessr',NULL,91,1,'Mr.','+36301111111','j@v.com','6726','Szeged','Akácfa u. 16.','Total_On',NULL,NULL,NULL,NULL,NULL,'',NULL,NULL,NULL,NULL,NULL),(49,NULL,NULL,1,4,'Apple Inc.','Steve','Jobs','2019-02-10 10:53:27','Thank you for your inquery.\r\nAs you requested we send our quotation for your kind information.\r\nWe wait your feedback or any question connection to quotation.\r\nWe hope you will be satisfied our service and we can serve your need in the future again.\r\n\r\nYou can see our reference projects on site www.example.com in point refererence (here is the link).\r\n\r\nIn the order please reference to our quotation number. ({{ link }}\r\n\r\n\r\n\r\n\r\n',1,'Backpage text2',NULL,NULL,92,1,'Mr.','+36301111111','j@v.com','6726','Szeged','Akácfa u. 16.','Total_off',NULL,NULL,NULL,NULL,NULL,'',NULL,NULL,NULL,NULL,NULL),(50,NULL,NULL,1,4,'Apple Inc.','Steve','Jobs','2019-02-10 17:22:45','Thank you for your inquery.\r\nAs you requested we send our quotation for your kind information.\r\nWe wait your feedback or any question connection to quotation.\r\nWe hope you will be satisfied our service and we can serve your need in the future again.\r\n\r\nYou can see our reference projects on site www.example.com in point refererence (here is the link).\r\n\r\nIn the order please reference to our quotation number. ({{ link }}\r\n\r\n\r\n\r\n\r\n',1,'Delivery date: <span style=\"color : red;\">data1</span><br> days from date of quotation. {{ doc.0.4}}',NULL,NULL,93,1,'Mr.','+36301111111','j@v.com','6726','Szeged','Akácfa u. 16.','Total_off',30,NULL,NULL,NULL,NULL,'',NULL,NULL,NULL,NULL,NULL),(51,NULL,NULL,1,4,'Apple Inc.','Steve','Jobs','2019-02-14 16:21:46','Thank you for your inquery.\r\nAs you requested we send our quotation for your kind information.\r\nWe wait your feedback or any question connection to quotation.\r\nWe hope you will be satisfied our service and we can serve your need in the future again.\r\n\r\nYou can see our reference projects on site www.example.com in point refererence (here is the link).\r\n\r\nIn the order please reference to our quotation number. ({{ link }}\r\n\r\n\r\n\r\n\r\n',1,'Delivery date: <span style=\"color : red;\">data1</span><br> days from date of quotation. {{ doc.0.4}}',NULL,NULL,94,1,'Mr.','+36301111111','j@v.com','6726','Szeged','Akácfa u. 16.','Total_off',NULL,NULL,NULL,NULL,NULL,'',NULL,NULL,NULL,NULL,NULL),(52,NULL,NULL,1,4,'Apple Inc.','Steve','Jobs','2019-02-14 16:22:39','Thank you for your inquery.\r\nAs you requested we send our quotation for your kind information.\r\nWe wait your feedback or any question connection to quotation.\r\nWe hope you will be satisfied our service and we can serve your need in the future again.\r\n\r\nYou can see our reference projects on site www.example.com in point refererence (here is the link).\r\n\r\nIn the order please reference to our quotation number. ({{ link }}\r\n\r\n\r\n\r\n\r\n',1,'Backpage text222222222',NULL,NULL,95,1,'Mr.','+36301111111','j@v.com','6726','Szeged','Akácfa u. 16.','Total_off',NULL,NULL,NULL,NULL,NULL,'',NULL,NULL,NULL,NULL,NULL),(53,NULL,NULL,1,4,'Apple Inc.','Steve','Jobs','2019-02-14 16:23:29','Thank you for your inquery.\r\nAs you requested we send our quotation for your kind information.\r\nWe wait your feedback or any question connection to quotation.\r\nWe hope you will be satisfied our service and we can serve your need in the future again.\r\n\r\nYou can see our reference projects on site www.example.com in point refererence (here is the link).\r\n\r\nIn the order please reference to our quotation number. ({{ link }}\r\n\r\n\r\n\r\n\r\n',1,'Backpage text222222222',NULL,NULL,96,1,'Mr.','+36301111111','j@v.com','6726','Szeged','Akácfa u. 16.','Total_off',NULL,NULL,NULL,NULL,NULL,'',NULL,NULL,NULL,NULL,NULL),(54,NULL,NULL,1,4,'Apple Inc.','Steve','Jobs','2019-02-14 16:24:43','Thank you for your inquery.\r\nAs you requested we send our quotation for your kind information.\r\nWe wait your feedback or any question connection to quotation.\r\nWe hope you will be satisfied our service and we can serve your need in the future again.\r\n\r\nYou can see our reference projects on site www.example.com in point refererence (here is the link).\r\n\r\nIn the order please reference to our quotation number. ({{ link }}\r\n\r\n\r\n\r\n\r\n',1,'Delivery date: <span style=\"color : red;\">data1</span><br> days from date of quotation. {{ doc.0.4}}',NULL,NULL,97,1,'Mr.','+36301111111','j@v.com','6726','Szeged','Akácfa u. 16.','Total_off',NULL,NULL,NULL,NULL,NULL,'',NULL,NULL,NULL,NULL,NULL),(55,NULL,NULL,1,4,'Apple Inc.','Steve','Jobs','2019-02-14 21:01:22','Thank you for your inquery.\r\nAs you requested we send our quotation for your kind information.\r\nWe wait your feedback or any question connection to quotation.\r\nWe hope you will be satisfied our service and we can serve your need in the future again.\r\n\r\nYou can see our reference projects on site www.example.com in point refererence (here is the link).\r\n\r\nIn the order please reference to our quotation number. ({{ link }}\r\n\r\n\r\n\r\n\r\n',1,'Delivery date: <span style=\"color : red;\">data1</span><br> days from date of quotation. {{ doc.0.4}}',NULL,NULL,98,1,'Mr.','+36301111111','j@v.com','6726','Szeged','Akácfa u. 16.','Total_off',NULL,NULL,NULL,NULL,NULL,'',NULL,NULL,NULL,NULL,NULL),(56,NULL,NULL,1,4,'Apple Inc.','Steve','Jobs','2019-02-14 21:39:33','Thank you for your inquery.\r\nAs you requested we send our quotation for your kind information.\r\nWe wait your feedback or any question connection to quotation.\r\nWe hope you will be satisfied our service and we can serve your need in the future again.\r\n\r\nYou can see our reference projects on site www.example.com in point refererence (here is the link).\r\n\r\nIn the order please reference to our quotation number. ({{ link }}\r\n\r\n\r\n\r\n\r\n',1,'Delivery date: <span style=\"color : red;\">data1</span><br> days from date of quotation. {{ doc.0.4}}',NULL,NULL,99,1,'Mr.','+36301111111','j@v.com','6726','Szeged','Akácfa u. 16.','Total_On',NULL,'Wire transfer after due date 8 days',NULL,NULL,NULL,'',NULL,NULL,NULL,NULL,NULL),(57,NULL,NULL,1,4,'Apple Inc.','Steve','Jobs','2019-02-15 17:15:59','Thank you for your inquery.\r\nAs you requested we send our quotation for your kind information.\r\nWe wait your feedback or any question connection to quotation.\r\nWe hope you will be satisfied our service and we can serve your need in the future again.\r\n\r\nYou can see our reference projects on site www.example.com in point refererence (here is the link).\r\n\r\nIn the order please reference to our quotation number. ({{ link }}\r\n\r\n\r\n\r\n\r\n',1,'<p>Quotation validity: 30 calendar days from date of quotation.</p>\n<p>Delivery date: data1 calendar days maximum from date of order.</p>\n<p>Payment conditions: data2</p>\n',NULL,NULL,100,1,'Mr.','+36301111111','j@v.com','6726','Szeged','Akácfa u. 16.','Total_On',30,'Wire transfer after due date 8 days','EUR',320,NULL,'',NULL,NULL,NULL,NULL,NULL),(58,NULL,NULL,1,4,'Apple Inc.','Steve','Jobs','2019-02-17 20:12:34','Thank you for your inquery.\r\nAs you requested we send our quotation for your kind information.\r\nWe wait your feedback or any question connection to quotation.\r\nWe hope you will be satisfied our service and we can serve your need in the future again.\r\n\r\nYou can see our reference projects on site www.example.com in point refererence (here is the link).\r\n\r\nIn the order please reference to our quotation number. ({{ link }}\r\n\r\n\r\n\r\n\r\n',1,'<p>Quotation validity: 30 calendar days from date of quotation.</p>\r\n<p>Delivery date: data1 calendar days maximum from date of order.</p>\r\n<p>Payment conditions: data2</p>\r\n',NULL,NULL,101,1,'Mr.','+36301111111','j@v.com','6726','Szeged','Akácfa u. 16.','Total_off',NULL,'Wire transfer after due date 8 days','HUF',1,NULL,'',NULL,NULL,NULL,NULL,NULL),(59,NULL,NULL,1,4,'Apple Inc.','Steve','Jobs','2019-02-17 20:28:01','Thank you for your inquery.\r\nAs you requested we send our quotation for your kind information.\r\nWe wait your feedback or any question connection to quotation.\r\nWe hope you will be satisfied our service and we can serve your need in the future again.\r\n\r\nYou can see our reference projects on site www.example.com in point refererence (here is the link).\r\n\r\nIn the order please reference to our quotation number. ({{ link }}\r\n\r\n\r\n\r\n\r\n',0,'<p>Quotation validity: 30 calendar days from date of quotation.</p>\r\n<p>Delivery date: data1 calendar days maximum from date of order.</p>\r\n<p>Payment conditions: data2</p>\r\n',NULL,NULL,102,1,'Mr.','+36301111111','j@v.com','6726','Szeged','Akácfa u. 16.','Total_On',NULL,'Wire transfer after due date 8 days','USD',280,NULL,'',NULL,NULL,NULL,NULL,NULL),(60,NULL,NULL,1,4,'Apple Inc.','Steve','Jobs','2019-02-18 15:07:24','Thank you for your inquery.\r\nAs you requested we send our quotation for your kind information.\r\nWe wait your feedback or any question connection to quotation.\r\nWe hope you will be satisfied our service and we can serve your need in the future again.\r\n\r\nYou can see our reference projects on site www.example.com in point refererence (here is the link).\r\n\r\nIn the order please reference to our quotation number. ({{ link }}\r\n\r\n\r\n\r\n\r\n',0,'<p>Quotation validity: 30 calendar days from date of quotation.</p>\r\n<p>Delivery date: data1 calendar days maximum from date of order.</p>\r\n<p>Payment conditions: data2</p>\r\n','uuuuuuuuuu','Levelling',103,1,'Mr','+36301111111','szluka.mate@gmail.com','6726','Szeged','Akácfa u. 16.','Total_On',NULL,'Wire transfer after due date 8 days','USD',290,77,'',NULL,NULL,NULL,NULL,NULL),(61,NULL,NULL,1,4,'Apple Inc.','Steve','Jobs','2019-02-18 20:37:22','Thank you for your inquery.\r\nAs you requested we send our quotation for your kind information.\r\nWe wait your feedback or any question connection to quotation.\r\nWe hope you will be satisfied our service and we can serve your need in the future again.\r\n\r\nYou can see our reference projects on site www.example.com in point refererence (here is the link).\r\n\r\nIn the order please reference to our quotation number. ({{ link }}\r\n\r\n\r\n\r\n\r\n',0,'<p>Quotation validity: 30 calendar days from date of quotation.</p>\r\n<p>Delivery date: data1 calendar days maximum from date of order.</p>\r\n<p>Payment conditions: data2</p>\r\n',NULL,NULL,104,1,'Mr.','+36301111111','j@v.com','6726','Szeged','Akácfa u. 16.','Total_off',NULL,'Wire transfer after due date 8 days','HUF',1,60,'',NULL,NULL,NULL,NULL,NULL),(62,NULL,NULL,1,4,'Apple Inc.','Steve','Jobs','2019-02-18 20:37:36','Thank you for your inquery.\r\nAs you requested we send our quotation for your kind information.\r\nWe wait your feedback or any question connection to quotation.\r\nWe hope you will be satisfied our service and we can serve your need in the future again.\r\n\r\nYou can see our reference projects on site www.example.com in point refererence (here is the link).\r\n\r\nIn the order please reference to our quotation number. ({{ link }}\r\n\r\n\r\n\r\n\r\n',0,'<p>Quotation validity: 30 calendar days from date of quotation.</p>\r\n<p>Delivery date: data1 calendar days maximum from date of order.</p>\r\n<p>Payment conditions: data2</p>\r\n',NULL,NULL,105,1,'Mr.','+36301111111','j@v.com','6726','Szeged','Akácfa u. 16.','Total_off',NULL,'Wire transfer after due date 8 days','HUF',1,60,'',NULL,NULL,NULL,NULL,NULL),(63,NULL,NULL,1,4,'Apple Inc.','Steve','Jobs','2019-02-19 15:43:37','Thank you for your inquery.\r\nAs you requested we send our quotation for your kind information.\r\nWe wait your feedback or any question connection to quotation.\r\nWe hope you will be satisfied our service and we can serve your need in the future again.\r\n\r\nYou can see our reference projects on site www.example.com in point refererence (here is the link).\r\n\r\nIn the order please reference to our quotation number. ({{ link }}\r\n\r\n\r\n\r\n\r\n',0,'<p>Quotation validity: 30 calendar days from date of quotation.</p>\r\n<p>Delivery date: data1 calendar days maximum from date of order.</p>\r\n<p>Payment conditions: data2</p>\r\n',NULL,NULL,106,1,'Mr.','+36301111111','j@v.com','6726','Szeged','Akácfa u. 16.','Total_off',NULL,'Wire transfer after due date 8 days','HUF',1,61,'',NULL,NULL,NULL,NULL,NULL),(64,NULL,NULL,1,4,'Apple Inc.','Steve','Jobs','2019-02-19 15:44:01','Thank you for your inquery.\r\nAs you requested we send our quotation for your kind information.\r\nWe wait your feedback or any question connection to quotation.\r\nWe hope you will be satisfied our service and we can serve your need in the future again.\r\n\r\nYou can see our reference projects on site www.example.com in point refererence (here is the link).\r\n\r\nIn the order please reference to our quotation number. ({{ link }}\r\n\r\n\r\n\r\n\r\n',0,'<p>Quotation validity: 30 calendar days from date of quotation.</p>\r\n<p>Delivery date: data1 calendar days maximum from date of order.</p>\r\n<p>Payment conditions: data2</p>\r\n',NULL,NULL,107,1,'Mr.','+36301111111','j@v.com','6726','Szeged','Akácfa u. 16.','Total_off',NULL,'Wire transfer after due date 8 days','HUF',1,61,'',NULL,NULL,NULL,NULL,NULL),(65,NULL,NULL,1,4,'Apple Inc.','Steve','Jobs','2019-02-19 15:44:15','Thank you for your inquery.\r\nAs you requested we send our quotation for your kind information.\r\nWe wait your feedback or any question connection to quotation.\r\nWe hope you will be satisfied our service and we can serve your need in the future again.\r\n\r\nYou can see our reference projects on site www.example.com in point refererence (here is the link).\r\n\r\nIn the order please reference to our quotation number. ({{ link }}\r\n\r\n\r\n\r\n\r\n',0,'<p>Quotation validity: 30 calendar days from date of quotation.</p>\r\n<p>Delivery date: data1 calendar days maximum from date of order.</p>\r\n<p>Payment conditions: data2</p>\r\n',NULL,NULL,108,1,'Mr.','+36301111111','j@v.com','6726','Szeged','Akácfa u. 16.','Total_off',NULL,'Wire transfer after due date 8 days','HUF',1,62,'',NULL,NULL,NULL,NULL,NULL),(66,NULL,NULL,1,4,'Apple Inc.','Steve','Jobs','2019-02-19 18:04:17','Thank you for your inquery.\r\nAs you requested we send our quotation for your kind information.\r\nWe wait your feedback or any question connection to quotation.\r\nWe hope you will be satisfied our service and we can serve your need in the future again.\r\n\r\nYou can see our reference projects on site www.example.com in point refererence (here is the link).\r\n\r\nIn the order please reference to our quotation number. ({{ link }}\r\n\r\n\r\n\r\n\r\n',0,'<p>Quotation validity: 30 calendar days from date of quotation.</p>\r\n<p>Delivery date: data1 calendar days maximum from date of order.</p>\r\n<p>Payment conditions: data2</p>\r\n',NULL,NULL,109,NULL,'Mr.','+36301111111','j@v.com','6726','Szeged','Akácfa u. 16.','Total_off',NULL,'Wire transfer after due date 8 days','HUF',1,63,'',NULL,NULL,NULL,NULL,NULL),(67,NULL,NULL,1,4,'Apple Inc.','Steve','Jobs','2019-02-19 18:04:37','Thank you for your inquery.\r\nAs you requested we send our quotation for your kind information.\r\nWe wait your feedback or any question connection to quotation.\r\nWe hope you will be satisfied our service and we can serve your need in the future again.\r\n\r\nYou can see our reference projects on site www.example.com in point refererence (here is the link).\r\n\r\nIn the order please reference to our quotation number. ({{ link }}\r\n\r\n\r\n\r\n\r\n',0,'<p>Quotation validity: 30 calendar days from date of quotation.</p>\r\n<p>Delivery date: data1 calendar days maximum from date of order.</p>\r\n<p>Payment conditions: data2</p>\r\n',NULL,NULL,110,NULL,'Mr.','+36301111111','j@v.com','6726','Szeged','Akácfa u. 16.','Total_off',NULL,'Wire transfer after due date 8 days','HUF',1,63,'',NULL,NULL,NULL,NULL,NULL),(68,NULL,NULL,1,4,'Apple Inc.','Steve','Jobs','2019-02-19 18:04:48','Thank you for your inquery.\r\nAs you requested we send our quotation for your kind information.\r\nWe wait your feedback or any question connection to quotation.\r\nWe hope you will be satisfied our service and we can serve your need in the future again.\r\n\r\nYou can see our reference projects on site www.example.com in point refererence (here is the link).\r\n\r\nIn the order please reference to our quotation number. ({{ link }}\r\n\r\n\r\n\r\n\r\n',0,'<p>Quotation validity: 30 calendar days from date of quotation.</p>\r\n<p>Delivery date: data1 calendar days maximum from date of order.</p>\r\n<p>Payment conditions: data2</p>\r\n',NULL,NULL,111,NULL,'Mr.','+36301111111','j@v.com','6726','Szeged','Akácfa u. 16.','Total_off',NULL,'Wire transfer after due date 8 days','HUF',1,64,'',NULL,NULL,NULL,NULL,NULL),(69,NULL,NULL,1,4,'Apple Inc.','Steve','Jobs','2019-02-19 18:05:02','Thank you for your inquery.\r\nAs you requested we send our quotation for your kind information.\r\nWe wait your feedback or any question connection to quotation.\r\nWe hope you will be satisfied our service and we can serve your need in the future again.\r\n\r\nYou can see our reference projects on site www.example.com in point refererence (here is the link).\r\n\r\nIn the order please reference to our quotation number. ({{ link }}\r\n\r\n\r\n\r\n\r\n',0,'<p>Quotation validity: 30 calendar days from date of quotation.</p>\r\n<p>Delivery date: data1 calendar days maximum from date of order.</p>\r\n<p>Payment conditions: data2</p>\r\n',NULL,NULL,112,NULL,'Mr.','+36301111111','j@v.com','6726','Szeged','Akácfa u. 16.','Total_off',NULL,'Wire transfer after due date 8 days','HUF',1,64,'',NULL,NULL,NULL,NULL,NULL),(70,NULL,NULL,1,4,'Apple Inc.','Steve','Jobs','2019-02-19 18:05:23','Thank you for your inquery.\r\nAs you requested we send our quotation for your kind information.\r\nWe wait your feedback or any question connection to quotation.\r\nWe hope you will be satisfied our service and we can serve your need in the future again.\r\n\r\nYou can see our reference projects on site www.example.com in point refererence (here is the link).\r\n\r\nIn the order please reference to our quotation number. ({{ link }}\r\n\r\n\r\n\r\n\r\n',0,'<p>Quotation validity: 30 calendar days from date of quotation.</p>\r\n<p>Delivery date: data1 calendar days maximum from date of order.</p>\r\n<p>Payment conditions: data2</p>\r\n',NULL,NULL,113,NULL,'Mr.','+36301111111','j@v.com','6726','Szeged','Akácfa u. 16.','Total_off',NULL,'Wire transfer after due date 8 days','HUF',1,65,'',NULL,NULL,NULL,NULL,NULL),(71,NULL,NULL,1,4,'Apple Inc.','Steve','Jobs','2019-02-19 18:05:41','Thank you for your inquery.\r\nAs you requested we send our quotation for your kind information.\r\nWe wait your feedback or any question connection to quotation.\r\nWe hope you will be satisfied our service and we can serve your need in the future again.\r\n\r\nYou can see our reference projects on site www.example.com in point refererence (here is the link).\r\n\r\nIn the order please reference to our quotation number. ({{ link }}\r\n\r\n\r\n\r\n\r\n',0,'<p>Quotation validity: 30 calendar days from date of quotation.</p>\r\n<p>Delivery date: data1 calendar days maximum from date of order.</p>\r\n<p>Payment conditions: data2</p>\r\n',NULL,NULL,114,NULL,'Mr.','+36301111111','j@v.com','6726','Szeged','Akácfa u. 16.','Total_off',NULL,'Wire transfer after due date 8 days','HUF',1,60,'',NULL,NULL,NULL,NULL,NULL),(72,NULL,NULL,1,4,'Apple Inc.','Steve','Jobs','2019-02-19 21:48:15','Thank you for your inquery.\r\nAs you requested we send our quotation for your kind information.\r\nWe wait your feedback or any question connection to quotation.\r\nWe hope you will be satisfied our service and we can serve your need in the future again.\r\n\r\nYou can see our reference projects on site www.example.com in point refererence (here is the link).\r\n\r\nIn the order please reference to our quotation number. ({{ link }}\r\n\r\n\r\n\r\n\r\n',0,'<p>Quotation validity: 30 calendar days from date of quotation.</p>\r\n<p>Delivery date: data1 calendar days maximum from date of order.</p>\r\n<p>Payment conditions: data2</p>\r\n',NULL,NULL,115,NULL,'Mr.','+36301111111','j@v.com','6726','Szeged','Akácfa u. 16.','Total_off',NULL,'Wire transfer after due date 8 days','HUF',1,61,'',NULL,NULL,NULL,NULL,NULL),(73,NULL,NULL,1,4,'Apple Inc.','Steve','Jobs','2019-02-22 15:56:21','Thank you for your inquery.\r\nAs you requested we send our quotation for your kind information.\r\nWe wait your feedback or any question connection to quotation.\r\nWe hope you will be satisfied our service and we can serve your need in the future again.\r\n\r\nYou can see our reference projects on site www.example.com in point refererence (here is the link).\r\n\r\nIn the order please reference to our quotation number. ({{ link }}\r\n\r\n\r\n\r\n\r\n',0,'<p>Quotation validity: 30 calendar days from date of quotation.</p>\r\n<p>Delivery date: data1 calendar days maximum from date of order.</p>\r\n<p>Payment conditions: data2</p>\r\n',NULL,NULL,116,NULL,'Mr.','+36301111111','j@v.com','6726','Szeged','Akácfa u. 16.','Total_off',NULL,'Wire transfer after due date 8 days','HUF',1,71,'',NULL,NULL,NULL,NULL,NULL),(74,NULL,NULL,1,4,'Apple Inc.','Steve','Jobs','2019-02-22 17:18:08','Thank you for your inquery.\r\nAs you requested we send our quotation for your kind information.\r\nWe wait your feedback or any question connection to quotation.\r\nWe hope you will be satisfied our service and we can serve your need in the future again.\r\n\r\nYou can see our reference projects on site www.example.com in point refererence (here is the link).\r\n\r\nIn the order please reference to our quotation number. ({{ link }}\r\n\r\n\r\n\r\n\r\n',1,'<p>Quotation validity: 30 calendar days from date of quotation.</p>\r\n<p>Delivery date: data1 calendar days maximum from date of order.</p>\r\n<p>Payment conditions: data2</p>\r\n',NULL,NULL,117,1,'Mr.','+36301111111','j@v.com','6726','Szeged','Akácfa u. 16.','Total_off',NULL,'Wire transfer after due date 8 days','HUF',1,73,'',NULL,NULL,NULL,NULL,NULL),(75,NULL,NULL,4,4,'Apple Inc.','Steve','Jobs','2019-02-25 12:50:25','Thank you for your inquery.\r\nAs you requested we send our quotation for your kind information.\r\nWe wait your feedback or any question connection to quotation.\r\nWe hope you will be satisfied our service and we can serve your need in the future again.\r\n\r\nYou can see our reference projects on site www.example.com in point refererence (here is the link).\r\n\r\nIn the order please reference to our quotation number. ({{ link }}\r\n\r\n\r\n\r\n\r\n',1,'<p>Quotation validity: 30 calendar days from date of quotation.</p>\r\n<p>Delivery date: data1 calendar days maximum from date of order.</p>\r\n<p>Payment conditions: data2</p>\r\n',NULL,NULL,80,1,'Mr.','+36301111111','j@v.com','6726','Szeged','Akácfa u. 16.','Total_off',NULL,'Wire transfer after due date 8 days','HUF',1,NULL,'',NULL,NULL,NULL,NULL,NULL),(76,NULL,NULL,4,4,'Apple Inc.','Steve','Jobs','2019-02-25 12:51:45','Thank you for your inquery.\r\nAs you requested we send our quotation for your kind information.\r\nWe wait your feedback or any question connection to quotation.\r\nWe hope you will be satisfied our service and we can serve your need in the future again.\r\n\r\nYou can see our reference projects on site www.example.com in point refererence (here is the link).\r\n\r\nIn the order please reference to our quotation number. ({{ link }}\r\n\r\n\r\n\r\n\r\n',1,'<p>Quotation validity: 30 calendar days from date of quotation.</p>\r\n<p>Delivery date: data1 calendar days maximum from date of order.</p>\r\n<p>Payment conditions: data2</p>\r\n',NULL,NULL,81,1,'Mr.','+36301111111','j@v.com','6726','Szeged','Akácfa u. 16.','Total_off',NULL,'Wire transfer after due date 8 days','HUF',1,NULL,'',NULL,NULL,NULL,NULL,NULL),(77,NULL,NULL,4,4,'Apple Inc.','Steve','Jobs','2019-02-25 13:17:59','Thank you for your inquery.\r\nAs you requested we send our quotation for your kind information.\r\nWe wait your feedback or any question connection to quotation.\r\nWe hope you will be satisfied our service and we can serve your need in the future again.\r\n\r\nYou can see our reference projects on site www.example.com in point refererence (here is the link).\r\n\r\nIn the order please reference to our quotation number. ({{ link }}\r\n\r\n\r\n\r\n\r\n',0,'<p>Quotation validity: 30 calendar days from date of quotation.</p>\r\n<p>Delivery date: data1 calendar days maximum from date of order.</p>\r\n<p>Payment conditions: data2</p>\r\n',NULL,'nn2s',82,1,'Mr.','+36301111111','j@v.com','6726','Szeged','Akácfa u. 16.','Total_off',NULL,'Wire transfer after due date 8 days','HUF',1,0,'',NULL,NULL,NULL,NULL,NULL),(78,NULL,NULL,4,4,'Apple Inc.','Steve','Jobs','2019-02-25 16:58:05','Thank you for your inquery.\r\nAs you requested we send our quotation for your kind information.\r\nWe wait your feedback or any question connection to quotation.\r\nWe hope you will be satisfied our service and we can serve your need in the future again.\r\n\r\nYou can see our reference projects on site www.example.com in point refererence (here is the link).\r\n\r\nIn the order please reference to our quotation number. ({{ link }}\r\n\r\n\r\n\r\n\r\n',1,'<p>Quotation validity: 30 calendar days from date of quotation.</p>\r\n<p>Delivery date: data1 calendar days maximum from date of order.</p>\r\n<p>Payment conditions: data2</p>\r\n',NULL,NULL,83,1,'Mr.','+36301111111','j@v.com','6726','Szeged','Akácfa u. 16.','Total_off',NULL,'Wire transfer after due date 8 days','HUF',1,NULL,'',NULL,NULL,NULL,NULL,NULL),(79,NULL,NULL,1,4,'Apple Inc.','Steve','Jobs','2019-02-27 14:15:01','Thank you for your inquery.\r\nAs you requested we send our quotation for your kind information.\r\nWe wait your feedback or any question connection to quotation.\r\nWe hope you will be satisfied our service and we can serve your need in the future again.\r\n\r\nYou can see our reference projects on site www.example.com in point refererence (here is the link).\r\n\r\nIn the order please reference to our quotation number. ({{ link }}\r\n\r\n\r\n\r\n\r\n',1,'<p>Quotation validity: 30 calendar days from date of quotation.</p>\r\n<p>Delivery date: data1 calendar days maximum from date of order.</p>\r\n<p>Payment conditions: data2</p>\r\n',NULL,NULL,118,1,'Mr.','+36301111111','j@v.com','6726','Szeged','Akácfa u. 16.','Total_off',NULL,'Wire transfer after due date 8 days','HUF',1,NULL,'HUF',NULL,NULL,NULL,NULL,NULL),(80,NULL,NULL,1,4,'Apple Inc.','Steve','Jobs','2019-02-27 14:26:07','Thank you for your inquery.\r\nAs you requested we send our quotation for your kind information.\r\nWe wait your feedback or any question connection to quotation.\r\nWe hope you will be satisfied our service and we can serve your need in the future again.\r\n\r\nYou can see our reference projects on site www.example.com in point refererence (here is the link).\r\n\r\nIn the order please reference to our quotation number. ({{ link }}\r\n\r\n\r\n\r\n\r\n',1,'<p>Quotation validity: 30 calendar days from date of quotation.</p>\r\n<p>Delivery date: data1 calendar days maximum from date of order.</p>\r\n<p>Payment conditions: data2</p>\r\n',NULL,NULL,119,1,'Mr.','+36301111111','j@v.com','6726','Szeged','Akácfa u. 16.','Total_off',NULL,'Wire transfer after due date 8 days','HUF',1,NULL,'EUR',NULL,NULL,NULL,NULL,NULL),(81,NULL,NULL,6,4,'Apple Inc.','Steve','Jobs','2019-02-27 21:32:29','Thank you for your inquery.\r\nAs you requested we send our quotation for your kind information.\r\nWe wait your feedback or any question connection to quotation.\r\nWe hope you will be satisfied our service and we can serve your need in the future again.\r\n\r\nYou can see our reference projects on site www.example.com in point refererence (here is the link).\r\n\r\nIn the order please reference to our quotation number. ({{ link }}\r\n\r\n\r\n\r\n\r\n',0,'<p>Quotation validity: 30 calendar days from date of quotation.</p>\r\n<p>Delivery date: data1 calendar days maximum from date of order.</p>\r\n<p>Payment conditions: data2</p>\r\n',NULL,NULL,80,1,'Mr.','+36301111111','j@v.com','6726','Szeged','Akácfa u. 16.','Total_off',NULL,'Wire transfer after due date 8 days','HUF',1,NULL,'HUF','97','58',6,NULL,NULL),(82,NULL,NULL,6,4,'Apple Inc.','Steve','Jobs','2019-02-27 21:34:11','Thank you for your inquery.\r\nAs you requested we send our quotation for your kind information.\r\nWe wait your feedback or any question connection to quotation.\r\nWe hope you will be satisfied our service and we can serve your need in the future again.\r\n\r\nYou can see our reference projects on site www.example.com in point refererence (here is the link).\r\n\r\nIn the order please reference to our quotation number. ({{ link }}\r\n\r\n\r\n\r\n\r\n',1,'<p>Quotation validity: 30 calendar days from date of quotation.</p>\r\n<p>Delivery date: data1 calendar days maximum from date of order.</p>\r\n<p>Payment conditions: data2</p>\r\n',NULL,NULL,81,1,'Mr.','+36301111111','j@v.com','6726','Szeged','Akácfa u. 16.','Total_off',NULL,'Wire transfer after due date 8 days','HUF',1,NULL,'HUF',NULL,NULL,NULL,NULL,NULL),(83,NULL,NULL,6,4,'Apple Inc.','Steve','Jobs','2019-02-27 21:42:53','Thank you for your inquery.\r\nAs you requested we send our quotation for your kind information.\r\nWe wait your feedback or any question connection to quotation.\r\nWe hope you will be satisfied our service and we can serve your need in the future again.\r\n\r\nYou can see our reference projects on site www.example.com in point refererence (here is the link).\r\n\r\nIn the order please reference to our quotation number. ({{ link }}\r\n\r\n\r\n\r\n\r\n',1,'<p>Quotation validity: 30 calendar days from date of quotation.</p>\r\n<p>Delivery date: data1 calendar days maximum from date of order.</p>\r\n<p>Payment conditions: data2</p>\r\n',NULL,NULL,82,1,'Mr.','+36301111111','j@v.com','6726','Szeged','Akácfa u. 16.','Total_off',NULL,'Wire transfer after due date 8 days','HUF',1,71,'HUF',NULL,NULL,NULL,NULL,NULL),(84,NULL,NULL,4,4,'Apple Inc.','Steve','Jobs','2019-03-09 16:42:44','Thank you for your inquery.\r\nAs you requested we send our quotation for your kind information.\r\nWe wait your feedback or any question connection to quotation.\r\nWe hope you will be satisfied our service and we can serve your need in the future again.\r\n\r\nYou can see our reference projects on site www.example.com in point refererence (here is the link).\r\n\r\nIn the order please reference to our quotation number. ({{ link }}\r\n\r\n\r\n\r\n\r\n',0,'<p>Quotation validity: 30 calendar days from date of quotation.</p>\r\n<p>Delivery date: data1 calendar days maximum from date of order.</p>\r\n<p>Payment conditions: data2</p>\r\n',NULL,'Foraccounttesting',84,1,'Mr.','+36301111111','j@v.com','6726','Szeged','Akácfa u. 16.','Total_off',NULL,'Wire transfer after due date 8 days','HUF',1,NULL,'HUF',NULL,NULL,NULL,NULL,NULL),(85,NULL,NULL,6,4,'Apple Inc.','Steve','Jobs','2019-03-09 16:43:50','Thank you for your inquery.\r\nAs you requested we send our quotation for your kind information.\r\nWe wait your feedback or any question connection to quotation.\r\nWe hope you will be satisfied our service and we can serve your need in the future again.\r\n\r\nYou can see our reference projects on site www.example.com in point refererence (here is the link).\r\n\r\nIn the order please reference to our quotation number. ({{ link }}\r\n\r\n\r\n\r\n\r\n',0,'<p>Quotation validity: 30 calendar days from date of quotation.</p>\r\n<p>Delivery date: data1 calendar days maximum from date of order.</p>\r\n<p>Payment conditions: data2</p>\r\n',NULL,NULL,83,1,'Mr.','+36301111111','j@v.com','6726','Szeged','Akácfa u. 16.','Total_off',NULL,'Wire transfer after due date 8 days','HUF',1,84,'HUF','3','9',11,NULL,NULL),(86,NULL,NULL,6,4,'Apple Inc.','Steve','Jobs','2019-03-09 16:51:30','Thank you for your inquery.\r\nAs you requested we send our quotation for your kind information.\r\nWe wait your feedback or any question connection to quotation.\r\nWe hope you will be satisfied our service and we can serve your need in the future again.\r\n\r\nYou can see our reference projects on site www.example.com in point refererence (here is the link).\r\n\r\nIn the order please reference to our quotation number. ({{ link }}\r\n\r\n\r\n\r\n\r\n',0,'<p>Quotation validity: 30 calendar days from date of quotation.</p>\r\n<p>Delivery date: data1 calendar days maximum from date of order.</p>\r\n<p>Payment conditions: data2</p>\r\n',NULL,NULL,84,1,'Mr.','+36301111111','j@v.com','6726','Szeged','Akácfa u. 16.','Total_off',NULL,'Wire transfer after due date 8 days','HUF',1,84,'HUF','311','5',122,NULL,NULL),(87,NULL,NULL,6,4,'Apple Inc.','Steve','Jobs','2019-03-10 14:04:23','Thank you for your inquery.\r\nAs you requested we send our quotation for your kind information.\r\nWe wait your feedback or any question connection to quotation.\r\nWe hope you will be satisfied our service and we can serve your need in the future again.\r\n\r\nYou can see our reference projects on site www.example.com in point refererence (here is the link).\r\n\r\nIn the order please reference to our quotation number. ({{ link }}\r\n\r\n\r\n\r\n\r\n',0,'<p>Quotation validity: 30 calendar days from date of quotation.</p>\r\n<p>Delivery date: data1 calendar days maximum from date of order.</p>\r\n<p>Payment conditions: data2</p>\r\n',NULL,NULL,85,1,'Mr.','+36301111111','j@v.com','6726','Szeged','Akácfa u. 16.','Total_off',NULL,'Wire transfer after due date 8 days','HUF',1,NULL,'HUF','3811','9',18,NULL,NULL),(88,NULL,NULL,6,4,'Apple Inc.','Steve','Jobs','2019-03-10 14:05:19','Thank you for your inquery.\r\nAs you requested we send our quotation for your kind information.\r\nWe wait your feedback or any question connection to quotation.\r\nWe hope you will be satisfied our service and we can serve your need in the future again.\r\n\r\nYou can see our reference projects on site www.example.com in point refererence (here is the link).\r\n\r\nIn the order please reference to our quotation number. ({{ link }}\r\n\r\n\r\n\r\n\r\n',0,'<p>Quotation validity: 30 calendar days from date of quotation.</p>\r\n<p>Delivery date: data1 calendar days maximum from date of order.</p>\r\n<p>Payment conditions: data2</p>\r\n',NULL,NULL,86,1,'Mr.','+36301111111','j@v.com','6726','Szeged','Akácfa u. 16.','Total_off',NULL,'Wire transfer after due date 8 days','HUF',1,NULL,'HUF','3812','9',17,NULL,NULL),(89,NULL,NULL,6,4,'Apple Inc.','Steve','Jobs','2019-03-10 14:06:03','Thank you for your inquery.\r\nAs you requested we send our quotation for your kind information.\r\nWe wait your feedback or any question connection to quotation.\r\nWe hope you will be satisfied our service and we can serve your need in the future again.\r\n\r\nYou can see our reference projects on site www.example.com in point refererence (here is the link).\r\n\r\nIn the order please reference to our quotation number. ({{ link }}\r\n\r\n\r\n\r\n\r\n',0,'<p>Quotation validity: 30 calendar days from date of quotation.</p>\r\n<p>Delivery date: data1 calendar days maximum from date of order.</p>\r\n<p>Payment conditions: data2</p>\r\n',NULL,NULL,87,1,'Mr.','+36301111111','j@v.com','6726','Szeged','Akácfa u. 16.','Total_off',NULL,'Wire transfer after due date 8 days','HUF',1,NULL,'HUF','389','9',16,NULL,NULL),(90,NULL,NULL,6,4,'Apple Inc.','Steve','Jobs','2019-03-10 14:07:04','Thank you for your inquery.\r\nAs you requested we send our quotation for your kind information.\r\nWe wait your feedback or any question connection to quotation.\r\nWe hope you will be satisfied our service and we can serve your need in the future again.\r\n\r\nYou can see our reference projects on site www.example.com in point refererence (here is the link).\r\n\r\nIn the order please reference to our quotation number. ({{ link }}\r\n\r\n\r\n\r\n\r\n',0,'<p>Quotation validity: 30 calendar days from date of quotation.</p>\r\n<p>Delivery date: data1 calendar days maximum from date of order.</p>\r\n<p>Payment conditions: data2</p>\r\n',NULL,NULL,88,1,'Mr.','+36301111111','j@v.com','6726','Szeged','Akácfa u. 16.','Total_off',NULL,'Wire transfer after due date 8 days','HUF',1,NULL,'HUF','3854','9',15,NULL,NULL),(91,NULL,NULL,6,4,'Apple Inc.','Steve','Jobs','2019-03-10 14:07:56','Thank you for your inquery.\r\nAs you requested we send our quotation for your kind information.\r\nWe wait your feedback or any question connection to quotation.\r\nWe hope you will be satisfied our service and we can serve your need in the future again.\r\n\r\nYou can see our reference projects on site www.example.com in point refererence (here is the link).\r\n\r\nIn the order please reference to our quotation number. ({{ link }}\r\n\r\n\r\n\r\n\r\n',0,'<p>Quotation validity: 30 calendar days from date of quotation.</p>\r\n<p>Delivery date: data1 calendar days maximum from date of order.</p>\r\n<p>Payment conditions: data2</p>\r\n',NULL,NULL,89,1,'Mr.','+36301111111','j@v.com','6726','Szeged','Akácfa u. 16.','Total_off',NULL,'Wire transfer after due date 8 days','HUF',1,NULL,'HUF','3861','97',14,NULL,NULL),(92,NULL,NULL,5,1,'Apple Inc.','Steve','Jobs','2019-04-03 10:31:52',NULL,1,NULL,NULL,NULL,80,1,'Mr.','+36301111111','6726','Szeged','Akácfa u. 16.','Total_On','Total_off',NULL,NULL,'HUF',1,NULL,NULL,NULL,NULL,NULL,NULL,NULL),(93,NULL,NULL,5,1,'Apple Inc.','Steve','Jobs','2019-04-03 10:35:39',NULL,1,NULL,NULL,NULL,81,1,'Mr.','+36301111111','6726','Szeged','Akácfa u. 16.','Total_On','Total_off',NULL,NULL,'HUF',1,NULL,NULL,NULL,NULL,NULL,NULL,NULL),(94,NULL,NULL,5,4,'1','Apple Inc.','Steve','2019-04-03 10:43:43',NULL,1,NULL,NULL,NULL,82,1,'Mr.','+36301111111','szluka.mate@gmail.com','6726','Szeged','Akácfa u. 16.','Total_off',NULL,NULL,'HUF',1,NULL,NULL,NULL,NULL,NULL,NULL,NULL),(95,NULL,NULL,5,4,'Apple Inc.','Steve','Jobs','2019-04-03 10:47:24',NULL,1,NULL,NULL,NULL,83,1,'Mr.','+36301111111','szluka.mate@gmail.com','6726','Szeged','Akácfa u. 16.','Total_off',NULL,NULL,'HUF',1,NULL,NULL,NULL,NULL,NULL,NULL,NULL),(96,NULL,NULL,5,4,'Apple Inc.','Steve','Jobs','2019-04-03 14:14:31',NULL,1,NULL,NULL,NULL,84,1,'Mr.','+36301111111','szluka.mate@gmail.com','6726','Szeged','Akácfa u. 16.','Total_off',NULL,NULL,'HUF',1,NULL,NULL,NULL,NULL,NULL,NULL,NULL),(97,NULL,NULL,5,4,'Apple Inc.','Steve','Jobs','2019-04-03 14:22:13',NULL,1,NULL,NULL,NULL,85,1,'Mr.','+36301111111','szluka.mate@gmail.com','6726','Szeged','Akácfa u. 16.','Total_off',NULL,NULL,'HUF',1,60,NULL,NULL,NULL,NULL,NULL,NULL),(98,NULL,NULL,5,4,'Apple Inc.','Steve','Jobs','2019-04-03 16:11:27',NULL,1,NULL,NULL,'Customer Quotation - Subject: None233 - Ref.: CQ-103 EMAIL-86',86,1,'Mr.','+36301111111','szluka.mate@gmail.com','6726','Szeged','Akácfa u. 16.','Total_off',NULL,NULL,'HUF',1,60,NULL,NULL,NULL,NULL,NULL,NULL),(99,NULL,NULL,5,4,'Apple Inc.','Steve','Jobs','2019-04-03 16:19:04',NULL,1,NULL,NULL,'Customer Quotation - Subject: None233 - Ref.: CQ-103 EMAIL-87',87,1,'Mr.','+36301111111','szluka.mate@gmail.com','6726','Szeged','Akácfa u. 16.','Total_off',NULL,NULL,'HUF',1,60,NULL,NULL,NULL,NULL,NULL,NULL),(100,NULL,NULL,5,4,'Apple Inc.','Steve','Jobs','2019-04-03 16:38:22',NULL,0,NULL,NULL,'Customer Quotation - Subject: None233 - Ref.: CQ-103 EMAIL-88',88,1,'Mr.','+36301111111','szluka.mate@gmail.com','6726','Szeged','Akácfa u. 16.','Total_off',NULL,NULL,'HUF',1,60,NULL,NULL,NULL,NULL,NULL,NULL),(101,NULL,NULL,5,4,'Apple Inc.','Steve','Jobs','2019-04-03 18:00:00',NULL,0,NULL,NULL,'Customer Quotation - Subject: None233 - Ref.: CQ-103 EMAIL-89',89,1,'Mr.','+36301111111','szluka.mate@gmail.com','6726','Szeged','Akácfa u. 16.','Total_off',NULL,NULL,'HUF',1,60,NULL,NULL,NULL,NULL,NULL,NULL),(102,NULL,NULL,5,4,'Apple Inc.','Steve','Jobs','2019-04-03 18:01:22',NULL,0,NULL,NULL,'Customer Quotation - Subject: Refinery - Ref.: CQ-103 EMAIL-90',90,1,'Mr.','+36301111111','szluka.mate@gmail.com','6726','Szeged','Akácfa u. 16.','Total_off',NULL,NULL,'HUF',1,60,NULL,NULL,NULL,NULL,NULL,NULL),(103,NULL,NULL,5,4,'Apple Inc.','Steve','Jobs','2019-04-03 20:24:49',NULL,0,NULL,NULL,'Customer Quotation - Subject: Refinery - Ref.: CQ-103 EMAIL-91',91,1,'Mr.','+36301111111','szluka.mate@gmail.com','6726','Szeged','Akácfa u. 16.','Total_off',NULL,NULL,'HUF',1,60,NULL,NULL,NULL,NULL,NULL,NULL),(104,NULL,NULL,5,4,'Apple Inc.','Steve','Jobs','2019-04-03 20:28:24',NULL,0,NULL,NULL,'Customer Quotation - Subject: Refinery - Ref.: CQ-103 EMAIL-92',92,1,'Mr.','+36301111111','szluka.mate@gmail.com','6726','Szeged','Akácfa u. 16.','Total_off',NULL,NULL,'HUF',1,60,NULL,NULL,NULL,NULL,NULL,NULL),(105,NULL,NULL,5,4,'Apple Inc.','Steve','Jobs','2019-04-03 20:32:34',NULL,0,NULL,NULL,'Customer Quotation - Subject: Refinery - Ref.: CQ-103 EMAIL-93',93,1,'Mr.','+36301111111','szluka.mate@gmail.com','6726','Szeged','Akácfa u. 16.','Total_off',NULL,NULL,'HUF',1,60,NULL,NULL,NULL,NULL,NULL,NULL),(106,NULL,NULL,5,4,'Apple Inc.','Steve','Jobs','2019-04-04 08:58:26',NULL,0,NULL,NULL,'Customer Quotation - Subject: Refinery - Ref.: CQ-103 EMAIL-94',94,1,'Mr.','+36301111111','szluka.mate@gmail.com','6726','Szeged','Akácfa u. 16.','Total_off',NULL,NULL,'HUF',1,60,NULL,NULL,NULL,NULL,NULL,NULL),(107,NULL,NULL,5,4,'Apple Inc.','Steve','Jobs','2019-04-04 12:36:29',NULL,0,NULL,NULL,'Customer Quotation - Subject: Refinery - Ref.: CQ-103 EMAIL-95',95,1,'Mr.','+36301111111','szluka.mate@gmail.com','6726','Szeged','Akácfa u. 16.','Total_off',NULL,NULL,'HUF',1,60,NULL,NULL,NULL,NULL,NULL,NULL),(108,NULL,NULL,5,4,'Apple Inc.','Steve','Jobs','2019-04-04 12:40:40',NULL,0,NULL,NULL,'Customer Quotation - Subject: Refinery - Ref.: CQ-103 EMAIL-96',96,1,'Mr.','+36301111111','szluka.mate@gmail.com','6726','Szeged','Akácfa u. 16.','Total_off',NULL,NULL,'HUF',1,60,NULL,NULL,NULL,NULL,NULL,NULL),(109,NULL,NULL,5,4,'Apple Inc.','Steve','Jobs','2019-04-04 13:30:28',NULL,0,NULL,NULL,'Customer Quotation - Subject: Refinery - Ref.: CQ-103 EMAIL-97',97,1,'Mr','+36301111111','szluka.mate@gmail.com','6726','Szeged','Akácfa u. 16.','Total_off',NULL,NULL,'HUF',1,60,NULL,NULL,NULL,NULL,NULL,NULL),(110,NULL,NULL,5,4,'Apple Inc.','Steve','Jobs','2019-04-04 13:33:59',NULL,0,NULL,NULL,'Customer Quotation - Subject: Refinery - Ref.: CQ-103 EMAIL-98',98,1,'Mr','+36301111111','szluka.mate@gmail.com','6726','Szeged','Akácfa u. 16.','Total_off',NULL,NULL,'HUF',1,60,NULL,NULL,NULL,NULL,NULL,NULL),(111,NULL,NULL,5,5,'Apple Inc.','Viktor','Szluka','2019-04-04 13:58:58',NULL,0,NULL,NULL,'Customer Quotation - Subject: Refinery - Ref.: CQ-103 EMAIL-99',99,1,'Mr','+3630','szluka.mate@gmail.com','6726','Szeged','Akácfa u. 16.','Total_off',NULL,NULL,'HUF',1,60,NULL,NULL,NULL,NULL,NULL,NULL),(112,NULL,NULL,5,5,'Apple Inc.','Viktor','Szluka','2019-04-04 14:42:28',NULL,0,NULL,NULL,'Customer Quotation - Subject: Refinery - Ref.: CQ-103 EMAIL-100',100,1,'Mr','+3630','szluka.mate@gmail.com','6726','Szeged','Akácfa u. 16.','Total_off',NULL,NULL,'HUF',1,60,NULL,NULL,NULL,NULL,NULL,'Dear Mr Szluka, ff\r\n\r\nHerewith we are sending our quotation attached.\r\n\r\nPlease do not hesitate to ask any question.\r\nIt will be a pleasure to serve you at any time again.\r\n\r\nYours respectfully:\r\n\r\nMate Szluka\r\nSales Engineer\r\n\r\n6726 Szeged, Akácfa u. 16.\r\nHungary\r\n\r\nTel.: x Mob.:(+36)30/9680-469\r\nSzluka.Mate@gmail.com\r\nwww.x.hu\r\n'),(113,NULL,NULL,5,5,'Apple Inc.','Viktor','Szluka','2019-04-04 14:52:16',NULL,0,NULL,NULL,'Customer Quotation - Subject: Refinery - Ref.: CQ-103 EMAIL-101',101,1,'Mr','+3630','szluka.mate@gmail.com','6726','Szeged','Akácfa u. 16.','Total_off',NULL,NULL,'HUF',1,60,NULL,NULL,NULL,NULL,NULL,'Dear Mr Szluka,\r\n\r\nHerewith we are sending our quotation attached.\r\n\r\nPlease do not hesitate to ask any question.\r\nIt will be a pleasure to serve you at any time again.\r\n\r\nYours respectfully:\r\n\r\nMate Szluka\r\nSales Engineer\r\n\r\n6726 Szeged, Akácfa u. 16.\r\nHungary\r\n\r\nTel.: x Mob.:(+36)30/9680-469\r\nSzluka.Mate@gmail.com\r\nwww.x.hu\r\n'),(114,NULL,NULL,5,4,'Apple Inc.','Steve','Jobs','2019-04-04 16:33:01',NULL,0,NULL,NULL,'Customer Quotation - Subject: Levelling - Ref.: CQ-103 EMAIL-102',102,1,'Mr','+36301111111','szluka.mate@gmail.com','6726','Szeged','Akácfa u. 16.','Total_off',NULL,NULL,'HUF',1,60,NULL,NULL,NULL,NULL,NULL,'Dear Mr Jobs,\r\n\r\nHerewith we are sending our quotation attached.\r\n\r\nPlease do not hesitate to ask any question.\r\nIt will be a pleasure to serve you at any time again.\r\n\r\nYours respectfully:\r\n\r\nMate Szluka\r\nSales Engineer\r\n\r\n6726 Szeged, Akácfa u. 16.\r\nHungary\r\n\r\nTel.: x Mob.:(+36)30/9680-469\r\nSzluka.Mate@gmail.com\r\nwww.x.hu\r\n'),(115,NULL,NULL,5,5,'Apple Inc.','Viktor','Szluka','2019-04-04 17:42:37',NULL,0,NULL,NULL,'Customer Quotation - Subject: Levelling - Ref.: CQ-103 EMAIL-103',103,1,'Mr','+3630','szluka.viktor@gmail.com','6726','Szeged','Akácfa u. 16.','Total_off',NULL,NULL,'HUF',1,60,NULL,NULL,NULL,NULL,NULL,'Dear Mr Szluka,\r\n\r\nHerewith we are sending our quotation attached.\r\n\r\nPlease do not hesitate to ask any question.\r\nIt will be a pleasure to serve you at any time again.\r\n\r\nHappy Christmas!\r\n\r\nYours respectfully:\r\n\r\nMate Szluka\r\nSales Engineer\r\n\r\n6726 Szeged, Akácfa u. 16.\r\nHungary\r\n\r\nTel.: x Mob.:(+36)30/9680-469\r\nSzluka.Mate@gmail.com\r\nwww.x.hu\r\n'),(116,NULL,NULL,5,4,'Apple Inc.','Steve','Jobs','2019-04-05 18:51:35',NULL,0,NULL,NULL,'Customer Quotation - Subject: Levelling - Ref.: CQ-103 EMAIL-104',104,1,'Mr','+36301111111','szluka.mate@gmail.com','6726','Szeged','Akácfa u. 16.','Total_off',NULL,NULL,'HUF',1,60,NULL,NULL,NULL,NULL,NULL,'Dear Mr Jobs,\r\n\r\nHerewith we are sending our quotation attached.\r\n\r\nPlease do not hesitate to ask any question.\r\nIt will be a pleasure to serve you at any time again.\r\n\r\nYours respectfully:\r\n\r\nMate Szluka\r\nSales Engineer\r\n\r\n6726 Szeged, Akácfa u. 16.\r\nHungary\r\n\r\nTel.: x Mob.:(+36)30/9680-469\r\nSzluka.Mate@gmail.com\r\nwww.x.hu\r\n'),(117,NULL,NULL,5,4,'Apple Inc.','Steve','Jobs','2019-04-05 19:48:47',NULL,0,NULL,NULL,'Customer Quotation - Subject: Levelling - Ref.: CQ-103 EMAIL-105',105,1,'Mr','+36301111111','szluka.mate@gmail.com','6726','Szeged','Akácfa u. 16.','Total_off',NULL,NULL,'HUF',1,60,NULL,NULL,NULL,NULL,NULL,'Dear Mr Jobs,\r\n\r\nHerewith we are sending our quotation attached.\r\n\r\nPlease do not hesitate to ask any question.\r\nIt will be a pleasure to serve you at any time again.\r\n\r\nYours respectfully:\r\n\r\nMate Szluka\r\nSales Engineer\r\n\r\n6726 Szeged, Akácfa u. 16.\r\nHungary\r\n\r\nTel.: x Mob.:(+36)30/9680-469\r\nSzluka.Mate@gmail.com\r\nwww.x.hu\r\n'),(118,NULL,NULL,5,4,'Apple Inc.','Steve','Jobs','2019-04-05 19:50:00',NULL,0,NULL,NULL,'Customer Quotation - Subject: Levelling - Ref.: CQ-103 EMAIL-106',106,1,'Mr','+36301111111','szluka.mate@gmail.com','6726','Szeged','Akácfa u. 16.','Total_off',NULL,NULL,'HUF',1,60,NULL,NULL,NULL,NULL,NULL,'Dear Mr Jobs,\r\n\r\nHerewith we are sending our quotation attached.\r\n\r\nPlease do not hesitate to ask any question.\r\nIt will be a pleasure to serve you at any time again.\r\n\r\nYours respectfully:\r\n\r\nMate Szluka\r\nSales Engineer\r\n\r\n6726 Szeged, Akácfa u. 16.\r\nHungary\r\n\r\nTel.: x Mob.:(+36)30/9680-469\r\nSzluka.Mate@gmail.com\r\nwww.x.hu\r\n'),(119,NULL,NULL,5,4,'Apple Inc.','Steve','Jobs','2019-04-05 19:54:40',NULL,0,NULL,NULL,'Customer Quotation - Subject: Levelling - Ref.: CQ-103 EMAIL-107',107,1,'Mr','+36301111111','szluka.mate@gmail.com','6726','Szeged','Akácfa u. 16.','Total_off',NULL,NULL,'HUF',1,60,NULL,NULL,NULL,NULL,NULL,'Dear Mr Jobs,\r\n\r\nHerewith we are sending our quotation attached.\r\n\r\nPlease do not hesitate to ask any question.\r\nIt will be a pleasure to serve you at any time again.\r\n\r\nYours respectfully:\r\n\r\nMate Szluka\r\nSales Engineer\r\n\r\n6726 Szeged, Akácfa u. 16.\r\nHungary\r\n\r\nTel.: x Mob.:(+36)30/9680-469\r\nSzluka.Mate@gmail.com\r\nwww.x.hu\r\n');
/*!40000 ALTER TABLE `quotation_tbldoc` ENABLE KEYS */;
UNLOCK TABLES;

--
-- Table structure for table `quotation_tbldoc_details`
--

DROP TABLE IF EXISTS `quotation_tbldoc_details`;
/*!40101 SET @saved_cs_client     = @@character_set_client */;
/*!40101 SET character_set_client = utf8 */;
CREATE TABLE `quotation_tbldoc_details` (
  `Doc_detailsid_tblDoc_details` int(11) NOT NULL AUTO_INCREMENT,
  `Qty_tblDoc_details` int(11) NOT NULL DEFAULT '1',
  `Docid_tblDoc_details_id` int(11) NOT NULL,
  `Productid_tblDoc_details_id` int(11) DEFAULT NULL,
  `firstnum_tblDoc_details` int(11) NOT NULL DEFAULT '1',
  `fourthnum_tblDoc_details` int(11) NOT NULL DEFAULT '0',
  `secondnum_tblDoc_details` int(11) NOT NULL DEFAULT '0',
  `thirdnum_tblDoc_details` int(11) NOT NULL DEFAULT '0',
  `Note_tblDoc_details` varchar(200) DEFAULT NULL,
  `creationtime_tblDoc_details` timestamp(6) NOT NULL DEFAULT CURRENT_TIMESTAMP(6) ON UPDATE CURRENT_TIMESTAMP(6),
  `purchase_price_tblproduct_ctblDoc_details` float DEFAULT NULL,
  `unitsalespriceACU_tblDoc_details` float DEFAULT NULL,
  `Product_description_tblProduct_ctblDoc_details` text,
  `currencyisocode_tblcurrency_ctblproduct_ctblDoc_details` varchar(10) DEFAULT NULL,
  `discount_tblDoc_details` float DEFAULT NULL,
  `listprice_tblDoc_details` float DEFAULT NULL,
  `unit_tbldocdetails` varchar(20) NOT NULL DEFAULT 'pc(s)',
  `currencyrate_tblcurrency_ctblDoc_details` float DEFAULT NULL,
  `attachmentname_tbldocdetails` text,
  `attachmentsize_tbldocdetails` varchar(20) DEFAULT NULL,
  `attachmentcontent_tbldocdetails` longblob,
  PRIMARY KEY (`Doc_detailsid_tblDoc_details`),
  KEY `quotation_tbldoc_det_Docid_tblDoc_details_118ffe05_fk_quotation` (`Docid_tblDoc_details_id`),
  CONSTRAINT `quotation_tbldoc_det_Docid_tblDoc_details_118ffe05_fk_quotation` FOREIGN KEY (`Docid_tblDoc_details_id`) REFERENCES `quotation_tbldoc` (`Docid_tblDoc`),
  CONSTRAINT `quotation_tbldoc_details_ibfk_1` FOREIGN KEY (`Docid_tblDoc_details_id`) REFERENCES `quotation_tbldoc` (`Docid_tblDoc`)
) ENGINE=InnoDB AUTO_INCREMENT=233 DEFAULT CHARSET=utf8;
/*!40101 SET character_set_client = @saved_cs_client */;

--
-- Dumping data for table `quotation_tbldoc_details`
--

LOCK TABLES `quotation_tbldoc_details` WRITE;
/*!40000 ALTER TABLE `quotation_tbldoc_details` DISABLE KEYS */;
INSERT INTO `quotation_tbldoc_details` VALUES (4,6,2,2,4,0,0,0,'Defaultnote6','2019-01-24 14:20:33.282563',0,0,'','',NULL,NULL,'pc',NULL,NULL,NULL,NULL),(5,1,3,3,18,0,0,0,'Defaultnote18','2018-11-21 05:52:25.443132',0,0,'','',NULL,NULL,'pc',NULL,NULL,NULL,NULL),(28,1,2,1,33,0,1,0,'Defaultnote','2019-01-24 14:20:07.883695',0,0,'s','',NULL,NULL,'pc',NULL,NULL,NULL,NULL),(29,1,3,1,2,0,0,0,'Defaultnote','2018-12-01 11:53:40.073139',0,0,'','',NULL,NULL,'pc',NULL,NULL,NULL,NULL),(32,1,4,1,1,0,0,0,'Defaultnote','2018-11-21 05:52:25.443132',0,0,'','',NULL,NULL,'pc',NULL,NULL,NULL,NULL),(33,1,5,1,2,0,2,0,'Defaultnote2','2018-11-21 05:52:25.443132',0,0,'','',NULL,NULL,'pc',NULL,NULL,NULL,NULL),(48,1,2,1,33345678,0,2,0,'Defaultnote','2019-01-24 14:20:11.834025',0,0,'d','',NULL,NULL,'pc',NULL,NULL,NULL,NULL),(53,1,9,1,1,0,0,0,'Defaultnote','2018-12-01 20:24:40.488388',0,0,'','',NULL,NULL,'pc',NULL,NULL,NULL,NULL),(74,1,9,2,2,44,22,33,'Defaultnote','2018-12-23 19:40:34.300098',2553,15,'Something','HUF',NULL,NULL,'pc',NULL,NULL,NULL,NULL),(81,111,1,6,129,2,333,2,'','2019-02-27 13:55:44.559514',7,8670,'Django scripting','USD',NULL,30,'hour',289,NULL,NULL,NULL),(82,1,1,3,130,1,231,0,'Defaultnote','2019-02-07 20:30:37.755743',35,2,'Prgggggggggggggggggggggggggggggggggggggggggggggggggg gggggggggggggggggggggggggggggggggggggggggggggg ggggggggggggggggggggg','HUF',NULL,NULL,'pc',NULL,NULL,NULL,NULL),(83,1,1,6,131,1,0,1,'Defaultnote','2019-01-23 14:46:57.881933',7,0,'Pr7bbb bbbbbbbbnnnnnnnnnnnnnnnnnnnn hhhhhh hhhhhhhhhhhhhhhhhhhhhhhhh kkkkkkkkkkkkkk','USD',NULL,NULL,'pc',NULL,NULL,NULL,NULL),(87,1,1,3,135,0,0,0,'Defaultnote','2019-01-05 14:37:42.945382',35,36,'Pr','HUF',NULL,NULL,'pc',NULL,NULL,NULL,NULL),(90,1,1,28,136,0,0,0,'Defaultnote','2019-01-06 19:59:35.280443',0,0,'DefaultDescription','USD',NULL,NULL,'pc',NULL,NULL,NULL,NULL),(91,1,1,1,137,0,0,0,'Defaultnote','2019-01-23 16:51:03.485918',55,101,'Somethinffgggggggg  ggggggggggggggg ggg gggggggg  ggggggggggggt tttttttttttt ttttttttt ttttttttttttttt ttttttttttttttttttt tttttttttttttttttt tttttttttttttttttttttrrr rrrrrrrrrrrrrrrrr rrrrrrrrrrrrrrr','USD',NULL,NULL,'pc',NULL,NULL,NULL,NULL),(92,1,1,1,138,0,0,0,'Defaultnote','2019-01-23 16:51:32.516952',55,101,'Somethinffgggggggg  ggggggggggggggg ggg gggggggg  ggggggggggggt tttttttttttt ttttttttt ttttttttttttttt ttttttttttttttttttt tttttttttttttttttt tttttttttttttttttttttrrr rrrrrrrrrrrrrrrrr rrrrrrrrrrrrrrr','USD',NULL,NULL,'pc',NULL,NULL,NULL,NULL),(93,1,1,1,139,0,0,0,'Defaultnote','2019-01-23 16:51:38.898735',55,101,'Somethinffgggggggg  ggggggggggggggg ggg gggggggg  ggggggggggggt tttttttttttt ttttttttt ttttttttttttttt ttttttttttttttttttt tttttttttttttttttt tttttttttttttttttttttrrr rrrrrrrrrrrrrrrrr rrrrrrrrrrrrrrr','USD',NULL,NULL,'pc',NULL,NULL,NULL,NULL),(94,1,1,1,140,0,0,0,'Defaultnote','2019-01-23 16:51:46.447991',55,101,'Somethinffgggggggg  ggggggggggggggg ggg gggggggg  ggggggggggggt tttttttttttt ttttttttt ttttttttttttttt ttttttttttttttttttt tttttttttttttttttt tttttttttttttttttttttrrr rrrrrrrrrrrrrrrrr rrrrrrrrrrrrrrr','USD',NULL,NULL,'pc',NULL,NULL,NULL,NULL),(95,1,1,5,141,0,0,0,'Defaultnote','2019-01-23 16:51:52.919107',9,18,'Pr6','USD',NULL,NULL,'pc',NULL,NULL,NULL,NULL),(96,1,1,1,142,0,0,0,'Defaultnote','2019-01-23 16:51:59.802886',55,101,'Somethinffgggggggg  ggggggggggggggg ggg gggggggg  ggggggggggggt tttttttttttt ttttttttt ttttttttttttttt ttttttttttttttttttt tttttttttttttttttt tttttttttttttttttttttrrr rrrrrrrrrrrrrrrrr rrrrrrrrrrrrrrr','USD',NULL,NULL,'pc',NULL,NULL,NULL,NULL),(98,1,1,1,143,0,0,0,'Defaultnote','2019-01-24 13:10:32.562633',55,101,'Somethinffgggggggg  ggggggggggggggg ggg gggggggg  ggggggggggggt tttttttttttt ttttttttt ttttttttttttttt ttttttttttttttttttt tttttttttttttttttt tttttttttttttttttttttrrr rrrrrrrrrrrrrrrrr rrrrrrrrrrrrrrr','USD',NULL,NULL,'pc',NULL,NULL,NULL,NULL),(99,1,1,1,144,0,0,0,'Defaultnote','2019-01-24 13:50:07.914701',55,101,'Somethinffgggggggg  ggggggggggggggg ggg gggggggg  ggggggggggggt tttttttttttt ttttttttt ttttttttttttttt ttttttttttttttttttt tttttttttttttttttt tttttttttttttttttttttrrr rrrrrrrrrrrrrrrrr rrrrrrrrrrrrrrr','USD',NULL,NULL,'pc',NULL,NULL,NULL,NULL),(100,1,1,1,145,0,0,0,'Defaultnote','2019-01-24 13:51:10.790589',55,101,'Somethinffgggggggg  ggggggggggggggg ggg gggggggg  ggggggggggggt tttttttttttt ttttttttt ttttttttttttttt ttttttttttttttttttt tttttttttttttttttt tttttttttttttttttttttrrr rrrrrrrrrrrrrrrrr rrrrrrrrrrrrrrr','USD',NULL,NULL,'pc',NULL,NULL,NULL,NULL),(101,1,1,1,146,0,0,0,'Defaultnote','2019-01-24 13:51:18.375114',55,101,'Somethinffgggggggg  ggggggggggggggg ggg gggggggg  ggggggggggggt tttttttttttt ttttttttt ttttttttttttttt ttttttttttttttttttt tttttttttttttttttt tttttttttttttttttttttrrr rrrrrrrrrrrrrrrrr rrrrrrrrrrrrrrr','USD',NULL,NULL,'pc',NULL,NULL,NULL,NULL),(102,1,1,1,147,0,0,0,'Defaultnote','2019-01-24 14:08:26.315982',55,101,'Somethinffgggggggg  ggggggggggggggg ggg gggggggg  ggggggggggggt tttttttttttt ttttttttt ttttttttttttttt ttttttttttttttttttt tttttttttttttttttt tttttttttttttttttttttrrr rrrrrrrrrrrrrrrrr rrrrrrrrrrrrrrr','USD',NULL,NULL,'pc',NULL,NULL,NULL,NULL),(103,1,1,5,148,0,0,0,'Defaultnote','2019-01-24 14:09:33.798240',9,18,'Pr6','USD',NULL,NULL,'pc',NULL,NULL,NULL,NULL),(104,1,1,1,149,0,0,0,'Defaultnote','2019-01-26 13:39:04.343656',55,101,'Somethinffgggggggg  ggggggggggggggg ggg gggggggg  ggggggggggggt tttttttttttt ttttttttt ttttttttttttttt ttttttttttttttttttt tttttttttttttttttt tttttttttttttttttttttrrr rrrrrrrrrrrrrrrrr rrrrrrrrrrrrrrr','USD',NULL,NULL,'pc',NULL,NULL,NULL,NULL),(106,1,16,1,1,0,0,0,NULL,'2019-01-29 13:42:42.874127',6,36,'Somethinffgggggggg  ggggggggggggggg ggg gggggggg  ggggggggggggt tttttttttttt ttttttttt ttttttttttttttt ttttttttttttttttttt tttttttttttttttttt tttttttttttttttttttttrrr rrrrrrrrrrrrrrrrr rrrrrrrrrrrrrrr','USD',NULL,NULL,'pc',NULL,NULL,NULL,NULL),(107,1,17,NULL,1,0,0,0,NULL,'2019-01-30 13:40:34.048789',NULL,NULL,NULL,NULL,NULL,NULL,'pc',NULL,NULL,NULL,NULL),(108,1,18,NULL,1,0,0,0,NULL,'2019-01-30 13:41:16.323672',NULL,NULL,NULL,NULL,NULL,NULL,'pc',NULL,NULL,NULL,NULL),(109,1,1,1,150,0,0,0,'Defaultnote','2019-01-30 14:28:46.966998',6,36,'Somethinffgggggggg  ggggggggggggggg ggg gggggggg  ggggggggggggt tttttttttttt ttttttttt ttttttttttttttt ttttttttttttttttttt tttttttttttttttttt tttttttttttttttttttttrrr rrrrrrrrrrrrrrrrr rrrrrrrrrrrrrrr','USD',NULL,NULL,'pc',NULL,NULL,NULL,NULL),(110,1,19,NULL,1,0,0,0,NULL,'2019-01-30 16:40:04.400883',NULL,NULL,NULL,NULL,NULL,NULL,'pc',NULL,NULL,NULL,NULL),(111,1,20,NULL,1,0,0,0,NULL,'2019-01-30 16:44:03.425341',NULL,NULL,NULL,NULL,NULL,NULL,'pc',NULL,NULL,NULL,NULL),(112,1,21,NULL,1,0,0,0,NULL,'2019-01-30 16:47:39.537258',NULL,NULL,NULL,NULL,NULL,NULL,'pc',NULL,NULL,NULL,NULL),(113,1,22,NULL,1,0,0,0,NULL,'2019-01-30 17:29:39.483899',NULL,NULL,NULL,NULL,NULL,NULL,'pc',NULL,NULL,NULL,NULL),(114,1,23,NULL,1,0,0,0,NULL,'2019-01-30 17:30:03.997293',NULL,NULL,NULL,NULL,NULL,NULL,'pc',NULL,NULL,NULL,NULL),(115,1,24,NULL,1,0,0,0,NULL,'2019-02-03 20:38:44.563799',NULL,NULL,NULL,NULL,NULL,NULL,'pc',NULL,NULL,NULL,NULL),(116,1,25,NULL,1,0,0,0,NULL,'2019-02-04 11:43:07.955435',NULL,NULL,NULL,NULL,NULL,NULL,'pc',NULL,NULL,NULL,NULL),(117,1,26,NULL,1,0,0,0,NULL,'2019-02-04 11:45:20.132369',NULL,NULL,NULL,NULL,NULL,NULL,'pc',NULL,NULL,NULL,NULL),(118,1,27,NULL,1,0,0,0,NULL,'2019-02-04 15:17:16.605155',NULL,NULL,NULL,NULL,NULL,NULL,'pc',NULL,NULL,NULL,NULL),(119,1,28,NULL,1,0,0,0,NULL,'2019-02-04 15:22:22.158048',NULL,NULL,NULL,NULL,NULL,NULL,'pc',NULL,NULL,NULL,NULL),(120,1,29,NULL,1,0,0,0,NULL,'2019-02-04 15:32:56.537200',NULL,NULL,NULL,NULL,NULL,NULL,'pc',NULL,NULL,NULL,NULL),(121,1,30,NULL,1,0,0,0,NULL,'2019-02-04 15:39:28.656762',NULL,NULL,NULL,NULL,NULL,NULL,'pc',NULL,NULL,NULL,NULL),(122,1,31,NULL,1,0,0,0,NULL,'2019-02-04 16:39:59.452817',NULL,NULL,NULL,NULL,NULL,NULL,'pc',NULL,NULL,NULL,NULL),(123,1,32,NULL,1,0,0,0,NULL,'2019-02-05 10:03:05.158122',NULL,NULL,NULL,NULL,NULL,NULL,'pc',NULL,NULL,NULL,NULL),(124,1,33,NULL,1,0,0,0,NULL,'2019-02-05 15:43:30.979642',NULL,NULL,NULL,NULL,NULL,NULL,'pc',NULL,NULL,NULL,NULL),(125,1,34,NULL,1,0,0,0,NULL,'2019-02-05 15:44:11.841624',NULL,NULL,NULL,NULL,NULL,NULL,'pc',NULL,NULL,NULL,NULL),(126,1,35,NULL,1,0,0,0,NULL,'2019-02-05 15:46:28.874090',NULL,NULL,NULL,NULL,NULL,NULL,'pc',NULL,NULL,NULL,NULL),(127,1,36,NULL,1,0,0,0,NULL,'2019-02-05 15:50:03.891791',NULL,NULL,NULL,NULL,NULL,NULL,'pc',NULL,NULL,NULL,NULL),(128,1,37,NULL,1,0,0,0,NULL,'2019-02-05 16:25:25.327099',NULL,NULL,NULL,NULL,NULL,NULL,'pc',NULL,NULL,NULL,NULL),(129,1,38,NULL,1,0,0,0,NULL,'2019-02-05 16:27:11.361033',NULL,NULL,NULL,NULL,NULL,NULL,'pc',NULL,NULL,NULL,NULL),(130,1,39,NULL,1,0,0,0,NULL,'2019-02-05 16:27:47.406182',NULL,NULL,NULL,NULL,NULL,NULL,'pc',NULL,NULL,NULL,NULL),(131,1,40,NULL,1,0,0,0,NULL,'2019-02-05 16:29:04.474286',NULL,NULL,NULL,NULL,NULL,NULL,'pc',NULL,NULL,NULL,NULL),(132,1,41,NULL,1,0,0,0,NULL,'2019-02-05 16:31:08.613606',NULL,NULL,NULL,NULL,NULL,NULL,'pc',NULL,NULL,NULL,NULL),(133,1,42,NULL,1,0,0,0,NULL,'2019-02-05 16:31:52.220488',NULL,NULL,NULL,NULL,NULL,NULL,'pc',NULL,NULL,NULL,NULL),(134,1,43,NULL,1,0,0,0,NULL,'2019-02-05 16:37:19.440039',NULL,NULL,NULL,NULL,NULL,NULL,'pc',NULL,NULL,NULL,NULL),(135,1,44,NULL,1,0,0,0,NULL,'2019-02-05 16:41:59.397349',NULL,NULL,NULL,NULL,NULL,NULL,'pc',NULL,NULL,NULL,NULL),(136,1,45,NULL,1,0,0,0,NULL,'2019-02-05 16:48:43.300668',NULL,NULL,NULL,NULL,NULL,NULL,'pc',NULL,NULL,NULL,NULL),(137,1,46,NULL,1,0,0,0,NULL,'2019-02-05 17:25:10.119037',NULL,NULL,NULL,NULL,NULL,NULL,'pc',NULL,NULL,NULL,NULL),(138,1,47,NULL,1,0,0,0,NULL,'2019-02-05 17:49:21.692032',NULL,NULL,NULL,NULL,NULL,NULL,'pc',NULL,NULL,NULL,NULL),(139,1,48,NULL,1,0,0,0,NULL,'2019-02-06 09:30:17.565528',NULL,NULL,NULL,NULL,NULL,NULL,'pc',NULL,NULL,NULL,NULL),(140,1,48,1,2,0,0,0,'Defaultnote','2019-02-09 12:13:25.265775',6,NULL,'Somethinffgggggggg  ggggggggggggggg ggg gggggggg  ggggggggggggt tttttttttttt ttttttttt ttttttttttttttt ttttttttttttttttttt tttttttttttttttttt tttttttttttttttttttttrrr rrrrrrrrrrrrrrrrr rrrrrrrrrrrrrrr','HUF',NULL,36,'pc',NULL,NULL,NULL,NULL),(141,1,49,NULL,1,0,0,0,NULL,'2019-02-10 10:53:27.420171',NULL,NULL,NULL,NULL,NULL,NULL,'pc',NULL,NULL,NULL,NULL),(142,1,50,NULL,1,0,0,0,NULL,'2019-02-10 17:22:45.242270',NULL,NULL,NULL,NULL,NULL,NULL,'pc',NULL,NULL,NULL,NULL),(143,1,51,NULL,1,0,0,0,NULL,'2019-02-14 16:21:46.263392',NULL,NULL,NULL,NULL,NULL,NULL,'pc',NULL,NULL,NULL,NULL),(144,1,52,NULL,1,0,0,0,NULL,'2019-02-14 16:22:39.274253',NULL,NULL,NULL,NULL,NULL,NULL,'pc',NULL,NULL,NULL,NULL),(145,1,53,NULL,1,0,0,0,NULL,'2019-02-14 16:23:30.016759',NULL,NULL,NULL,NULL,NULL,NULL,'pc',NULL,NULL,NULL,NULL),(146,1,54,NULL,1,0,0,0,NULL,'2019-02-14 16:24:43.430473',NULL,NULL,NULL,NULL,NULL,NULL,'pc',NULL,NULL,NULL,NULL),(147,1,55,NULL,1,0,0,0,NULL,'2019-02-14 21:01:22.145571',NULL,NULL,NULL,NULL,NULL,NULL,'pc',NULL,NULL,NULL,NULL),(148,1,56,5,1,0,0,0,NULL,'2019-02-14 21:46:19.118136',9,NULL,'Pr66','USD',NULL,18,'pc',NULL,NULL,NULL,NULL),(149,1,56,1,2,0,0,0,'Defaultnote','2019-02-14 21:46:47.634141',6,NULL,'Somethinffgggggggg  ggggggggggggggg ggg gggggggg  ggggggggggggt tttttttttttt ttttttttt ttttttttttttttt ttttttttttttttttttt tttttttttttttttttt tttttttttttttttttttttrrr rrrrrrrrrrrrrrrrr rrrrrrrrrrrrrrr','HUF',NULL,38,'pc',NULL,NULL,NULL,NULL),(157,1,57,1,5,0,0,0,'Defaultnote','2019-02-17 17:06:23.270007',6,38,'Somethinffgggggggg  ggggggggggggggg ggg gggggggg  ggggggggggggt tttttttttttt ttttttttt ttttttttttttttt ttttttttttttttttttt tttttttttttttttttt tttttttttttttttttttttrrr rrrrrrrrrrrrrrrrr rrrrrrrrrrrrrrr','HUF',NULL,38,'pc(s)',1,NULL,NULL,NULL),(158,1,57,5,6,0,0,0,'Defaultnote','2019-02-17 17:07:13.185019',9,5202,'Pr66','USD',NULL,18,'pc(s)',289,NULL,NULL,NULL),(159,11,57,5,4,0,0,0,'Defaultnote','2019-02-17 20:11:07.347519',9,5202,'Pr66','USD',NULL,18,'pc',289,NULL,NULL,NULL),(160,1,58,5,1,0,0,0,NULL,'2019-02-17 20:12:57.223063',9,5202,'Pr66','USD',NULL,18,'pc(s)',289,NULL,NULL,NULL),(161,1,58,1,2,0,0,0,'Defaultnote','2019-02-17 20:13:12.573891',6,38,'Somethinffgggggggg  ggggggggggggggg ggg gggggggg  ggggggggggggt tttttttttttt ttttttttt ttttttttttttttt ttttttttttttttttttt tttttttttttttttttt tttttttttttttttttttttrrr rrrrrrrrrrrrrrrrr rrrrrrrrrrrrrrr','HUF',NULL,38,'pc(s)',1,NULL,NULL,NULL),(162,21,59,5,1,0,0,0,NULL,'2019-02-18 14:12:29.395159',9,5202,'Pr66','USD',NULL,18,'pc(s)',289,NULL,NULL,NULL),(163,1,59,1,2,0,0,0,'Defaultnote','2019-02-18 14:40:31.971758',6,38,'Somethinffgggggggg  ggggggggggggggg ggg gggggggg  ggggggggggggt tttttttttttt ttttttttt ttttttttttttttt ttttttttttttttttttt tttttttttttttttttt tttttttttttttttttttttrrr rrrrrrrrrrrrrrrrr rrrrrrrrrrrrrrrs\n\njj','HUF',NULL,38,'pc(s)',1,NULL,NULL,NULL),(164,1,59,1,3,0,0,0,'Defaultnote','2019-02-18 14:49:34.980285',6,38,'Somethinffgggggggg  ggggggggggggggg ggg gggggggg  ggggggggggggt tttttttttttt ttttttttt ttttttttttttttt ttttttttttttttttttt tttttttttttttttttt tttttttttttttttttttttrrr rrrrrrrrrrrrrrrrr rrrrrrrrrrrrrrrs\n\njj','HUF',NULL,38,'pc(s)',1,NULL,NULL,NULL),(165,1,59,1,4,0,0,0,'Defaultnote','2019-02-18 14:54:06.959367',6,38,'Somethinffgggggggg  ggggggggggggggg ggg gggggggg  ggggggggggggt tttttttttttt ttttttttt ttttttttttttttt ttttttttttttttttttt tttttttttttttttttt tttttttttttttttttttttrrr rrrrrrrrrrrrrrrrr rrrrrrrrrrrrrrrs\n\njj','HUF',NULL,38,'pc(s)',1,NULL,NULL,NULL),(166,1,59,5,5,0,0,0,'Defaultnote','2019-02-18 14:57:18.967577',9,5202,'Pr66','USD',NULL,18,'pc(s)',289,NULL,NULL,NULL),(168,1,60,1,2,0,0,0,'Defaultnote','2019-02-18 16:53:42.004697',6,38,'Setup AWS EC2 Ubuntu server','HUF',NULL,38,'pc(s)',1,NULL,NULL,NULL),(169,10,60,6,3,0,0,0,'Defaultnote','2019-02-18 16:58:48.899859',7,8670,'Django scripting','USD',NULL,30,'hour',289,NULL,NULL,NULL),(170,1,61,NULL,1,0,0,0,NULL,'2019-02-18 20:37:22.537699',NULL,NULL,NULL,NULL,NULL,NULL,'pc(s)',NULL,NULL,NULL,NULL),(171,1,62,NULL,1,0,0,0,NULL,'2019-02-18 20:37:36.254210',NULL,NULL,NULL,NULL,NULL,NULL,'pc(s)',NULL,NULL,NULL,NULL),(172,1,63,NULL,1,0,0,0,NULL,'2019-02-19 15:43:38.132110',NULL,NULL,NULL,NULL,NULL,NULL,'pc(s)',NULL,NULL,NULL,NULL),(173,1,64,NULL,1,0,0,0,NULL,'2019-02-19 15:44:01.994398',NULL,NULL,NULL,NULL,NULL,NULL,'pc(s)',NULL,NULL,NULL,NULL),(174,1,65,NULL,1,0,0,0,NULL,'2019-02-19 15:44:15.948338',NULL,NULL,NULL,NULL,NULL,NULL,'pc(s)',NULL,NULL,NULL,NULL),(175,1,66,NULL,1,0,0,0,NULL,'2019-02-19 18:04:18.208903',NULL,NULL,NULL,NULL,NULL,NULL,'pc(s)',NULL,NULL,NULL,NULL),(176,1,67,NULL,1,0,0,0,NULL,'2019-02-19 18:04:37.481625',NULL,NULL,NULL,NULL,NULL,NULL,'pc(s)',NULL,NULL,NULL,NULL),(177,1,68,NULL,1,0,0,0,NULL,'2019-02-19 18:04:48.731087',NULL,NULL,NULL,NULL,NULL,NULL,'pc(s)',NULL,NULL,NULL,NULL),(178,1,69,NULL,1,0,0,0,NULL,'2019-02-19 18:05:02.553975',NULL,NULL,NULL,NULL,NULL,NULL,'pc(s)',NULL,NULL,NULL,NULL),(179,1,70,NULL,1,0,0,0,NULL,'2019-02-19 18:05:23.996509',NULL,NULL,NULL,NULL,NULL,NULL,'pc(s)',NULL,NULL,NULL,NULL),(180,1,71,NULL,1,0,0,0,NULL,'2019-02-19 18:05:41.498499',NULL,NULL,NULL,NULL,NULL,NULL,'pc(s)',NULL,NULL,NULL,NULL),(181,1,72,NULL,1,0,0,0,NULL,'2019-02-19 21:48:15.912173',NULL,NULL,NULL,NULL,NULL,NULL,'pc(s)',NULL,NULL,NULL,NULL),(182,1,73,NULL,1,0,0,0,NULL,'2019-02-22 15:56:21.508186',NULL,NULL,NULL,NULL,NULL,NULL,'pc(s)',NULL,NULL,NULL,NULL),(183,1,74,NULL,1,0,0,0,NULL,'2019-02-22 17:18:08.758596',NULL,NULL,NULL,NULL,NULL,NULL,'pc(s)',NULL,NULL,NULL,NULL),(184,1,75,NULL,1,0,0,0,NULL,'2019-02-25 12:50:26.144066',NULL,NULL,NULL,NULL,NULL,NULL,'pc(s)',NULL,NULL,NULL,NULL),(185,1,76,NULL,1,0,0,0,NULL,'2019-02-25 12:51:45.097255',NULL,NULL,NULL,NULL,NULL,NULL,'pc(s)',NULL,NULL,NULL,NULL),(186,1,77,NULL,1,0,0,0,NULL,'2019-02-25 13:17:59.625776',NULL,NULL,NULL,NULL,NULL,NULL,'pc(s)',NULL,NULL,NULL,NULL),(187,1,78,NULL,1,0,0,0,NULL,'2019-02-25 16:58:05.408509',NULL,NULL,NULL,NULL,NULL,NULL,'pc(s)',NULL,NULL,NULL,NULL),(188,1,1,5,151,0,0,0,'Defaultnote','2019-02-27 14:11:17.518447',9,5202,'Pr66','USD',NULL,18,'pc(s)',289,NULL,NULL,NULL),(189,1,1,1,152,0,0,0,'Defaultnote','2019-02-27 14:12:55.114742',6,10982,'Setup AWS EC2 Ubuntu server','USD',NULL,38,'pc(s)',289,NULL,NULL,NULL),(190,1,79,NULL,1,0,0,0,NULL,'2019-02-27 14:15:01.387982',NULL,NULL,NULL,NULL,NULL,NULL,'pc(s)',NULL,NULL,NULL,NULL),(191,1,79,1,2,0,0,0,'Defaultnote','2019-02-27 14:22:03.354659',6,10982,'Setup AWS EC2 Ubuntu server','USD',NULL,38,'pc(s)',289,NULL,NULL,NULL),(192,1,80,NULL,1,0,0,0,NULL,'2019-02-27 14:26:07.616705',NULL,NULL,NULL,NULL,NULL,NULL,'pc(s)',NULL,NULL,NULL,NULL),(193,1,80,6,2,0,0,0,'Defaultnote','2019-02-27 14:30:07.118233',7,33.69,'Django scripting','USD',NULL,30,'hour',1.123,NULL,NULL,NULL),(194,1,81,NULL,1,0,0,0,NULL,'2019-02-27 21:32:29.593402',NULL,NULL,NULL,NULL,NULL,NULL,'pc(s)',NULL,NULL,NULL,NULL),(195,1,82,NULL,1,0,0,0,NULL,'2019-02-27 21:34:11.611183',NULL,NULL,NULL,NULL,NULL,NULL,'pc(s)',NULL,NULL,NULL,NULL),(196,1,83,NULL,1,0,0,0,NULL,'2019-02-27 21:42:53.882901',NULL,NULL,NULL,NULL,NULL,NULL,'pc(s)',NULL,NULL,NULL,NULL),(197,1,84,NULL,1,0,0,0,NULL,'2019-03-09 16:42:44.908322',NULL,NULL,NULL,NULL,NULL,NULL,'pc(s)',NULL,NULL,NULL,NULL),(198,1,85,NULL,1,0,0,0,NULL,'2019-03-09 16:43:50.669918',NULL,NULL,NULL,NULL,NULL,NULL,'pc(s)',NULL,NULL,NULL,NULL),(199,1,86,NULL,1,0,0,0,NULL,'2019-03-09 16:51:30.187203',NULL,NULL,NULL,NULL,NULL,NULL,'pc(s)',NULL,NULL,NULL,NULL),(200,1,87,NULL,1,0,0,0,NULL,'2019-03-10 14:04:24.070051',NULL,NULL,NULL,NULL,NULL,NULL,'pc(s)',NULL,NULL,NULL,NULL),(201,1,88,NULL,1,0,0,0,NULL,'2019-03-10 14:05:19.381961',NULL,NULL,NULL,NULL,NULL,NULL,'pc(s)',NULL,NULL,NULL,NULL),(202,1,89,NULL,1,0,0,0,NULL,'2019-03-10 14:06:03.492829',NULL,NULL,NULL,NULL,NULL,NULL,'pc(s)',NULL,NULL,NULL,NULL),(203,1,90,NULL,1,0,0,0,NULL,'2019-03-10 14:07:04.965943',NULL,NULL,NULL,NULL,NULL,NULL,'pc(s)',NULL,NULL,NULL,NULL),(204,1,91,NULL,1,0,0,0,NULL,'2019-03-10 14:07:56.323861',NULL,NULL,NULL,NULL,NULL,NULL,'pc(s)',NULL,NULL,NULL,NULL),(205,1,92,NULL,1,0,0,0,NULL,'2019-04-03 10:31:52.722162',NULL,NULL,NULL,NULL,NULL,NULL,'pc(s)',NULL,NULL,NULL,NULL),(206,1,93,NULL,1,0,0,0,NULL,'2019-04-03 10:35:39.614809',NULL,NULL,NULL,NULL,NULL,NULL,'pc(s)',NULL,NULL,NULL,NULL),(207,1,94,NULL,1,0,0,0,NULL,'2019-04-03 10:43:44.002162',NULL,NULL,NULL,NULL,NULL,NULL,'pc(s)',NULL,NULL,NULL,NULL),(208,1,95,NULL,1,0,0,0,NULL,'2019-04-03 10:47:24.610622',NULL,NULL,NULL,NULL,NULL,NULL,'pc(s)',NULL,NULL,NULL,NULL),(209,1,96,NULL,1,0,0,0,NULL,'2019-04-03 14:14:31.153007',NULL,NULL,NULL,NULL,NULL,NULL,'pc(s)',NULL,NULL,NULL,NULL),(210,1,97,NULL,1,0,0,0,NULL,'2019-04-03 14:22:13.698139',NULL,NULL,NULL,NULL,NULL,NULL,'pc(s)',NULL,NULL,NULL,NULL),(211,1,98,NULL,1,0,0,0,NULL,'2019-04-03 16:11:27.150961',NULL,NULL,NULL,NULL,NULL,NULL,'pc(s)',NULL,NULL,NULL,NULL),(212,1,99,NULL,1,0,0,0,NULL,'2019-04-03 16:19:04.108532',NULL,NULL,NULL,NULL,NULL,NULL,'pc(s)',NULL,NULL,NULL,NULL),(213,1,100,NULL,1,0,0,0,NULL,'2019-04-03 16:38:23.043998',NULL,NULL,NULL,NULL,NULL,NULL,'pc(s)',NULL,NULL,NULL,NULL),(214,1,101,NULL,1,0,0,0,NULL,'2019-04-03 18:00:00.089282',NULL,NULL,NULL,NULL,NULL,NULL,'pc(s)',NULL,NULL,NULL,NULL),(215,1,102,NULL,1,0,0,0,NULL,'2019-04-03 18:01:22.856452',NULL,NULL,NULL,NULL,NULL,NULL,'pc(s)',NULL,NULL,NULL,NULL),(216,1,103,NULL,1,0,0,0,NULL,'2019-04-03 20:24:49.922379',NULL,NULL,NULL,NULL,NULL,NULL,'pc(s)',NULL,NULL,NULL,NULL),(217,1,104,NULL,1,0,0,0,NULL,'2019-04-03 20:28:24.976096',NULL,NULL,NULL,NULL,NULL,NULL,'pc(s)',NULL,NULL,NULL,NULL),(218,1,105,NULL,1,0,0,0,NULL,'2019-04-03 20:32:34.171172',NULL,NULL,NULL,NULL,NULL,NULL,'pc(s)',NULL,NULL,NULL,NULL),(219,1,106,NULL,1,0,0,0,NULL,'2019-04-04 08:58:26.873097',NULL,NULL,NULL,NULL,NULL,NULL,'pc(s)',NULL,NULL,NULL,NULL),(220,1,107,NULL,1,0,0,0,NULL,'2019-04-04 12:36:29.959918',NULL,NULL,NULL,NULL,NULL,NULL,'pc(s)',NULL,NULL,NULL,NULL),(221,1,108,NULL,1,0,0,0,NULL,'2019-04-04 12:40:40.332686',NULL,NULL,NULL,NULL,NULL,NULL,'pc(s)',NULL,NULL,NULL,NULL),(222,1,109,NULL,1,0,0,0,NULL,'2019-04-04 13:30:28.665927',NULL,NULL,NULL,NULL,NULL,NULL,'pc(s)',NULL,NULL,NULL,NULL),(223,1,110,NULL,1,0,0,0,NULL,'2019-04-04 13:33:59.516311',NULL,NULL,NULL,NULL,NULL,NULL,'pc(s)',NULL,NULL,NULL,NULL),(224,1,111,NULL,1,0,0,0,NULL,'2019-04-04 13:58:58.684714',NULL,NULL,NULL,NULL,NULL,NULL,'pc(s)',NULL,NULL,NULL,NULL),(225,1,112,NULL,1,0,0,0,NULL,'2019-04-04 14:42:29.005777',NULL,NULL,NULL,NULL,NULL,NULL,'pc(s)',NULL,NULL,NULL,NULL),(226,1,113,NULL,1,0,0,0,NULL,'2019-04-04 14:52:17.069458',NULL,NULL,NULL,NULL,NULL,NULL,'pc(s)',NULL,NULL,NULL,NULL),(227,1,114,NULL,1,0,0,0,NULL,'2019-04-04 16:33:01.114634',NULL,NULL,NULL,NULL,NULL,NULL,'pc(s)',NULL,NULL,NULL,NULL),(228,1,115,NULL,1,0,0,0,NULL,'2019-04-04 17:42:37.879859',NULL,NULL,NULL,NULL,NULL,NULL,'pc(s)',NULL,NULL,NULL,NULL),(229,1,116,NULL,1,0,0,0,NULL,'2019-04-05 18:51:35.090359',NULL,NULL,NULL,NULL,NULL,NULL,'pc(s)',NULL,'Customer_Quotation_CQ-103_Subject:_Levelling.pdf',NULL,NULL),(230,1,117,NULL,1,0,0,0,NULL,'2019-04-05 19:48:47.821422',NULL,NULL,NULL,NULL,NULL,NULL,'pc(s)',NULL,'Customer_Quotation_CQ-103_Subject:_Levelling.pdf',NULL,NULL),(231,1,118,NULL,1,0,0,0,NULL,'2019-04-05 19:50:00.899079',NULL,NULL,NULL,NULL,NULL,NULL,'pc(s)',NULL,'Customer_Quotation_CQ-103_Subject:_Levelling.pdf',NULL,NULL),(232,1,119,NULL,1,0,0,0,NULL,'2019-04-05 19:54:40.252836',NULL,NULL,NULL,NULL,NULL,NULL,'pc(s)',NULL,'Customer_Quotation_CQ-103_Subject:_Levelling.pdf',NULL,_binary '%PDF-1.4\n%\\\\\n1 0 obj\n<</Creator (Chromium)\n/Producer (Skia/PDF m73)\n/CreationDate (D:20190405195435+00\'00\')\n/ModDate (D:20190405195435+00\'00\')>>\nendobj\n3 0 obj\n<</ca 1\n/BM /Normal>>\nendobj\n7 0 obj\n<</Type /XObject\n/Subtype /Image\n/Width 1500\n/Height 565\n/ColorSpace /DeviceRGB\n/BitsPerComponent 8\n/Filter /FlateDecode\n/Length 46887>> stream\nx\\_L\W01\\yai\m\\\t\oc#IMMMTB\`-,\";Ad%D\Z\D2HD%:J\\\tc\Ƙ6n{\\\\p?e)\|\\7\Ͻ{\0\0\0\0\0\0\0\0\0\0\0\0\0\0\0\0\0\0\0\0\0\0\0\0\0\0\0\0\0\0\0\0\0\0\0\0\0\0\0\0\0\0\0\0\0\0\0\0\0\0\0\0\0\0\0\0\0\0\0\0\0\0\0\0\0\0\0\0\0\0\0\0\0\0\0\0\0\0\0\0\0\0\0\0\0\0\0\0\0\0\0\0\0\0\0\0\0\0\0\0\0\0\0\0\0\0\0\0\0\0\0\0\0\0\0\0\0\0\0\0\0\0\0\0\0\0\0\0\0\0\0\0\0\0\0\0\0\0\0\0\0\0\0\0\0\0\0\0\0\0\0\0\0\0\0\0\0\0\0\0\0\0\0\0\0\0\0\0\0\0\0\0\0\0\0\0\0\0\0\0\0\0\0\0\0\0\0\0\0\0\0\0\0\0\0\0\0\0\0\0\0\0\0\0\0\0\0\0\0\0\0\0\0\0\0\0\0\0\0\0\0\0\0\0\0\0\0\0\0\0\0\0\0\0\0\0\0\0\0\0\0\0\0\0\0\0\0\0\0\0\0\0\0\0\0\0\0\0\0\0\0\0\0\0\0\0\0\0\0\0\0\0\0\0\0\0\0\0\0\0\0\0\0\0\0\0\0\0\0\0\0\0\0\0\0\0\0\0\0\0\0\0\0\0\0\0\0\0\0\0\0\0\0\0\0\0\0\0\0\0\0\0\0\0\0\0\0\0\0\0\0\0\0\0\0\0\0\0\0\0\0\0\0\0\0\0\0\0\0\0\0\0\0\0\0\0\0\0\0\0\0\0\0\0\0\0\0\0\0\0\0\0\0\0\0\0\0\0\0\0\0\0\0\0\0\0\0\0\0\0\0\0\0\0\0\0\0\0\0\0\0\0\0\0\0\0\0\0\0\0\0\0\0\0\0\0\0\0\0\0\0\0\0\0\0\0\0\0\0\0\0\0\0\0\0\0\0\0\0\0\0\0\0\0\0\0\0\0\0\0\0\0\0\0\0\0\0\0\0\0\0\0\0\0\0\0\0\0\0\0\0\0\0\0\0\0\0\0\0\0\0\0\0\0\0\0\0\0\0\0\0\0\0\0\0\0\0\0\0\0\0\0\0\0\0\0\0\0\0\0\0\0\0\0\0\0\0\0\0\0\0\0\0\0\0\0\0\0\0\0\0\0\0\0\0\0\0\0\0\0\0\0\0\0\0\0\0\0\0\0\0\0\0\0\0\0\0\0\0\0\0\0\0\0\0\0\0\0\0\0\0\0\0\0\0\0\0\0\0\0\0\0\0\0\0\0\0\0\0\0\0\0\0\0\0\0\0\0\0\0\0\0\0\0\0\0\0\0\0\0\0\0\0\0\0\0\0\0\0\0\0\0\0\0\0\0\0\0\0\0\0\0\0\0\0\0\0\0\0\0\0\0\0\0\0\0\0\0\0\0\0\0\0\0\0\0\0\0\0\0\0\0\0\0\0\0\0\0\0\0\0\0\0\0\0\0\0\0\0\0\0\0\0\0\0\0\0\0\0\0\0\0\0\0\0\0\0\0\0\0\0\0\0\0\0\0\0\0\0\0\0\0\0\0\0\0\0\0\0\0\0\0\0\0\0\0\0\0\0\0\0\0\0\0\0\0\0\0\0\0\0\0\0\0\0\0\0\0\0\0\0\0\0\0\0\0\0\0\0\0\0\0\0\0\0\0\0\0\0\0\0\0\0\0\0\0\0\0\0\0\0\0\0\0\0\0\0\0\0\0\0\0\0\0\0\0\0\0\0\0\0\0\0\0\0\0\0\0\0\0\0\0\0\0\0\0\0\0\0\0\0\0\0\0\0\0\0\0\0\0\0\0\0\0\0\0\0\0\0\0\0\0\0\0\0\0\0\0\0\0\0\0\0\0\0\0\0\0\0\0\0\0\0\0\0\0\0\0\0\0\0\0\0\0\0\0\0\0\0\0\0\0\0\0\0\0\0\0\0\0\0\0\0\0\0\0\0\0\0\0\0\0\0\0\0\0\0\0\0\0\0\0\0\0\0\0\0\0\0\0\0\0\0\0\0\0\0\0\0\0\0\0\0\0\0\0\0\0\0\0\0\0\0\0\0\0\0\0\0\0\0\0\0\0\0\0\0\0\0\0\0\0\0\0\0\0\0\0\0\0\0\0\0\0\0\0\0\0\0\0\0\0\0\0\0\0\0\0\0\0\0\0\0\0\0\0\0\0\0\0\0\0\0\0\0\0\0\0\0\0\0\0Ew}>\\\\q\ҥ\\l6ۡ\JKK\)(\ߝ+/wgI;\١O^\\zި\ :\\\}>\\\0\0\0\0\0I p\\.]\\S\\\VW=t\\\ʊr#յl8}\n|\p\-W\\\\\t\\d~\2XoxyD\Y>H*\'\\%ө\)V\\0\0\0\0\0B!\k\"0g\4V^~\\\\++\\\\\\\y\А{x\\\1\\42:R褷̛f̼W\\'EP6eISL&ae[WT;V\(\0\0\0\0\0<\\\\v8\UG\\n\R\\z|g\\\\Aח_|\d\-c,S䍉n\1~r\\ʰ՜8aSAT=*څTL\\\0\0\0\0\0Ϩp8\r[\J\'N\Z[\o|קd\/\\L\jL)ʄhLIRU|U!\Z\0\0\0\0Fw=\\\0\4~\zkk\\\}EEJN\wv^۾\L\\^v\Y&E\,R\\"\\\'vu]UE3>\0\0\0\0X\󕕖fee\/\7Vg@\\}EEy򪫎;\\x\\~H\\IfG\Z\ԀBrb*GURuҬn7\0\0\0\0ib\7l\?eeeZ)\0+\\p\BYi\ɺ\ֶo@ hcml&UP{{\\\R\k=\3\0\0\0@\\\\ْ96m\49y\\\XI].\\8|j_Qщ6^\\\'\p\]d^RRu\Tu}}6moaau\\\\6U\-\0\0\0 9|>_Ey5k\d\nu\0fu\\\\\ۿx?NLL\1?[\n\O\p9$UQ96\iowU\\\\V9\0\0\0Xi^\ׯg_\0O36\9u>w\\\\kO@G6Mu2K~\\\	\?\0Qd\\7{gXd\ =ԟo>d\PJi.	sUժpU{\\\l;\0\0\0,}}.VWI	|OϞ:zpUkk\7o(6̦H\B%O?\\\_~528\\\\tv;\\--77\\5669\\\I]]}m\?\\\\}\֭/FF\̑G\<OP\\ezޢ\At(P\ }>TmB%\H&u\\z@I͡F_\0\0\0\0e\Js\/\efh;\\=~\\T(\"̴\ěo<\ᑯ\==\\۝vg:VYy?(,\WP\w>7\xgVT\w8\u3\eV#?\\\ܝ捳\{\\\qP}2l(3ʒ2\\#̆\OE(|5\ZBͱ@MÆ3\0\0\0\ٳ\?Bј\_=\nY}\0H\S\]!\{S\Z\"\&\Jf|\?4\\\\\y]]G>&lDGHs~3\ʛ̳`62Xo9rZoqp\\\\'&V*\ʶ2\" *Nt\\F\\:>\ie\n?i#\0\0\\\Q\4\\\\TR\\+\\!\'\\\"\Jb_\\t\\\'N\8\ٳ\\\SSӺ&%$?S|\;\\\5\\\WV,,\xĎD\'\$^_[[\L4f\3oiksDe҂1ﭨدBh*ª\*JHVF\T}\\\dj85\=\0_{\4\_m6\s\=\\\&á\\ׁV\XXi^\ׯzV@tu])+-\\\\H_ICEW\O&\\\Z\\\\樭\\0kL\h\\\\\V\1\EeoV\\uJ7!f)Sd\\\OfM\kjU*\Ħ\mtdF\\UGՔ\\0M)s󿿲r\?>\\\Z\\\nI`	\\1T\\\vX=\r\\ܹ\-V\\\\02Lg\=NՏg̺ӓ\\\]\n,z&L\90sCz}\\\mom\ْ\kq\F}}c\\oo\WT\\s>3\\\upeE_A\ϕ\re&D\'Pc\\DfѨ*\v{\rUHe\3	&G5cSvt\\g\0V\?\']\\ZbHY0<<۪xՙ\ry5Y\\~\\\\\{p8J\\8\\\\\ݡ!wkk[m\?\\>#\\e&\\\\~\[\ꪣ={\\:/\\\h\=۽R7& X3\uXݙ\#>N32lP)cʞ2y5s\'\ĘEU*JW\\\.\	A8\Wq[ZZ\e\0eJW\5k\\\\\/^l_z\Z\:YWv\\G\0k\byix LN\u:e\rOOL\\\P9==o\\\Κ㑇\"\Y\\\\-9[\ܺ\+\˛\\\\<O\S\ؘGB33?DRȄetpQʤjەme^EPA\4mVa\IJs:;̎\Of+\KEԬ\̙FB\\\\0M\I2\xeee\dgg|>s\\\7/v[3Xo\OV_ccեL]]W\\\M4fr\Ғfӷ^_G\\#GM(&v\l#ͭ+\?N֝\b\\\)(*\L\:l0T]=y\\\2\\sԩz͔Q5˝\\U*SUj\\"\,-Eܹfʢ\n\0\`7n\\츠\\\\#.\\q\";]\70p3鋕\~zB\@f\￑;EyRӽi\r֭/lEE\b-9\ֶc\>\\26\Y\tAw\xs@YbS\	Pe0%PULxm\n\\Ę\UyRZ\\\Rs---{\n\n\\rV\0@\\%f	\5kִ?\\}\\v\\P]]\q\"1<RX_7 #\ީ\n\5<7,-A(\꺪\0\\\r{#\ooߴiӶ\\\\ؔ5:U\\y%\R\\IO͖lT	\nS-\Z]W6a.UJj%\p>|\kk\x\\\0<\۝sY=;;\_\ݙ\n	\\\\\\\SFMou!\047z\\\YYY\\PPe_Q\ؘ\\m\KK\\3&\\\_Yy\l2\\)gKΦMJ;:.\'a\r:nT&}ģGt\R\nQ)T976o659\SϪ\'\\\1\"%u\0\\\\>ܹ\%\\0P\rOϻ]L֭[ͭN\\r.\"\\\\&\ZϚ-V\k\k\>R5\\?PG\\q\\\˟Lp_QQљj\ƍ\\==\SW3\EG\DiH UJ؍e\*RE\\4U*P\878c\\\\\ׯ0\6d*\0xF-a\\\\zտ\l\\QK\~f	;β~zg\Ё\\\4/6V\W]ud]](\G\\8\=W\'јw\Mv\5>\\0%Ǘ\x\AWJ6T\TF\\\"3g\4~\=|(T45k(>u^]\\h\0\0ky<\\\\\7:9r\$޾eVHK+\kcc\\t\\\Cv\r~\?\{/xV*))\\uq\ەwb{\\s\i%N\"\Zl245\U.Q*UŪz\ֹyg\5M\\N2::n\\0\ob\\+\\A\2\'N\xh\2\\5kg浯\\ZK ().nnny\ׇ%\\ݛjll*,\F5gKN\\\<\gr\BUKK(\FI_gn__ޮ76oTutRsQ\Z\Z>Q%\ߟ=\\P:\0@\\\p\1\c\\\\\\UVZ֬:juQ\\b\\X\.^l\\Nd/\Hbi\ѣ_\Oi_VQt\\\ܝ\\ޞ1\rO\\<\\UJzc$2csQ1\\qd]]ڊ\t:m\;;T\Y\r1yTc%\֦N\m\yt\0j++C8%\\Df,\\ؔFdQd_|1)/\ Buu\Z\\\&=|h|\_Ss\QYy0:\\7\\\\'8hɬ\n\\\}}\\הn\\W?25=R6\Y@ O\ْcBaC\rd\2f{^\\}\0\\\lk֬(/x\!}z{{-\rTكLÄ\Xi^g\4Z]U\0gttt_QN \\xZ@&\\אȑ\H:|죜-9\X\\ڞ닚$/?Ntw_kmmSr8ڝΎ\\|W\U\˯Ft\+Mʮ2jW\;\Z\"]\LcP	&Pƞ\\\n֯_o\a~\\ٺ\'4I١͛	\ S\\D\\pҼtb\'\r,.\\x\TRǘ8\\\tS]}\rӉv#Su\)).~\8\'\\>rZ[\ZZ>w8\\۝& \\uZooo\rA\G3\"Seҿ\\ؘg\\\jYM\zhe\?0n\\Ғ\b\0HxZϟ2\\\IUA\Yh9/V\\Z׭<x\Zww_:\d\wÒ\55\].\?7u%\ׁ\\5\12==\Auhh\㩜H^\|\axx8wg\\\UjY\r\QѢ{BRēt(3g\Zu\08ݾzj\\rq\ْs\\VWXfr8	\\7\\\r\0)3϶%\<f:\/`\++;:.]\GO1{\OL\ihDCY\͛-ٔ\\\-,4sTg\!30p\n\Y!c2:\\\JqQL6w\[Xϱ1\ZB\Q_\\Q\\'@p\0ݣG\\3cSg\yL\0\\\bG\\rK+$xm\ƍ\\N\䫫]6\4c_*g_Q\\f\\'\\?\h=\+\\+\Z\74|\\w\[8s皝NY`aU!!	\tu]\\\\\nb2n}\W#\\\& 3:\\\\\\yS\dv\1?={֒\nQm\-,lj\j&\\n\ѯV:	\\\JՏ\\0ab\NΖ\\nK/d޸qn\>*@\\_O\\\L\q7\JKug@\Lu\\\\\33?|\\ؤ~$I},\\x\\\\1;qssJa2;ל+/w~Ey\\={Ύ۾\x\\\z\5Qe\P\pؒ:\ݙ[WWo\Rg\4\&ctKIVqeB:^oo%\\0į\գD\Jm\d\30ps	\^{\3NO\\+\֭[\f@:uv^Ѹ\\{\h:v̈\\ԩz\r\cK/woE#s\#\b\tw_\l&of5MOOϴ;UH@F_KzzG\aV?<|\\\Z\n& q\L\**\\K.YR-jj\Ré\*#\55\m\S&;\Ūޒ\?r\0(7G	Ia\\"	zc\E\MXgG0\\q΋\~x\\O\w$ \ѯ\Zqk<Țy1b\Z\'4\7L\"ͱ\m\\ÖZ\'}\ԴyP\\C\\5G2f\ۻ=\\]]Wsw\\rC\\\fL\\(K\x++\Y^W9W[ʴbuݮ.QTQVqeL\{+\˹I\,3&\{\5\"9\\Y#S.\x%rzj\rjK 󵴴\l6\r\Ș)CC\\\x啿nܸQΓaى%:m{k%{\33?Bءe^Q\M\;:.\rw\.J\Z\SP02:655d!\Ԃr~~|IUW\X\\\]e\9T|\o옌.@\J\\$f{xf\\\\\'\꬚7\0X\<L\\\]\\\UVU2Y\\ޞ\X\Z\\\\H)\\2nnڴIW\\_}\ƍ\\\\LMM;G{t\\[\,<\\xr[.\\7T}\Ύ8W\\\fd2ʌ?\j>}OAe\UŎɨV\1^{\͛oL<K\+=`y\5BgxɴjժÇו\T,.`hȽf͚T\Ҁ\~\ѐ\Y`\owW_\ƍuWOLƄ\Z2\5؏$g`\f˾pt\q\<:F`r(\+\ym??Y\TeI\ߝ~\nʨF\\\s}NW\f\ZUd\\x\2z%`y\nLX=DHM6Yzŉg\\\\V\^\.\=\HR\p\l8\G,\l\yտA\\yeyF#\\+i.[_ON\57\\ׯR;\]]W8h\q\'\Ꚛ쑰\\\t\\kp8\\Q^[\㵵ǎ}\\s=\p\ɂ]%v)\=\U\a\ņe\rK	\0\\\ܲn\:\nɔ\ugA\\\$u\T\\;/RzNb)\2Moo\5? \o>wy\;;\"\\HL\\h\'&s\ޔF]]WEi^h\/^l8q\\\\OlV<,Z\WTdm\2W2\ut\\Nte5wg\62\'&c1I\FgQaꪣ1vQ\0Xkl̳ͭV43TW؛<ggg^	\\pZ*m\'\\\\H!w\|j%5Z\\W$\0<\rC\\\u\\In}q\xmm:k@o<\o>?\Ȱ\gt\\\\\\\To,\n\C*s/F \$eL\(/Oj\8sQ\F*2ONݠ~VLFF\\\w~bR<\\q\\\0\-,zd6m\Zk׸gn	b\ۺu\,Y,l \\/).)\\t\\\\\\\Γ9rqnJ34\\\\\\I}EE\S\\\\@ 82:q\"FU\\+G;ל+/\Uu_pyt\\\O8q*n\ѭ\r\\d[/\\k(\m\}\\BMMEeT]{\n\n|>_zj\0\0\\\v[\:\Z[f͢v\)\Zdgg$\"LBn\\8c2M\ZP\;IFc\W^kΖ۾\\\\5\\3\Z\ܼu\]I\\ON\}Zs\\x\%%\j\"B\l6*NO^sO\S&N^\6KpbnM[DFͤT\ٸ\P\'1\5UFD]Hsvg/bRGU+\0\0Ki\-bZjՉ\\\n9\\\zZ]D \\\wݺuL#t\\\\Zek8{?3\<\\ph\\I2O]c\qnMc=<<l&}ՈsOAA\ZO(/\\:2:6<u\\d%3IFw\ZI	\\\zOvY\\\?PzzﯬLcS++o*\%\(\?|ut\JKwCcnoQ2a\\6\x^i?Ju%\0\0,\n\+*?\s[\ܪ]\[ϟ\\a%nt+\\H?\\V\X\\J<\\f@\"NgccS<\"\& SXo\ۣ\'\hq\F\n\^e`\擐\\"\\\3\xCC\\?ytϦ+{J\*>~\\\.א29}}\UKKK\ғuu2\[OKuL\\	\\9\4cc8g\DBm\jmom1\;u$1Ȏ\',Z\\5;\\0 Aӧt\rs_\\ۛ;\\!\\\\C`u~y\\'gKչV\\\WE`+o`i\ӟ5^p1Gj<0pu\A\7\Z\,i\\!݉-j?h\7\m\w\\-О멨\S]uT\nѧ\Xq\\\\9G7;\ّ?\JKUp\o\\K@PTV\\sJVUz*?\jUN{\\\+\\\t+\g-bڴi\K\w\{__:[aU]\\\0\0ˁ.+k`~VW\d\Lvv6e\f7nd_`\\y\\htF\`\,6),ܗ3w\=zM\#Ǚ3\\x\)\n^7o\'Nؒ~ommk8}˯F\\>FLfh\mvi=^oIVN\\\reb-_RB\AYmh\ӳg\\\l6Ur__>H\n\_\r\\(jD:@T\\$\*\au$3UF]K,\\e=U*+-\\0\0`\;;U,NVVVzw[tZ\:\r]6ͧT`_`Nuw_\\7		\e~ɘ(Lޮp8`p\\)1&Ęb?\Zzwt\\\\\&*4oksn\ܿ\zg\,+\3t\C\KSS\1E/Ч+\\\}EE\ʀ*̙FU\\\n\'&\̪\/ \\P(;?QRG21%uLpO1˨KTWMVU\0\0\Cx677\]м6m\duր\'36\\\fQ\'?\}6\md\s\\	\D/\\2\\w/\\C\Z\/jPo\\?N(ݻ7AK4\_Y/\+\*O\\\\\}Mi\[ےJdVBMMM\~\"I4\\rW\r\\nw,*P7fC\\'%2l\\\?\\\JoTWW\\\e[	˨#E+u3\\uq`\l.+\0\0X\\tZ=Xܝ[]ihn=dee\.\\+O\l\\u	fy\\2f\\kf_\\s\)KVJ[[\n\x\t\<LMMkzL_\:\\\O<ye\\+n[q\\*\_\X\\\%b\kk#˗bo)32:*\\\f\%s\\S{O\&S\\3CSÏ+:V\7x\\c<j|\o66au\T\og\87\kU5\[G\0V\n]8O,e>\\*L]p\VBRG	<GO\\Izj6\a\x&\d\R0\x9\\\'.Ş\{{\X	a3cL灧\F7\#_WW\ە\p\\Zlp\\ځ]]W\\1b2#cz\\\d]޵\\_}нʆ2l/\ST93g\ZU]4\Dk\\g\F& \\\\\Ύ!w\ϻ|\\fcx>W\rcc\\*\0\x/<#6u[\\\g\'*\Sk^7n|\\\r\eEyV-UU{\|\r#8gKF\=\6\\\BӻXp~Nt\'ff~z\\\\[:ٱc/\S!\\5|uu]2\2kH\*t\\?\#O}\"U\D9?s1\-S9\Zd\jRc΂I\:1qGMwt\\^0cw}\ՑU*˝8a[\\n<\\0uQ\ժ\\=tiЕN!\N\Ժ?yڃW\\\g\oį׹eW+[/`es\k֬I+\l6\u	,k#\]P<\Z2tkQPW\\HzLLF\\G\ĦÇ\\\\K-\\\gp\^$q\`__Stoa>7v\\Ё\[?m~\\\WiM\\\\LQծmՉ]\\k\\F\㳪N\L$\Zc\\;Uꧺ&R]خ[;u\>f:&\L\\\#_ﯬL\0\0K\z[w\\KWްaö;\ϿBJeeeX\);^~=+\e\f\֭c_\i4H7s\ek,<1q\?P*))N\Z/\\JYiiM\\\k\\N\r\ʣD\\0&83==3opff\\\a\n0g\tO`\}cG\eo\8*z{{\\\5h௓pg\3U&FD/PNa\oo>\\S[ϟW+\*xS]Um\\rŨ\Ř\Q)jV}\\|\ƍ\Ts^\\n&L\\-\0@\\\\ݙOtM\\Xs\{\\|$>^Gx\\\J\c_`~\Z,x\k{\\\sa\?Gt*+\\\'Uk\\\u\\pOMM\'/8߰\\\O\_O\z}\\\C\1wc;N\@n{k[g\}p\c3?\sS\\\\\ٳ??\R&y3SUje^9^[Bh*\z#s~\\t/@))Hft\\^݂.6 s\\.7;\\QPW]kVgSOS\'TWTg\7ٿ\Z\06>/oW޼OF~-Ⴘ\Y%]~}\\t+Kcc~\\g\\~y\r\?IfttT\\Yb믿01qG\'ÇL\\\\ Z\dEfLpf\\Ⱦ&\xo8Γuu6\\\\\Zrǈ\\}70psdtl_QQ\'N\\6ua՞򯤂8\H\\qdbL6\\<ʆR\rfU\.\\ꜯ7u\?7U޺ER[\0T}}6l\ֶ[\3\#u\:_ezzoڴ\.]6)}g\fK~0.8u#dΜi,))\09:iܝ37έe\xm\\\N\[[\t*\@^Kbd&i\\D\0\\\\\\X\G\ߝ?6\\-VO2:\xT-&?-\'\\72l\ݔ؄\·I|y1f;\\\^5YOϞ\\#܇\\O<SeP(^v\0Ħ+\\DF\+5c׍\\=֭[\~3q^ng\\ֶď<4\ΌSk\\v\$]v\\><4^\\0y\&Kc\lF--i*\\3<iXSdg\\\'7\{?(17~Ո\5L:pЬR<\A\\?9^[{\iФ\\&~\X/\[\JKvD2+WVA\\B*\Y̇\AEKKj }\Am3Q5 \{*S\lV\SWV\'jN}FF\n\0;\w0ˆ\rnZ\\\I\\\\%e\\\MԽq\\װ\"\gt\\\f_ B[\qKzR}**kttrxc\\\kI\RO\onmh\\z|ss\\3O%Di\\\x\Դ\5d,@&LL\	~|\\=\\x\\\1\\\\\\\"z\\\\v$5ғۣͯ\D2oʒ\\2sc\I&Sé\l\\\\OJ\￡n6\+9\2n\ \Νk~\Xvm6K\r\N\Otocuր\\\\j\\!&)@ॗ^J\i)M\\0&\'\:ppI\Z\$PYyȑꪪc&\c\>\$!cc\b\\6%\\.]4<3\\Lt\!ƿ޻7\'DOMLP?Eq\aM\\Nz4\CF\踬;\\'\\JJ:\\~WsWuK\\\0\\nǪUNі.wg\\B\-,:_@|>\\\\z.6P\\K.9.=xF\\Z:\fVLt9T,	9sq\\\Z>e\\\\gzzf\ĉ\_̼\Z\65Oę`fy/=\(oj5\L@Fɒ^i!Ym\?gu?uH}nSe\\Յ.\\\\0ߟ\پ饆Ts˲z\AV\n\Yc\\\k֬a߈W^k(J6mOA?Z4\d7`\t\\\Q]u4E9U&4\oiܹfZZZnl\xK<q4Du$\\PR\-\(iw童Rc:[Y\G\Z\\!kt\T\?*)\!\0@%^}o\\\V7\\"LL\y\d\[\\Z}}9[r\~׮]\\\\8]\JK\\\W\p\rxUUӈ8:\\\o{xjտt\RޮR@\n\n8sQ\tv|}\QIg|&E\M\K<2:\nW\\\#\\\U3y\ؼ\f;9[޺E;VW\I\0\"n;\K/[_~9\r+źu뒲hz\[T\\0|RZϟO<\\ʊE\ub{W\\x.G`k][O#ྡྷ4\vb\\\ڼ]y4e썍M\r\r\M\Z\\r\\\H|L&\AJ\<Y?Tɏ\I@\3O@I\&-\l\aM\qu\8\\_\*59yw޹Ѳܑtw_\ߝ\\M\)).^[]pa\̿\\p\\\)\ٳ\b\\\\\ݙvVc\>\'|\\j0\I#t%\\:\\K\-9GT3}t\\'N\G3!\BY˲\'㰑P(\4Ę\5mj\\ZB͑\YR\\\.0+8aBq/_\n-\\0\\rF\;\^\\Z(/_n]\Z\0\Z-V\Zj\\O\\ih\]\Z\*7Xi^W%ۓk^\~lҰt_Qт;\hn.k\[_Yɒ}GGGN\ֶ\b\"0a:\N\~\\33g6yf\ΓI\1͔3+\\;U*Pը\4\1U]RR\?YWg\TCuYPSy6˗\Y+/$\0x\3lu\>v\\7\\\?몱\Ĭq\\\ef0|Zխ[NwVgH>*\˓8Ou\\36\\V6ų\\\.i\\\\Z[U\s\L㞂ue\1ix~\TY\b9w\Nz\\$\\+tS:*GU^\2\N̴(UԬWR%w\\UV{\\\EE\\~ѽQ4O_2ŉ]vu{\\tZU\0\x.kO\u$ۃ?N\5\\\n{k[\?\"T	\\59y7\<\rZ\ |=NpҼ۝!jxm\0+nuz{{\\4\8\nLo\<IR\\r8;s*+\l\'\l\DfjkYSs\\\\\\uul\\n\ӴU1Yd\-	¨\F\W%|\BT-fWUT$\Zc2L\M\r/Hn{_toT\\OT:u\c2[XpD\0\0H\А{\ƍsoW^AD\u\'gKޒ\r5k\s?\"w~\O5eR\\xoVVV-74\IݯvR6]p\fxi=9y7\\dBPdH\O\3urNM\-9Rm&x)T[OU?\@͡3\W\L\ZI\,\ZSLS([OEVU|UBBf=K\L7R52U6m\\n\Zez\`0-eLUD\0\n\hh\W\z\{	!AWE\DNq\F]v}EEI\ZU清{\\ث$_`Hby鴖j\\|%fv\%퀕\肓d~)\CCn3!\3>={\\r\J=s&zI9v\\\ꚪc_--wt\\\\\r\r\\h4ё\\r%w\_0\\0&\\Gt\\nb*\n⛉1&E\\*\ԞQn\\\B\'OE_\u\\\\\0nJwD529yWW\}EEڡWCxv}\c\ngOML\YpZ\'R!E\u\\3|b2߷<*²Z	T \p;\d=UܮMMv\"M7EIٙ*E?N\\paOA^~E\\\\l$ӑ#\\Z+\\0?v*z^MJ\D>\"\~ő\\C7\rPL$E+)\TEU]\\]N\\'\EQ|>\0Xf\ƍׯ_f͚?\\r6lڴien`\?fYi\#x\_\!N\\\\\Yz\Ӗ utnI\bt\\ZL\^1\ :\X8H\'m4s_\\hט%4\v\kuQo\ֶ-9{<b옕;\\5s^SSs\\gȧ\>|\n]!\\@\qbf\D^?k\Ь5[\̛#<:?)KP\L\6Eh\e\kZT9\"UԊx\\:.\\}R\a*6~cF\0q\\r\\v\kĒ߱\2y2xѵOɭ\Y\s\=`fÎs@\"\\SXi^I\\7\\W6\3BY\OL\옪׷|If~\6 [\\t:*olޜ+죪cs\'\\{\rؿ>~\\\Cz^lf\mX\N\MMv\\qu?\\\Pjoׇwtt\\V\켢d\OG^\-fUbvlcf\\'f⧵xoo0wz\n<\*wv*ѪՔ<OU<gxK<1\\\0\0,/++,#/\S,\n{@ 璮-9It t\Jb߈kײ\/\'\\::./\\p،v#\\h\\_7-Vc\&\'\iϺ\0O\\_ߔ8xDI32:6:\y\\\=8\***>|J<8+UT쏕\\{L}~\^ǫ\;&o*\X\\\ +.\Ё\r\r+FL\i\yRw5].\0`\\\\Aɢ[N\\\\dUBC\\\\e \0`QtK\m\r]~\#d\f\Z$q\L7x\6\DK\\fIf\p\\H\Z4B?YWpӦMe#c.\\ؘ\'Ơ֭/\}\\ɤ\"}d6==\;ɼ\ZZ\QNWWĺ8\w;{fkk\\\t<^R\r~.\0`9zPVz啿;K+\\\\\\}\\\\\\\\:pВ\JJ\}i\l{\ҥ\kX\J5l\\xb2\Zț1\\q<S\z*\\gp\;&w\{QQIO,vVLdnL$\eCCb\؟ׅfE\]]Wuϩ\3\\\p8:.\jh\\0X\Z\Z>YC\\_\ߝ\\\\\׿\ʦ;\\\t/\\W9\jii\\H~&Y\~fJ\/\/2۞@ gLF\qJ$uv^)).^`93֭/Fc\do\\\nn{{Ζon\7:\r\hoaᾢ\\QVIFc\"\-zޮ\P:oڴ|zz\޽1}\*#c\UGS|9\ZrWVTW\\:{\Q-MN\%&\0\\\o\\\\\\0GеO55\U\\\'X~IX4\$/\JJ\fn{\ڵV%	\\&^\o\D\d\\G\\I\\\J3u\\\31c\R$&SX/gKNg\\\\\r\T\\WTz\\]yzk\ϝk\ugj\G/(*ޞ{V\JK\{:j 3&355D\0\\l\v\\\g-VWKKK\%͌\~\nw\,O5L{\<!\$\r5\\\\͑ѱxb2\\\<\\]\w\\\dL\\/\dFMLfx\h]z0\1螩\ZLfzzy2\0\Fh\U\*yn`qZϟ_n\/$>\\(#36%\"Op6\zYii&m\\:pph\\\cx\\1ǯɤ6U\̓S\UꪣccTg\\\\=S5\\\<b2\08\le\))a)VA\\\n\o[Cp1@ \nW\\H\\\\\5\\\;<<#&3{\\\\\\4Ԇ\\\):\\\j#\Ǔ1`0XR\\bFLu\P(DL\0\nn}\[=F\G\'\\n ^~\MUo\'\\\\B?Ĺǯ~:;tw_$%\JK\\3sX׻\\\Z\\\W#1b2zM$&t]..+&&\Y\ʰ\+{z}\d:a螩\Z糰UKP\0`\Z\Z>y\\X`ݺu\\\Z+\JY4l;<<muQ\x\,7%\\cc8c2\p\\t\\\Z\f\ϧҩ\Z\\rc\df\Niضep\uV\'&\\,l5\\J5St\Tgf~Yط}\\0,UXq|OĦM2\\<\\\n/Mٯ\V#	\\ICu\rf\\\d5\퍢\ju9R\lkb2.\PA\\XA^IÉƩS\d\ʼf\ԭ\\\\=\\1!,\\0<t%*))͌?Cǐ\i\+*&	\W%A6ӧ\۝xb2\\ׯ\\\$QIg\ˑ:\k`ঙj#&W\3{&e\glv=K\vW\Ue<S\\?u^]1\-MUձ<%v\\kTE\d\0\xjj\%]V\\\X۽n\:{ )3Ngfl{b{\,izyF\Z\44\>YW\\d)i\\yE}\\^c;\Aa\\\\\uu]mksL\(jފs\]HTy\\/xb2=X]\0@&B\\\6~zX\n\foOYF7\ː\xg3 FG\\#_k̫sICCn\rf3u/@ J__\\O*f%\uVRRZTT\\Hu\.]\\}M1d\M&j,e^E().\ԘLu\Qչ\5\*\o\TEί_V\0Q~lذ!6$H3ݥoܸ\\ߞ$H\f\ZeF)\\$\'4\\uzz&v2sh\\1\\\$^\\\ݙku9Rbb\nT\\\צgf~[3\Z\l_Yy?x\4\\ZjiiQ\\s\ݛzZ{)\poo2\"\+*\\xr\|	s[\j;G:p0\rO\\0<t00pԩz\/\K+zC\L\Z\\\ye\\V$As3\ڵk\\\F\Zj#\\Z\\Ƽ.אI\Z|{ܫD7Qｗ\xG\宮\\j&9R]RRZX/\raۆӧ^>q\dzew5P\SP\nR\\\\W#ꊑn.jOWY]\0bttTN\\+*\ْ\/[.++\\!N\\4M\\Zm \v\Yۓ6lHψ\'\\Xn\\F٠Ì#\[\Ё.W>z)\\\qYIOw:\\\?().Nuƪe&B\tv\k\|e2\Ke\\}R]ѣ_\W\\\1\0`@ 0::\\\\\\liii8}رWV\}EE{\n\ntC\\\/\\l鬮3`q+kv\\vˑVr:\45\v\0\'F\\0\<}\\h\;<I\x\\-R\\\\q\\\\\PhvR\\\6\\?GY\GiXɥ4}	37?&L\u{T\\\mm\\tHuNIu\~1#\\*jll\0\0\Ea\\WTa\B55ǭ`\\ZN\W&W6\\^gԥc\f=H ԰wdt̤1\\+\rC,+OC~\\H?\n\[9\Z\k\\_V\\\U[\ܚғ>koaYz\^\\^̷925&s\AFu\H\\M\\\\33?\fa\Z\0\0+b\Ͽ\\[.S1\l\I6tüv\ZLwGf\\]c|}\rf	Ř\{\]\\\\\Q|\v\\\p\\Z\\[3P\QVQM\76oNiUx\=f_}n\y*\ʶ2\\ܢ&N]P\\&8\QGUwݟUEz.v\0\\\\LH̙F\\r,Zg\\xZR6հ\\r$Avv6\"3\QcqϿ<\}\k\Q挼::p_fɗ_h ?o\hP\\q\momK\w++\\M\s\(f\LgRy5MF>\nS\\\\\>R\Y78\R[]\0\0b:y啿Z]b`)w\\\$u6l\\\n\	\/|tt\\\Yb\}#}\2w&i;2:VVZju9Ow8\kkMLF\w4R\\~__Gl{\n\n.\\,57LL&D7DtRVa9q\円ܪHU$\cgK\0̠\~\&̬Z\%-c6M\ȫݙT\\rZ\'oWF\x1Y\f\I\p\*\r.J?r\|\\ڦ{\r\\\\Z\v`S=uY:\\\k\.|>\(fi`\\ge\gϦ.K\%Ё\x\P\\\G\*\j&\G\0\02F(J\4gɺԚ5k\\l\PR\\\\yEC\\^ᑯg\<\U3P\r\M\[\'Ϧ\VOlJ)R5V\\{\\J\joo\\-,T\.KP=h\x\k\\<\{^_W\\}EEV\0$\%2\r^zI\"VX\ɻ4\7\'^n;3&<8d\\'\\n)\yh6-l[\\:\i\\honn\\b\3\'\0\f;\\ؔґg\'&\\h)姫몲\\\\t.K\\v\<,\	\!\\ڿ?=qj2BU\0\0HEyyG@Vu\\n,\\W^\ߑ48w9\8^[ku9`\ڵlPR\\\А;v\\_4`\\\K.\\"1v\r\rͭ˯F2\\Y\\\\\rS`0h\>|455\\\L$\K\A\zq*c&.&0ﰺ\\xx\\̛\\0@D\Z$8a\o\;l,j;2:!mt\\\\\\\f l\?06決(\TR\\\\\f*\54oH}ʼ]yWR\\^\\\^\c\c\$Ŀ&c1Dcc7!6Ҕh`O%\bU+?),.;d\d)\"\B,\"!,KY\N\塈\)1fM7}\yv\\{\\Νޯas>\s\\\9\\ZHc`ᢢG\G\\\\PPC\[`\-h\mx^ڒ;B!\Y6fk3\\Zbt[oؠ䟌\\&%$|\\7<<V\]Xxqq \==\&%\ň\QZZ\\w\|.T\\ww\D9SYUu\c.?\\u\\\\\G+.D4c\'\O\\$\\\'ttt=4E4H\\'\M\bB!\Fe\Yi%!&|پ#f]VI\|\0&%I\0&ۃF\\\Ye7*/^<\\T44<\K=*\\?`lE\۷?\g^m\\Ø\\\/\CC\}}wS\\\TW<*\Z\ZYx\\"\H4\=ǛL>!B?NW<zM̶%3\0NdI6=B\\\\"\.x\r>*O>\m\"\\\\--\\\O\kի-n\`A\\ZK\8v(<,qlE3\'\\\kj>nllRki}>}x5E4Kݦ\{w\\\\U!Bl\\\\Zg%Y\"A\\\~\\'ֽQ]}\\z(\~IPYQk\uo5JO\-Ķ?/\sx\骨]X\\\\v{z{{x\"铧ou\fb\hXSa0>\\\\k\\Z\^\\K˛\?M\(wo1!,ex#$9XP`\\r3$~0\d\\5ݹ9\[\\\)\\\\#b\;79\뻃Zh2ׅ\\O\\Kj-ijj\'\\tw\԰fM%|R%011vΣG\DL\ff\\\\"v\\"B␩W_}զ\\#\\\L\\t=\\z{:[Ww\F!w߿\E\[x\b\\\]\\jjjYeoj\u\\u=yjw;:XP055=?\޾ΥaIs`psss\\9>ON؇=\\ͣxRb\-NxM\	!\>W^y\\	1FwJ\a\p\\\tUd$љ~0sP(\\\\r\r\\I \n\\+\✮,֥H)]\n\\\s\pQ¤%wO]mz;t\\oЯ.mKؠ.(hf\mL,C\u/MwM\\\䘾E!\\\\\l}z{{YuIMMMMOOxGٶ\unXeݷ_#\ou9\\ \A\\ڎ=ѽvioLMM#.B/q$xRCW\Z\Z\Z\El{0Ksss_\p\o>b\n,O\)wK\ZU oUK2DYYҤ\!Ba\L8]9@۰\PD۶~̤I\~Ld\ԃ$:[Z\\ъ\/\a@AȌx9?/jj\\\X\\v<uFL;im\\r!)==B\Qc\\\\H\n\\N\\.U68\\\y;gjjZ\Q\E(pn\EAc\\H)CB	RRR\|0Dqrd\\\\-055UI\D\Abd\6m\\tUd$\|y\"\.ׯ\C\?Q§\\/G/e;\;\\\XWwv\+yFܹ\Z㒘mի-bb\ᢢ!\\?\4hB\}\"bq\k	\r\OxhVB!KVVQ^\"1\?\+\m{\z	a\%)=#\oJJC8HK\\\T\\\\B7H,\\}\ѣNW\$\s\ιt\7uu\Z\Z\Zu*xLl\'\ʬ\0,,<__hmmCcc\dou\ѣoL\\\H##\Z\Z\\\'s9\f+D!8\\#\پ\rkF\J+q%G\W^y\uo$M\č (IT\j\\듓Eڈ)\r$\6L@ wwnM\\uuPt]\v޹c\\'\\,&\\++_x)Ǒ\jmΟ;kk\_WǎmkkC\hNϟf655\VSSs$\!B,230##Cyȃ`KM\\ޙ-\Ѷ\7ě;vX+G#\﹚\Z \Y|>߾w\FB\P z~~\\\^qyyő#\n\\+@oo\\\ѶʊnhhHdSh\\hk--.!;\\u铧^my\ex^_Hd.d4)yr\N!X\\ѣ\\Dm\Ӑ(\\F[\"J9\Zv\$47+\"~\\z( --mddĺ7q;RvI慅g\\\ؗ/\\\9]!3tv~z\uu\67AhP\Z~\\188444\\pQiM`q\b8SL1[Z\\\Za\\FQ0\\vClE3\h	~</\ \\Z\۷?sBBH\\\e9]3T\,VZd\n\\#a=\\\\\'ON\\2b&\#\"Ư?ϋ/Y7\\\?P[[WYY\\\(M\r\r\\\\kz\܅\1\yy08\v\j0F\\}\\\Ǟ\\'O\_\^GW\\rmaJ\[z8\t!8Br%!\\\\j$m\JݺuL\\i˶X\d$98v(\"}\W\\\\\)\g1[\t \nv\`A\2\\\"x@\B\)_ul|bf\\铧L\\\\Y^^!\\kQh0\,\\\\^Gx		2(hZh`\rWJIeB!$Tyc:]-h\$\ŋ\~׮]\\\k\yNWE\~{yXR\\|\\oD\툸==\2/^zkqyy<PUu\n\\0\\\xG\\'Q]CIggg=\\7bWq9\\\#G><}}\PX\v{DpAM\r\F\xM\n\;3Z[\=CCC\Gr3ЙG;]]ġ\\/z<\\=lH8nX\	&&&o:]ZZ[\rv`B\*\7V$==wE{&\oVV322\tUd$	|{\mnnk>!\hDӡ\e0\<XP@;;?\ݝ[Uu\3.F\epp\+ߗ\sPʸ{\\\$ <\\\\\\+0\Z&P2\\adi \\\Ԭ\s4\\\?\ NdIIIٸq#7Ir4t\P{.Wp`\Ύ0D\+}xH.6\/\Mok׮ݼyKCC#BEs#\O[EV\'w\|v\*ٯ\K\D\t=n\:&%I\\\\.1WAW\"@\\}\t(\ox\?\ݳ7Q\ \\<Ueejk\$T?x\ONMM\\}\#\e\+V-K]]7p@ݓ\0w\Le\\D%F56>|ɒ\e	ME]A&\,q4\!d\\06&\}SkBE\\۷!s0NN-B\\xv8m[n46glE\\źIdA\J\III\ٺ\;vG\\Ȱ\&%$~\￻\\}BO\8\Z]\?SlqELbNcc\Ւ\\Sg**t\\\{lcsO>\'\ΚknndGp(3\0#e\j\0D,YBAAy!\\](3hJV\zpz|d\u\ۉ\\?׽vv\k4l\\R&ߟ鴽HOO\\Bj\Z\RhW\YI͛\\<h\\\DrLAT췽\\t=\d$9\/\\\?h\\&\+\kqx;\/_>QV^ѣP]4JSS\in\uDǏxR|~nn~v6\\z\>ihh\wV&\'\'q\/?ʮ\0\`>}\v	\63\qu5!Fqzpdu\\iOHzM}\3&۶.\G`\l\\ݹ쩪:k\zcҊI[%ڍd{\u*\nشiux\wv	)YG.\\<\\\!D\tq@\񉬬Sǎ\Z\]@Խf(O/\n<\ǎ-).nkkCQC3d\$xFF>\N:\\\(\\\\}}wp\>}|\K\\Dݛ8\DB\G\\\\/5߿n\:gLJOi\kל\$\Ul¢1d5`\bIOO;l\Fl%\~\\\xPF&I\_DbQ	~jY\;b\<0|f\!:\ʊ%\\\>tk;zg\J\\ߏ/\\ \\"\\\/\\eNSEEE\J2\cGNMM/\Dg4\\Ih\\]4JLDH\\\<\kLInMN\钕\r^Ӟ*[ 2\^U\\DY1MD\\Jx\u˓&\/\\\8WS\t=\d$i\t߻\믈u:҄P\'\6:\gGuL.8n\kt\y\'K\d^m\p%̠\(j\.c\\\\\\i?.+..*\z%4	\Q\hx$L\OBȊ8=2hJnM&9o4F$te=+£G\(ɥc}\Ib\:B7\_-\3E0\/!q\t]\1A?	\˗\ G/O\\\n\/_ÝfggX9r\\\:5i+.ןP\%ZǦ\\\2ǇUUg\}\\SQZp)\Z\Z^?\\\/P\z%4<:/]L\\\\OL%d5\\ǏGWk233_}UKb4xN[g	%\\{{{S\\DV$ƋVd\-\f,Vdbb\"##\Z\~C\n\\ $N@\\}xIϦX\$\#6GS>N}\ȇ(ePk<\1X\on\Z\ZuI\\\\a\\\\ݹ˯X477\\\d\&S\;\!\\\"Kh\KObM\\9\$Ο\I<J\ǎ\5΢%q8#V\zu0\v\n`\p233{8q铧J\lZ\E\\\\#^B\\ϟ^~_MЋb\\\\\*0;{g#\\|,S\P\\\\\\/\'[,7\\"I\ܱ#|\\\\"\\<\BE\o\rbL}\4ee֗\BYb߻\+5	j2hc\*M\ѣon\j\&\$\8XiE\\\\\\,V\nIr,\ZE,z\\H{Ƣ+7Ъ\nhD\uu:;?\?E.\b\zu/^?ecTXx\\32\r\nϗBR~ś>\STTdFp\/_>XP /^F\\\\1=1\\Zh2h\nD&Ct&#\\\HZZiKϩ$4\'ⰃR\k\:]h\\'i\"T\\rB\vO\\\\1\rF7\l\>a&b\\"w\\޽{\\,\\ޙ]TT\\XxU\OB~677ݞ\\(x\\П_%(9o\\ú\@ \0p\|<-|n\\\GSdD\4x&!I\\MJJ\nnR~e\\o\Z5\lڴ	8Jx\\"fee\\8\\Fؼy\\\߰j\n5\\JӖ0\/.W,VZnI&\r~z\~dw&%I	\n\Vшu\P\O.,<e__CI\\\\\\%\\/\\\:XǙhF\QZzB(Fj]Ww!T\Zc\\ee\n\n`d\\Hinn>\7T\\Jbz\\\wv~*LMќ\\+д4b\"B	Ԏm~.\MLLT{\"5\\X=z\rt\W\v(\2221\'R\\0<\Y\]j-!\Z\"7o>\'I_%\\NIIq*\n!q\ee\U\RS1\~\\"`\X\W2z/D:\\&\\T\a\"V0	UAj8c\\ڜ\\\Rc¯\"{:::*\\HVͩqf%D9j6\x|\ZCMFW{\\\jvM\\;kf\u&a\k+\:CK&\\7攱t\\\c\V\~C\auo$G\M6Yߜ\\Ֆ\ݹbiL\OVUu\\@\0?+E\"zQ\>\b\\\\8~\ˎ䙙\\\T\\+\d**\r9o\\\	%5\&\\6\\\Z1)⒡\z\\\\\\>\'\4|\oiq9RAB\rMf|\\@MF\Z\\WRRRc\k2Ƭx!\[NG\\	Z\󷹹Y1$Ή\\J+n\:<,\:ZoVRQ\LK\1L},T\'Z?\\\Ͽs*ף[\ڥ\\x\VIqᢢ\\7\z\\Z\"Pd*\tub\p0\Qo\}ХWgv6 ̈́+.L\lp|4׎Ճ\Q&,\\j2xR\UV|\\\ׯ\\\\\},5\\\\h۸q\\١ɀ\\^\r\\C;\!qHB,VZU\~K\?UUg֭[1z!$\A~\\\\j\W\\\\È\^x)v&B\n/\\tw\,=~DYY\k\\޲w\^1M\̙\\k2\\\\0#f\^8\S\nvu\)bK:TpP9X	Wvh*\\\lZb7jG5ښ̛;v=5UhLrx\smڴ)ڹ̼\jOKMzArM\&M&_\'i\"\^\r$\b\awv~j\L\Zzu\0&%IO\\xp\\TW\\xh\\@ ?\O>\\\\\\\\\\힬,1UFL\\0 d\y\\\˗a|7\\ˁ5>\\|\\"\R\\TJh2\ZN48\\1؎\!\r5U$&q\\h皞NtMf\d2\d\0\F\IKKӘ&D\XiE6o\b}N\\S\Y9nĎedd5\rr\\)/\njj>\-UUg2A\=\\\\Q??wO\\\mhh{xPz/\JKO91(8\ni%\ŶV1.Err\bn_qpe*&!&`lk!!Ԏgɨ*ɘ\Qm58Kooorٹpuo$G_<M\7ĦMN<\0_dyE$\ZE|\Zի-\LM\\(B\r!\\\͏~W˅ӕ\\r\sS!c\\\PpX\5^\)p:^\up \gY1!%T\UWĥ\\2\b9S2XFhxcBb\5UPQ5+\.\5\"R^^;Bzz:]@w<\\HxĢ+I:::\\I-\\3\r\r\C*R(\E,	\Fkcc\`_\&ež\G|h #c\~-R\\n+9pw\\p\\g.0\\\[\÷dJhg{\fV&s@ɨ0\00\\<\r#NTyjGP\O=\0%\~8]1\/Y= \\\bSeeuU\Y\r\L\\Sg\\bo&l}u\+\\ߟ\\P\	\]R\\;\S==T3y(\\+\\T\\\\藿o\0JL\p}16.u\~Ɵ\v\\\(40O\"\B;v\\\;10YbBH8j3V^ɨEff\Z~@c\'/\Kob\j\ɑ\wÆ\4.IЁ3\/!\\\Ks	3\ePfԻ\\J5\	\\|~\\f0_~ݍS?^R\\\\YQwM$V*\]bȠ\"YCEd\}s\α⢲==p@TN+\E$酣\"\\g\n½pX|>.AH\M˯!2\PQ5UP\\Ԕ	\1P濛\;U\~322Xo\\$\\P\m\$CCIfI&U2\̙ʲS\'Oijj\	`~~a̗	!&1\C\\O8s\\k\p\\YC\\)`:r\C\0GyaqC8QmѣoP)T\rD5#R\\,Uȇ+<<77/b\\\BHVAL\\\Y\Q;&\nj2&ߏ\0֨iiijY8\\\;%\~pA\ZFr$\\̜\\rI\0\4<\ q\\\\EE\م_\3A/YN:SZz/Z[߿?\ss_>6>\\8\"\\|P?\\\M\r\C!\Ֆ\مa\\J]c`0̆xR`ؖ;7?/UCQ\PQ\7\\\f\k\17Fy>p\\B.\$$NP;&\nj2&\nT\rOpvW\\NNmώn}\\lr$Eaa\'I_Mֽ\\χr4feffj<	ʊ\\'9aH\\\eQ]\\s\\z\|=6>1\_Q\3bm\^.\o\[_\x;?/_l\\z\\\˗s\\)**z\E\N8,<c0F\Ta<`	Y튦\\H#\.Z܃[15\\\r[%B\\ncj2&\nj2j13\\rmҎd\\\\nVWs\n@n\\k\\Q\\sC\\p\̓e}0BL30pOf*,<,z!HSǎZ(h\~_l\ZXx63+߅1F,q\r\n~z;qL\!\Y[[W2vmmm8\\={q\\\n\Z%K	nU\Iqj\03=0\H\n\\"+r>	焤8\r\S΄K\J1y(V*)IQ\15UPQ5\^f\۷ሩ\VZ[\'G%\~1w*\nX~dBjHtlMhV\0=4Ό&\$\\\\\\vS>**JBI@\\\O>?~\8H\D̢	\7\\\\Լ2\(\y;/\n14$b\\'\\pRzxxf\1f#R\BpwMeTD`-.\nMQ;&\nj2&cCb.X\H{\\虓#\2\\r\\v\'^ƶ9~33хc\뻃 \\z<ޮ\\nD\df\":IR\\9X$\nRZz\=v\\nCC#\\8\Ï?k~~ajj\	_hDj\Gh5Bq$R\Z6TE\v\"!F\_AeQ\p)18)`]\\|$\ᚐ8G\腚*ɨMLMM\A/o-\\&%I췶6jG!Or$\s\~C\eG\\\\\W\5\^JJ\n%\P\,>m.\r!\\U[Zz\"\ൡr\ȇ%%G\Kh\cOMM\	\ss+J42*M|\{O\-\YTTlT\zPG\\}LaP)T-T\\\\^8\\!\*!5qip\\\(JjG/\dTAMF\dl\MMM\\r%p䩔g\R\P\G\O\\@ 3i\t\+fi#{\\K\\:,q\\\\\2337lx-33S\~^\CDk-\"XC\\\\Rk!\={e5&8#\n\p<}<\_\\LMM\J\pC\G4F$ijjX[1\Z5664/\\K=b\')\na6a+*jbiR\&(\A|vB6H&\nj2&c7\"dlPIV3vv~ڑഷ{е7oޢQ|l\"\!K\Z\x<^I\'\zg\4^\\\Xk<\uL\	OI<\nC=TX#,\1g\\\ݝq&@\h9r\C/\\N\\|\r0\ŋ!F\?\\fggC\[\py$B$zE,\n\ \ZÇ	(bQ8H3;I05\NwP\.ןP)T-\|%\1\\%\\ք$(jDj2&\nj21`xxDM\"q\LB~27 >\\A 缝\HuA$7\\\ȠV`vOx(4\\\CCC\/_Ưy2bMF5ΙLbąnMlBRL3BDfݓ\TWt\7\f1 _T\\3k /_\\\\K3\`\0#~׾;\0\=sR\\sT+\ğ|,[8\88Ne-y0\`\r\\\\"NgQ\j!\v$\ѣ\dTAMF\db\\oh[\i	\gvvVRǖk2׮\\\qɠ+{1\~zj2F$4uԚD\b;|\y\ 	\\\vω2wkB\[LbbP6Pp3g*/]MKӾ;Cccc\\9?\r	E7Bi\nN\t8)N;f\BF\nC:\\W{\d\=`\\kNQ\Qj2&\nj2A\>TX贍\CM&HM\f\<\+~	d\\\TWyf\"vkhh\\9a,!\P\#1c\(3\U\Z!}F	)!\"LyyEM\Ǘ.\\n==`\\\\\\|%\M	\a|_\\q\nytC^ĩCg\\4\F8.\bpBѣ\dTAMF\dbömk[b\0KHAM&HM\fRSSO<%~k\0Rs\Rx\\\\Ǜ\\@4\\ᑶ6Zж>#DpQX\"fԄdCג%+\g(/!\5wip7rEH\"?z*ɨLlؼy{O\j2Aj26f\\\\'rSM\\SUuV\\߻gc\\\=U\\\/,<>%\3,\n\\-p\\G]\ZKBH\ ?z*ɨLl\\6%$5 5vkMXz͛\J\מ[NK\rL?\Z4\sw\\\\\\pHHJ}&v,\\t\N_BHL=ʐܚ\Mj2PQE\\i20 q5 5	\;\6\\vßG!\}I\`AЗOxުyYK\\\ݿ@(CK\\Z8/\aBR#*+&à\\D\jF~(5UPQ5\ m޼%+!q5 5\233\CDdhu3d0\\\j\\߾Y[[[cc\铧0\\ޙ{Au\' #aX\QT\AP5T0\"7!d5#?z*ɨLlb>!	5 5X\rw\Yzv,(p<\\!ER_!%{\UYn{\\\\.Q+\_\? RF\$ʅ\\pR\ZI0\":0\S!h ?z*ɨLl\\w)Z\\\\2\d\db\\EKHKKKx \HaGAj||󶶶˗O<%\\Z1&++q\\	XH\'\p4PZ#6\++\\0\0føbѣ\dTAMF\dbȍ 	\\%de\\8\\\\F/\+\\<\`山{n\W{4M/_8\\ںs55(x&\c0/\\8\\8\:B#?z*ɨLl\(oyzz:X\dZZ\\7\Qj2B!1C~(5UPQ5\Pz\h>\i	Y\\۟)\%{gvu9G\5B!!F\@MF\dTAM&6	\[y.&EM&9&C!3\\(ɨ*\Ć[k7BL!BHd&\nj2&~ZZL\-\d\d!Bb̠Kj2&\nj21Cr;쬬,-%\\\\~D{~0\\\Nf&@]P#oY\du41\'a؂D8Ar\d`sxS\4㟮xVU=QVVRrpQ\njz\\\\suq\dB!\2.yɨ*\Č\n:m)Y\\\Cv\\odffn\\Zn\͛dee\\\#\]388䴱+ཻf\˸5rw\\@]P{\"Lrg\T&\"n^Z`j\'?\	۶7K*N\&\\\v}E\l\,\"LM\\'O]\2<u3\\)\\\\TYzX.\8!BV\Iɨ*\\\&)))f#r\R\A\\+s\,m\ͯ#\"|MuKW\\rUUw\ތ<d\\x^\ÏfQq셝3[P:?/\0\9\\=WSgYZzf\\\\\d\!9Idjj\\\Xkq\\":ƾ;*I!\\XbЂɨL,پ\r]\\+6,Φp\9o\Hf\"w\\\\a\S=\ݳ\z-\\'\\\ȰR\ח\Ǵɴ^&jߺ`\B\¬\ǌ&33\\reeeYyl޼O\\\z]xb\Af\\h`&i3B\jCɨL,io\\y2\z회z&n\\nܿCL+U\鹕;Wr6xx$,K2\v\\#	A\Y12\B\\̔EM\\[T\/쩭\u\\!\\\\\r\UShrpAaƣB!I5%PQ5ZvKm;iӦeevk2>XNZZ\铧$\8ɠwQ\ܤLk2}}w	BE(a\Hl޼%n7B!D-jG\dTAMF\db\\\ayM,TR9M-fA.Ni2v,1	MN+/IP2&\\\\\靝h!BI,\!ɨ*\Ğ\\\ZM\\bߟY\D3@ /MpDi9j2ccc\;\'\h2x;gB!$YQ;~&\nj2&\Y}\\.[] \nVC	4\3{\u\\Hb\\\\*,:\0\ߕ\\Kt5\\\xbNMMɷB!$j\dTAMF\dBHOO0`AӦ\"\\aƈ&4\fVb\\\<\ݝk_]L#\tu\X\\\\F13!B#mM&++K\\ɨ\,\ZT\o\رm\\ycccNZ\+Hj2\f\\ki2@ >5Қ\iD[\\\9BIb44\&\nj2J&C\\/#\h2qd)D\48\\BFgmp&cn\kPe܀\m{/\2Mm@B!$1=BX\rM\\v=\\Zj2\&j2$Nx蛸^\"\d,;m\d\\W\\j2\\0Q8\ZL]Ch\ݝ6/|@ .NMMuw\,/0)<\\~nk!BH\"bt`\rF/\\\\20pOy:\(\f£ml\\\d\\\RRR6Sh2]]7\j\\j2<\Gɜ>yJ8xi~0s\hFӒ98!BRSS1\n\\\0P!ɨ\\\\,/@Bj2dEg@m\\9o\\\\\ή,ܶj\mM\\FF㧧o޼%{g6\Gys\܀j3[\wݺu\N6&c\ю})\hjD\dpq\\i\ri\\\圫1d\'/B!Ɋ?EÉMF\dTKMfͲo\@M,gf\\\"6m\\\\\Dvrrr`\:7w\P\hk2U\EE\\\Fxfxx\r%ݚ\[\\\\n<\\\H\\=7\\=]44o:Lfffmm>oyS\\\\Ј0&@\i\\\hl\YYY&NA!\\&^&\nj254xmi\֭\%O}ŅE\ZLg\&FBp\\\'N<eQU\\cBp@yf\	YTf44tP&\ve\==\HM\'\\'\%\n<:%7!}\\ۺP\ʞ\{?U,_cܽ\ǓSN[\<~0726IՕ}^\\\\\oz\>\?!da|GPQ5D\0!\%?k\AF{\\\\Z\rM\Dvb\\\2883\tl\dLl8;wttԨG\m-$Ɍ])\\Z7\")!\s++ݢi2W \\\\A<W\\G\\^(lǁ\\C<ߒlwo[5#\\ǓSlw\\y\m|K\W?\\P\\߀ӆB\SCxAcTOM\\dj2$\\jBݼ^\\!\\.s7Z\\\u\\$\\\+\\7O27\\>M\/Cd`u9\N\0\\\M1:Iμ}3\\i\5\5X\Y.R֤HnBs#q\BŹ%1/\vI\?\\nA_^\"\<-?\\\xR;\_Ʒn\,\Jl?\lAc\Q(b}P-ON\J/O.^5d\N\#ύ:2!I1L]5CPIDɐpff\Z~\\Igggh\4CKQ֮]\r,V!\˄\"a&s@ ɺ\/_6dl&chǚuarr\ܬh	C\\S&\?0p\\\\\vv~:`ƢS<\q\\\n\\}X\y\\m9ŉ%}œo\\:ڗ\'UW\\V\Lίtȗ>%\5QWf\g\\<Z#\\Z[CR15D	\\v\7!V%3;;k\"^Q3Թ)\\"\\F`&\\ru\jjT9\\+j2.GHOO7cQ4&\'\'M$ɴ=\\1#q&\T+>ƷΎ\]\9O*I\\T\[O-\\\e_\\~\H[2t	\w\\yLC\!GkzQ15D	\\|jFpS2\ΊLm\\vF 0V\&M\Pw\^N\0F\\o!\"\W{F\D\dzzn:N\\̪H\Dx\d\\6n\{\2s?\s\\߀lw\qҏmr\\d&\$&2C74Y\ܐ#\H\L\"BMiN`6Gk\uCw&\\7\rMM)\\cdd\Њ4쾸\[,\366fh\'\\\\|2hVh\Y[dff\{w_}{ʛ+I,\VA,lw\N\:\8`.\'Bw\\c\}UE	\̍5MτXx\Y0\\!\$\"\dH\\42+bh\z6yLvh233嵵\\\\s55UX\\i\"\u\֍O\fff\W!&\X	\")))pT\\\\\s\\)$YOM\_\\=\V0\ը\E\'\>\IK_\2i\1!4s\&$P2ވ1\\\w\EM\\dj2$|K\\\5Ī\ݴi\n;`Y~LO\-\D6\\\-\d\\Ճ\\Bk478QV&Ip}\#lGG^%ġ&3AFEYF3\/Br\\\y<9eq\Z\\GdEe\_y\o\KW\Cx\nm{}hH? 5CPIDɐYvڗ4\\OXɜ>yJfm8\\T$i+\\\g?0\r.iF&3;;g\SSSub\\IyYICR\0v7\'4ě&(]]+D\#v\O6T<\]~\̯0ˤ\\\\\\\\\F\P>^\\dhoEK\\Kri~\M=DHc\`C!m\t5CPIDɐ6mi3\0m\;*,\d$󨤤ܳ\n\\ə*vh2PwM\\uCҌM\\I!7o)ʧ\\\dF\)n\ze\G2u\"	\[r%n.C{\#)o\](ʣ\v.fsV	\\_?\\2>\>\.*<\](,̍=~ܡ_g1͎ڒ\%c\\Zh\\\4B\\n˅\\rgF\R15%ິyWW{:j2$d ;\V3\n\\ٺu\7lx\\X\\Z\$vh2{?T\7\	-*B\Z\Zl\0vd\rG~?nmM\ĞbIKKۻgo_\[Cb\\ T)ޟ\.mYCP\-8O<\׭\ܽa\$\\\'\\,9aC\vО#J*\Ws}YjqE\\*)a\n(\\eqjʗ>٣iʨ\Vy\tOAHv,v\Z`\\"\dAMF	\֭Ә|.9_\\\\\ŷ2@3;XPpj}Be\GNRҒMff\\\r\|q\;lnaIKk280[\\u.\f$g^Eh2o&Y˗\?h$=&\\5d\n\`4uـW!X45ݩ\\\Ѻge\n}41C;\'d-ݭeV\hD\H\B%\"\\\߀䑭\\v&r\\\nhV4\IP\K\I^\"FFF\\"\dAMF	\֭\\L2ڒG^	\\MMM\r߯-\Pa{\ Os $7\ `k\t\&P2!O~^N%\4\<϶\5\nK\Hh2M~S0\q\\\"\c\}4\_?Q\n\\*%bh7\h	2t\'\H\\I\\L8jndL\Bl\\\F\\]MƐ[)\$E\Ţ\HH\v@MF\dTAMfhh(t\\\MM\|>\\\݊\\pQ\kI\$ސ\\0\z횭f\d\˜>y\\*8\\<\B[`Z>p5\\lɫl\\\'j2gd\*\%l1\n\dfhl)\~5\rXTu$rX\*\>>w#&َӴ6eQ\"$AQ>x&j2X\bdl\:^GAMV2B!q5UP	Z\d\\.̷Q	.e0FMMM<*஫W[lu\\d\\\rC|5:	c\.\UyhsH\t\\Qfֳ_\&\fQ\\km7\i2guU\'UW?DYo$\"jG\dTAMFY\Z\Zd\\\&{\r;\\d?\Mk2~_v\R\d}\Ǔk\\\'N	4\Wa1M^ܭ\Djפ\<-\\Rv\,e>ѵ;kYeb\\\)tz+YnI\ɨ*V&33P\w\n\;cccE9TXXYQGGG\y/\\\887$vo\`\\\Y?\==$\\\\hA9~Wcx\LA\@Q\(oا\\L_QaUfn^ݵ0\\@\/z\WVfLE\\\\\s&#v2U\m$j\\dTAMFV9WS\dff\F4\\\\\Zw&jq\_@\^؛7o\":[[&:X\UTv셝3[拰\\y|>\e/l<\d\Xcm&bW׍\\cV6i2\{L\ w\\\Y\H\\]>#3\DFPR=~N3\dd`{^WT\	I\V&Bɨbuj2SSS\\\\Л}}wBv\*ZQD|0\\`@\\j_\I\\L\\\\/\r\r\W\+*ء\*,\\:==$\\$هo\\y\DUWIq1f\\\x(1\36i2YVt\\\n+-2\jD?\[C+n<\nnŅKS>v+8-ǶKMFF\O*\\ie}\)B\\d4ֿKsSj2XB5\!MF|q||b❈\\иfi}D\x\\;d\m[֕\f%M\DY\w\\\\WPk]\\d\6l\ōK\\\<\\0ZK[~0#\O\	cccmmmhKx\[\"\4t\j%M\"3wB$\F7\\3sN\'3EfB/+QbzNJ\\\@Y\\O\+z;\Z*I\\\D|>r*V&\\8>\M&X\r\\\%ж\\f߻l\|n\bX\\fffڴ|ijjJr\\\Z{4y\\\&\'\\@\2\DWDҒؽ\z\\\W\-\]鸣aw\86i2ʆʊLN)\agQ8\IYCFJRpIk\]h2\r\gED\\\`9ɭ\`\vk\;*V&X|OGH	\ b>̚\\"?p\\'\tv~*\l\{ش\PO\\7г\QtUCA(V\\\߶B}*,\dB.\\mʊm\\U[	sw\\\'OI.6\\NIΖ1$ѱI\\Z\Lh\\^\\UC\_\ԉ\iI!N_[\c&#sWTWTM\"$i07*Frk2u!(΢|Ւ*V&3`\"\\r?ɠ\\"n:XP c\IhjiqE+\-\\vd\\\0\rMfvv\\\*#\W`&4\"m_^TM\C6Dh2CCCSA\\C\\g.p.Kr\p\N\M\M\\*y\\n M4|>T\'ip\"\\\\5-Wܣj1^T3;!\6I\n\M\\*V&^Y\"\\!M&\\T\\"R\h4WPv ]\q^\0\\,yk2\|+\Iill?¡\BN0~&oC\37::j!\\\\\ś\'\\ȓ\\,X͐d\MF\2\"(\^g1]\d%{r&%W\\\\\Ԥ[5|\\Zj]\	I\Z\rtY%L&U\ @О\'b\-\\ly2+\5$>1\Sujjƚ(ۢ\z]ULtt6i2\\qu\p\˗:aEM\\qp15\eee\rM\\LCyͶ\ݝk\\\$EHj&&\\D>+~5E{#&wyJl\ddv\\Z3\/!ahCMF\dT\n5\vFOX\\#@\\>\\N~ޒٍ\YQ	\ZO\\\:::W\e\"ML?\$\J)Xn\	+j2hW4ٶ\u\ep-\\\\?忞bq\e #qHҐTd*j2+CYWΓ?MF7Oٺ3\\hAMF۷j\d:5\0!b\\&S^^\v\\woKMMETQTW3Ԅp{{\\Лyht\Eh\\5tt\a\_ln+4۷?30[-s0\06o\b%4z\ݹ&\_&Ō4$ GߐXb&#۲\\]\,OfRq\"D\\'#3gqf\\\\!\\/Zď&30pOm\bLVVVQ1\\\d\ ?333͈CA\\Ο_\\	\\\+@5}O]ˉ\<zMs\,MT@j\"\eZSZc&\\AC.*2!\+\s\\Z\+\\\0\'\2,7\rcjj\\1Xne?¥j$>k\%\R8O\j2?l$2.\ɑڧ\\,%\o٧\t\YHHba|Eh2vd߻bY5j2JMX\\\\	\dJJτ\ںW¿KʊLsoJbll\DY\^(&\n\h\=\Z9b\\r^R[5\\\\T&wE&)O\c\&g &4>UFw\^%\\#%\\\fXq\\\\vHCڔ\$I\M\bbJNE\Y0\\\5\'\6Rxvc\v\2ؤ\,\nn\\6%\(P6l>NHb|Eh2`\-jkK4FM\S\r\rk\FxU\\\+xH344jKmmm\M\k2<h\-&@ \\\\BW>|Š=\A\JnR\rM&h0J8UUg\x\'\;;\\0=}n4\'\O\:e\rM\r\\\S@\"{gvKktttŦ8>>\z\\lh\TVV=N~^\\2\\r]x[$ްI\\\F8\ML\!I\x5\\\\r\"I҇]d/6!I\Q6qɘ\B\"NHKK\\Q1Ī\dXZ\]\2JIq\\}\\\\\Q\"<s\sx\cbIt/7oٻg\\\"%%Gw\\;%\E[s\J\#\E\?TX\xv)&ݚ\\\s\w|7444\\d`\)\o\ݗet6+j2\2\nE\4<>\\$:6i2\v\+$\FCw\\\\\-s\WQH\%d݋L@6i2͸\nh\2E_\]\yiI9+Mff\\x\_Hj2XLpI1\|f 5,Ht\\K5\rr\\d@[[B\5)O1#Z\\7w\0w@<o\pQх\\\nwGGGW׍v~=WS\\\\&Mf1#\ӓ1V>^Xc.\'\Q{,)k\V娩\R1}:;4쾪\Ns $Q07\F\\i2,J\6ǒ\	W#&cլ\\Ƌa.n\\6⺇%q\\\Crc&4$f\@\'쫂ut5\\\tu\P%,a o\\tItl\d2s\I\r;JgmlbaNPn\0}kdLwLvh2\,+h\\0Ird\"5554\Ҧ\q> 1\A~ɭɨf\k2\eB\nڴ\\\rܾ.=*\"b^ߤattT\jOd4tYYYN[\Z\h28\]c&\\Z\\\]:~Tk\ʧ>&	}L\%Se\03m\dgu_\\IE\Y^fk2\Ӿb.!\aCJJJi2}U\YD&\riii\;=Lu\\\',n3*uuujυ@F\J)v\fK\+hh2ʓN\%\vk\\\QY񑉍tI<s\\\q\h2%E1n\F	Ʒ6%ɀ\\O\v\'D\rM\OI&d딗+[TB\4L)\m|\\"\=?j22ةj1ɏނE\\:,嚌\\6-D\*#7\꺡\*}3\\Vh\Z9	\\\\ە\Vs!Q{`9\v	\\kLs\\\Ux:TmhhH\𕆆\\EE\مx0?/C8mp\ͫ\nIM&t*ci2)\Hj2\8)\hh2\\;;kf\\ب\ȥ.YbaOO_\LP6.w\\V*V\۶h\~jDB!xc`\\)W\k2\\nqH\R	.\r\5\R\\hk2%9\;({gvB[52:\0>cna\(Uح\\R\\\\q\JWH\ddvﲵ6!B㌎\D\&i2\'\X	.ډɐ&\\R\m֓&\\ʂ}\rmWj2Ai\dQ1G\&x!$\ϖ7L\B&ZMFfU\Z|K\"\x;&Bq\\\ee\SQƨ&#hnn9\d.+~f\dK\qŏ$\T-z\W5$\nM&pV\O.^Y-272&\M&(_}P}UQ(\vIFPZϵ*\rm\DY\\JB1*B!\==4R=[$##\Pad\jN	.ۻgMUHMME$4\R/8\&YNؿ\]&4\\/{3.\r#aIMFp\\\\\g\~*Il\d2 vT\80\Ł@ 072Fhv4&UHVo-~\'\\\nٟON}\\6EѾ\\n5dDY\\ZB!xe\ <\\T4>>188$\ \R6\kIr\\\7n\(y5\\U$-{gvW\\r<33S\5\\̓\\:Z֭[Wz\\dg秒_1\\\\r^^\\B\D\Ih2\[O8 -\v#m\۟\\\n3\\,V\nwT\h&\R_´\\=-xR;8\nOI΍	|W4\LD2I-\\i\[Jv!\'BqM[n)##\\ѣ(\\$\'o\\\[B hod\\NKKRD{\BDpi嚌\\?5\\R\\]\첸_\ݝr\T`Z\\gffZ|\q\\6\/\\\\\ظq\5M_\Üs~\\'\Z\Cl4\I\\b\Z?1\dK+$ӿ*\\ȄP\Ȉx\J\\R\B!\\\u8(\W_\\>\59xu\k--.m~\\\Pmm]VV8---{gv\\###\GR\ի:u\V㯺N\rZ\\x\\;)T/\rdnƣG\x^]\'pmn;ztӦMM1555##\{Z[GlN4>>\\\֍\A\++q_\?߰\u\\k\\ڸq#\\ᢢ\\wttD\Dd3M&(AfK\4 \dKd_\eB˕h2x\\\ RH&1ѳ_@B!$qA><<\\Ԍx\;n݊\nzz~\\L\~\\\ v\\y\'&&(+ۻg\\o \@]P#?W~\\;}T~^|\\S(MqppMq\-˛\;v,(}ܖhvv\;22\ܹ\\Q3==J\\"II,5`Lf˘\Y[k2)1e\N\J4\-\nse\\!B!pb\ا6,nHdC\k2%YF~{)}zrh2\ۯh\@  R\b2aB!B!d9\dKksl0$Y6Þ5&h2AY˗E\J]pk2R[`+\sqӺlĄB!BV-h2?04\M\")MF(aWfh\)\rUdj]J::o\"B!\y컯>-\_?cmWm\\X(mF&Q\\^\\dVj\\\\d\\\t\WI\\\ړB!BY\ F^(Pq2\\0璟6,\WO\@|\\\ph\bo\I\\9q\܅qcc\o[5K\ﾖSg܅WeΫB!BH\\v.jEO=\ճ\\n\,\muR0726\ҏWlwq+\\\Ԭ<\1!B!B!B!B!B!B!B!B!B!B!B!B!B!B!B!B!B!B!B!B!B!B!B!B!B!B!B!B!B!B!B!B!B!B!B!B!B!B!B!B!B!B!B!B!B!B!B!B!B!B!B!B!B!B!B!B!B!B!B!B!B!B!B!B!B!B!B!B!B!B!B!B!B!B!B!B!B!B!B!B!B!B!B!B!B!B!B!B!B!B!B!B!B!B!B!B!B!B!B!B!B!B!B!B!B!B!B!B!B!B!B!B!B!B!B!B!B!B!B!B!B!B!B!B!B!B!B!B!B!B!B!B!B!B!B!B!B!B!B!B!B!B!B!B{p@\0\0\0 \\v*\0\0\0\0\0\0\0\0\0\0\0\0\0\0\0\0\0\0\0\0\0\0\0\0\0\0\0\0\0\0\0\0\0\0\0\0\0\0\0\0\0\0\0\0\0\0\0\0\0\0\0\0\0\0\0\0\0\0\0\0\0\0\0\0\0\0\0\0\0\0\0\0\0\0\0\0\0\0\0\0\0\0\0\0\0\0\0\0\0\0\0\0\0\0\0\0\0\0\0\0\0\0\0\0\0\0\0\0\0\0\0\0\0\0\0\0\0\0\0\0\0\0\0\0\0\0\0\0\0\0\0\0\0\0\0\0\0\0\0\0\0\0\0\0\0\0\0\0\0\0\0\0\0\0\0\0\0\0\0\0\0\0\0\0\0\0\0\0\0\0\0\0\0\0\0\0\0\0\0\0\0\0\0\0\0\0\0\0\0\0\0\0\0\0\0\0\0\0\0\0\0\0\0\0\0\0\0\0\0\0\0\0\0\0\0\0\0\0\0\0\0\0\0\0\0\0\0\0\0\0\0\0\0\0\0\0\0\0\0\0\0\0\0\0\0\0\0\0\0\0\0\0\0\0\0\0\0\0\0\0\0\0\0\0\0\0\0\0\0\0\0\0\0\0\0\0\0\0\0\0\0\0\0\0\0\0\0\0\0\0\0\0\0\0\0\0\0\0\0\0\0\0\0\0\0\0\0\0\0\0\0\0\0\0\0\0\0\0\0\0\0\0\0\0\0\0\0\0\0\0\0\0\0\0\0\0\0\0\0\0\0\0\0\0\0\0\0\0\0\0\0\0\0\0\0\0\0\0\0\0\0\0\0\0\0\0\0\0\0\0\0\0\0\0\0\0\0\0\0\0\0\0\0\0\0\0\0\0\0\0\0\0\0\0\0\0\0\0\0\0\0\0\0\0\0\0\0\0\0\0\0\0\0\0\0\0\0\0\0\0\0\0\0\0\0\0\0\0\0\0\0\0\0\0\0\0\0\0\0\0\0\0\0\0\0\0\0\0\0\0\0\0\0\0\0\0\0\0\0\0\0\0\0\0\0\0\0\0\0\0\0\0\0\0\0\0\0\0\0\0\0\0\0\0_D\\[\nendstream\nendobj\n9 0 obj\n<</ca .2\n/BM /Normal>>\nendobj\n11 0 obj\n<</Filter /FlateDecode\n/Length 1779>> stream\nx\YK#5\Wi=~_BJz2{w`\._\e\\v\\L&\]\]v61M2\hQ\_RM\ZL=\GPl\~JՄ\N\\\\\[3+\0\#\M\Zyz><<\wOwQ\NZOϯoT\˄	f!\az9\\WJ#&,@Ma\\Z\㲺\'(0\Tui:Ff,{\ fH\<)N[Ni[7{\y8>aĀcW\\tЋo\\\\<zƝs\ab\\o\)x7Nqu\\E\\\(rI5\Xa\Bi8vUXrRެ,\\TR[\Z\	f\Dт\ٵ8\\\B-\\J\no4haܗU\$w\\"\ciu+$.\Zhe\"7\y徭Xր#}A{=8Ky$M↲\rrp\kj!yF\Y]|\\-UO3ʃ2 v4\r\WhSU\0y\G;YD2Ƌ\-\\\n)5Z	A򔼝|\\'?=\'nM\b^Lƣ\ꏪH[2\]\3\iJ?MuU\6\\]\\\dx\\BB8\\n\ Wr3\\\\c\\%t?P9bagO\2\\mk1fz>\3\\m\e\'fk\D-\'\4\0N\Q(]i0\NvGω:\\9ѽep\\#}w\+yhː\"\޸݅\ZˢĒPSf\b/\p0\\NX;O\\?hl\o\NVNȆ69%b\16/C\|\\uk\ngnZ֌D{\E\Zm²tT\f\\\KW\F\Ӫ9\"r\v\8.\"X5kB29*\,gT\'~E1qi^ӛ\%\\\T_蛗\o\P¦\n2\O<b\\0\g]فnB\\\Z:nن48ݩ)YjLRkPǐ!\Z\AJ\ti.\\.\"\e\\r\ZgSwiݥRKVKno9L\e\X\j\\\_{a[RTs5ê\%\:w+\7	\r\K\ưv+\lX+=\\\8VzM\v;zfM_k\_up;\P2\\FҲYT[ɶQiL\\C\u#$k\\He\GL\v^\}e\^\|sS7W\\"\r\tS\V	\ڻu\w\:wj\0~\\:\\\\ǹ|b\\\Z\ucغN\U\*\{^di\\r^#Վ9\lȾa\#p\aW\4zf\Fw\PK\i/ᎰJ\WʷY+E\mV\\ߒ3\-\\n\Y\\0\\]kuHB+xOR\\{\V\ZW\{V23a7NݟeUKO׼~AZP5]\\ykxRVL\C\}@\\e?\HVgu\Uǵ?=ߗ/aNN>۫?-_Z@\S)O86\\0zZb\\Ҹ	wR\'\k\P\\/\W6i^\q(\oOd\_\]fh;4\r\\S`n冾T5QP㽋yVn,Srlk>-8[6_mZWӀp9v\g<h\"[*X/ˎ	pJ7r\'2\O	\\\0\3\nendstream\nendobj\n13 0 obj\n<</CA 1\n/ca 1\n/LC 0\n/LJ 0\n/LW 2\n/ML 4\n/SA true\n/BM /Normal>>\nendobj\n15 0 obj\n<</Filter /FlateDecode\n/Length 1081>> stream\nx\X\n#7}W\*H݀@\\\\\Z\t\\?PR\<ƫ\CR<\"h)\\'\=:AJQ~>}\!P\?b9iraĊ\˛*\_o\n!\nڗ,0,x\\\J*\\\y\!XU\Gc N\\\\\\\7\Q@\/\Z\\$X \FapF7\\/\n\&\e2\nX\,t>\k͂)O\cj\\O)G\11\2\z]0\&JGhtba%\114ݘ\Kw}Ԏ|ݝkg+VU|Sߵt\6\SP#\ben\a\"xΘ\b\")\s\m;\\\Ѕ(\R\\[~Z\o\\n\m>g\QmK%@ضAj.\{\\dBER]ۅg-Y89\&\\\2\b6e\nA\\C\\hbk\\z9} o\y\x(p\G\\ҏ@!-\B\\\\zDSd	VΔhIx۟bDy-l$\ME)ob\K\\U XA\;\\o\\\$\A\ghw#.^`!y9\9W0е&\\ћ]\"rK%U\=\J\u\\\\\EK[p\\7t`\\'9\H\T+\\r\Hс\E?ּ^aUGw\0\Z\7\\A\N7ɸ\E#G\\'Yi[fQ\E:I\\?n.xW\ܖI}\l\d/O15	;\\u%Pv\Ǒ\\H\FQ\v\ȼ#ae^\\"\\0eʍ\6~~\u\\06\\nt\\\\\<L<Մķ9ݚ~b\\7\Ϣg\M+sY\\R3\s^XM\*I|%	 \N\w\9RОs0\"\\(m5\\X|h{\6_W?\\B:4\!8\uha/`F-@\bf\a\5#RheCD5֔Q\P(\{Fu_wGǃoUF\/\\jw\\Z\\nendstream\nendobj\n17 0 obj\n<</Filter /FlateDecode\n/Length 866>> stream\nx\W\n\0)tPU)JM!`[\u\L,ŎڇX\"Ň	\j-p\'\\\{\\\\\엧#5\W^P~yd\\y}\'\ӈ\=E\\s\\\2ˎO^OtЛ\'\Z\L)v|>\n!\\'v9\\,T$Dg9t\-[\>\Gp\\($4Э_Z\8=GK(\rA@D$exh	\Y:>c 5\\\'tqoC\ź#t\\%\VG\\\YZz\	\uRIZO,\ɿ\\\\\ۥ;dFs\E\"gZٿs<v\S@\W\֫D<6s\r\JbX\0\$\w$ccAc\\-\BTH\4ʨui\\J\'>I!|\I:u\E\\~/\Z>tET\\ΑSo\n@Z\P\!B\Z\\R\˂VD\\S\O rZ$\V\\"$ހJ2hʙ\uv;/S]\\6\r\Om9: \nG(V[\'Gl]\\&q\\*\"!5\r\$\\pX\Nq3j#n\Z\n!5H.\\FeF\\ I\4D-syL7}^ɾ+Q\0\\'O\"&\a(+\oYHFheT\rsآ!	\;=\\!wI7uK\\]^/\\<\܁۸:\I\x\Hr)H0z	\Xm\v\'\5	\Kޢ\,f\\2\0g\\\es)cQ\\G\\ꘐ.M\j,!\T7\Z\q\5~\i$O\m\n̑\cc\\ >џB\nendstream\nendobj\n2 0 obj\n<</Type /Page\n/Resources <</ProcSets [/PDF /Text /ImageB /ImageC /ImageI]\n/ExtGState <</G3 3 0 R\n/G9 9 0 R>>\n/XObject <</X7 7 0 R>>\n/Font <</F4 4 0 R\n/F5 5 0 R\n/F6 6 0 R\n/F8 8 0 R\n/F10 10 0 R>>>>\n/MediaBox [0 0 408 583.91998]\n/Contents 11 0 R\n/StructParents 0\n/Parent 18 0 R>>\nendobj\n12 0 obj\n<</Type /Page\n/Resources <</ProcSets [/PDF /Text /ImageB /ImageC /ImageI]\n/ExtGState <</G3 3 0 R\n/G13 13 0 R>>\n/Font <</F4 4 0 R\n/F6 6 0 R\n/F8 8 0 R\n/F10 10 0 R\n/F14 14 0 R>>>>\n/MediaBox [0 0 408 583.91998]\n/Contents 15 0 R\n/StructParents 1\n/Parent 18 0 R>>\nendobj\n16 0 obj\n<</Type /Page\n/Resources <</ProcSets [/PDF /Text /ImageB /ImageC /ImageI]\n/ExtGState <</G3 3 0 R>>\n/Font <</F4 4 0 R\n/F6 6 0 R\n/F10 10 0 R>>>>\n/MediaBox [0 0 408 583.91998]\n/Contents 17 0 R\n/StructParents 2\n/Parent 18 0 R>>\nendobj\n18 0 obj\n<</Type /Pages\n/Count 3\n/Kids [2 0 R 12 0 R 16 0 R]>>\nendobj\n19 0 obj\n<</Type /Catalog\n/Pages 18 0 R>>\nendobj\n20 0 obj\n<</Length1 78300\n/Filter /FlateDecode\n/Length 22635>> stream\nx\\r`u?\u]\a\\\v\\ΙcfF\THBJ#\,ID(I+\HHB*B\\\-w)¬[\u\\\v6\\߿yy\\\yDDa45\5 \g$LlA\Z5|g\/]ux\\i#8\\%\\'zl%Q֓W\\r\Z\=\D4\:\\	w/\H]=5s>\\!D\&\?v\'4%%\\m\\H|\r\}\C-~!ϧ_\Kvt}(ϔDo\'9K_\\\L/\\S\X7K(dr\\-ǂ*\A\Z\KʅSDԘ\fZVB\R\Z\\\\<X\?\\\(	B3b`\rv\k\P<ҚbX3\	\T\'\~u1\iگ,Z\\n\\/V[#}\OL)hG\ST4\T_Q\&ަ\,U\'QK>\\\\ŘWr&\ve \HSj\j4m\.\<]9%\o\\X{\\RQ\Wv_OQw\\<dPOD&I\\\\=x\\\`\\\0_XI\b\q\4\v4֘)$\z\.\}H}Qe\2\\'~`~V..`@́W T|\9\\\RUЁBA\P@{v|,\@\Zrd!?ES!\{\\5}e]:\ns\Zǔ\Y\FOYΣ\I\0x\@/ \I\7ź>*[\(\(\\SNc\2}SFf|\ێd.G\\\TF\\L(\\\0\\Z\\\\\|]bm܈5\\Me*t\\OR\Ś\:|݋W\۫/\ɰg. \\Z2\斕yN\\\(EKOS%\k؈\\Z\v>Mj)\\KK\'z퍵,zAMЏlx-\\G;N\rZuR0\/Ӂyv|\\%\ZHaQw#\\\\\%a}i=\Z`ޯc]w@^\F\ ]\\5\"l@S72\\z\\\\c\\\\y\^a\f=+\\{\\\.	\Py\WZc\\r>\]3ya=<\J*LGw\-xYؕʷ\U\Zύ\]}Lwi;p\XJi$:}CmXv\$ƅvfG3ێq=|h<\t\/~\zn\ە4%ϔ\m\izD\J3[iֈf-?.0\\Pn(\\\}\!I\\h4C\t܌v=8\0.\:oGiz\\\c9\ #v\يF+!o\G9\F\\\o\^N\\\~\\=:\\p!\\\|\B9\\]vGvͲ\\\X\Zƿk5њaVa\-пn\P\\F1\&\Z#\ri\t\'K\.z`Gf\0}\熟!\q?<	ir\\\`gS6\}R\A;n\\O?A{7(bsye\9$\~hQ\\Z\KwD%ŠٯhPt/\\K\}r\\r\'{&su*fI\'\\\p\:\\\?Ч@И\x+? <wu\\Ps5\h\j]E3\fc쥧A?0\\\6h\ 62s\K!\\ɭu\8\\~\)ڥJþ\\v6:MҖ\r\\|\&\'I\\\\eX[\T\y	\1s5p\Iq\\%_K|\{\x\o?\{\m8\\'\*|v쑰1/\\,OS\Nm\^R{\~#|le<W\\PQSj/\\&\xhv9\4ϑ:<M\qET\\D\%\C{\SέX\eMCz\Fl?e\\0\ӊi\8\x\mjQ7\݇\Q}%(\([t]\\\S\\ơG\{ޟa_\w~6\<oLS/\#	j\	\\>\\F\Z\G;ސ\r\^8q٣>=\r&GQ\qtL\\_\r\m~G\oF#i\_Hϱ\\Ӟ玟 F듐+\oiL\\u[\\\\@\\\\\u\=\s:\n\\iY(W@{\Ɇ|}OB6\rx<O\Iƹ\\oh	\1\\uɽ%})\2ұGڰN\R\̟a\\Zz4\\x{JĻ\\?p\c^\WdB]7\<|UW\\Z5ҖKcM\@_YQ9l\?`3,~9\yA)	<%\\y;mt#ޒsspr\\\ihK?]+:B\]\K[\ՠ]\rTM\	U\9A_+\,\_=\pSn,3\\"2@\{Zc>\E\mYA\\\H?\	\\v8@o\/r\:\"\_\_3\\o	N\Hk8-ԇ|i:ߤօte\rq\x;0`9\nml\_\S=|G=8\\n\[QG!wO\,hq\AP\Gv7F:v(mi/\\\HV\ov\ ?[\`\\M\\\=\L㵇r\E_\\hs\K\B#_LH>It\\gȊ}7doANO+|l%\\3f߻\A6_`!j\XiO\?\Y\(\n\eP\GfQ\&ݏ\uT\D6xmkx\Q6Fݖ_\x\\\D;2F]?\˧MUd\\a$)W{aԓuO \\5\\6\#\k\{ ʱF߄\n~)~\^{\~t-І\\l\\'\U$\6jUQAV3,h,\Kŵִ\\ob\c\k9\ni\\4M\CC/\\d\\\i\X\|\o@\\/vi!Ca竇w>x_\`\0?o\1@_A\t\c#:0ha\"!?/oR|^|Lhkܝ&\z#2\x{0\Jk-K\e%~r>r^%(\\0_\\\0y\\\H\;^qyqp^G\ \\5>Y\\/>\N\G\^F\ch	ߕ.\\Ҳi5\\\h%8?#vx@\Z\\0t\ngjX	\\\o\9\>؜l;1Ƽ\4u<=>F\W4\\\\[T\1\Z5\\n\\q\KGi)\\t\Z)\{h\ikw\\?\t׹c+ɬR(\ex\\\\D؋lEwd\B68LZN\'^tX@>\\\0[\M\?aGξF#s?3\4\C~]\æM\>GLJWm\\\u.A~5\\|\Nӑ>}Gi\/\'hW.F\R!\cj\BX;\4{މ:gℬj=\\\\0RAfz[M7\!O{\HÙ7][j\ej\n\\\ޢ~M7ը\^!\\xAc\A@O{\\'{{\̩\}1N#^C~%j\?>W:fx\\r8\\@\\&\Nw27\\\\\0\Vq;~q\\{9뀏O\\\w#\\*Q4KE*߇Q@~EL\<9\Ӧk\0\Fh;@	:!ghEEY\0z8\\A\ \4~\c\L @\7ʟ>ooo[4	H3\~\'_\0>8~<\~x|4\0\r\(2E!\!\\!\@.κw\8\\&\P\\k\jGmY[\Zm	\ZH\B3ݤ}{>l\MH\׬\;h] @\7\\\\|\0\&\ՄF%\]\<\\7\Tr\grH\rݯ߸n\1udNPgs\\\:\\\0n\\\0o\{>M\\p]\t=(]M\\߼\n}\<+Ӑ^yX\\\\C!H WGYL\d\/L7v\S\k1;\pD02O\\g*Ŗ<\K3i\!m\Z\nY\\\"- mQ_\/V\"\O9@\{\^\x_PMhW\j$\Q\}y&{ll\}tZt~\9\;߳8\Ue7=\\{\\rq]`:\\\W\|\F]9C*CS\	@Wv\Z\G4Ez\\DS\\2\̎T\/e(gغ\-Њ\P1<̺n7ԅI#\\r\y\;\=&PgKkI#\x\T5	r	\n\:g)\e:2\\T|n^ڝ\!|\@b|Qt\V\\U\.ɏc\.\ߝǥt?cI9P\s19vrY>9B\OL&\q\?R(5߯BWBkL\}\Aˮ\Vx\\}\_\\+>\@[Mݼh\r s&\\Zx2\1\-Y&\\j<\\h\k\aez\\Y{k&\Ce\폞g!3\\ށg\\\5?\]\s⚒\\0\\k\&q\F\\\\\Q\Yo\\35\oD˞\ZY^e\s|ͺ2\g)y\\C\Y/T@C=6,\Ϥ_ׁe;\}L!\\Pϼg#h\\dn պ4kbIߤ\^\a\\0o\\'1),:π	\\\\}\\;\r\Fy~\wݎr%gU1\r\\\\[\g7Y\C\{8o\\\{17\w\\\\?5\\\k\'\}dA\[\\\\"hܹs\\2\_\\\'݀ͼz\ԥ\;\@\GgE_t칖@\Z_cn\y	\@,}\cS,Y/\\=q1?`o\+\0~żxV<+=\?\9\\\5BE\\0\\ϏT<?[5*V{P1\\u~\U}˾FF|K#O|j+T;8,o0Aˁ]\f\;::6\_!\ʯ/\\\7XR{8-\`W\_h)ox}f\\>w\\f\\W\NT\͔+[\\ZS\s6\@\`\\4.Q0k_\r\3\3>\\\\\!1~#\\\\\}b\\T\Z49K͵v\s\\\j.\M\}\0v]\!\r>e\2t\ak-\Rڭ#\\:g\"Z\\?Z^ݖ3t\.\7W\Ԗu_\\\\.t3\y#\eO\K\Gm\\U\N,\U_-1\sRM\dO\\\\`ږ=GҞPŵ\\\?{(_\+H\\V\\ԔmA\\/a۩Zc/jgDmsij[`L\U{1zq	\#\\Z·\\r<m\\\h?xv\SYg8\\!\~Ɯ,Y\BN,{ghZZ\QK[\٘\\/,Β\.*\\\3nQ\\\\\\[D\q.o.\3\qJx[gAs?}\֜tI͸\6Q\fUfUA\\\V\\7.7\\0\68X^\\\(q\\h\\\W\Ws\a\\y̯2\r5\5AA\;\rZ̊qQv}U/o\\C*8`+\\\\\+ΡKG\j\ej6\C\;❑8i6ƣ\\	\kY\+\,Uǚ~OK`\:9U\\i֙\Xs\`.8d7\iи#x\P?\mն	pE`X\\"\\_^\'>T	\\ǕL\\r\5m2\\0u+\0\\\\&p \~\9l_\0\\\C\h*\4L\\\~E9w\#\ˢE.?b%pA\yu\ZW\7\Q\\#0\nrdڇ/j\aCSg\nKb=\DD*uױ.\\neaM:\#,i8iTAv`CE\sM+O\\akDk\Z5|,c\<~q\`#z.t>ء\O\\8\Si\\\\\ʨ\\k\&7\\\rT\_I3\u+\rBn\[Fm-k\ԑ7Ϋ\\@f W6>8H\n\(W\	P.hP`IJ\Z7ww9XU҂QVp\X/R\5\\\J\<\r6`-\\ \l\\PEH+T\\C4\Z&\.\DxCiCK\vmYg\%\GP|5-\h\\f:\\'[\\r\\B5\n۩Py\8U_\fڟLk*Hs\\\_ԓ;\0\1\\\O#-t9\9\\ۀ[A\\"|hxFtҷ=	\tKyd\::\4)E\\\ZJ\4/=np\ g\M\E\\\/\\#nB\J\B\$\\0`\"\\B\r{[m \ДARO@\@}`\v\ne!C\\\#4\\Ռ3[w\\\E\7@\[\&\	s@\3P\ H]p9n\OW3\\D3ntcL\NY7\^\0<\\&F9e43eB&VBq\˚\\No\QZt28^`@N0 m>)p3f^{\/~G1Ɣg0NL+k@r)\v\\<`f\8\g\\\"+|\_\u\\\;ȃ\#\\~f\\/\ֆƄFaN\`}\M=ߝ;7kzġ{Fk\; ׻˯[4⵭߇\\\\EװOy]5@he\L\u\\\#}\d\N\;+_]\Z9\c_(\ΟQsR>.eϴ\T\ŻjiӨex\bP\=\\1YY\\vO\\\\Y9DS7h\.\2\"ˋ4L\MO+\pVy\p\;[\ \\\Ӗ<_ށ\\^I\\=(2\V`\;0Kk \\Y:#\ߧh\\hL\z4\R8\1\T7e*\e\:h:<\1\Z+?Br\\\u1\h\(Goz>\Kx\\P^R\?О\\|\\\\{%5\WO\+\\zx\'\2)?5\\:X\\\X\ϰ{F\{\Wĳa~\\k%R\b\K\oA\{W\\\o\4/{\_ߋZ+|i2-SB]\7Ɛ?*\<\\9x)\r\\"\&kmN-,\ʺr-\.\N4\$\m8\:-cxFڏSքimWԉ\\Tj\\\}\\BHT\x?\(\\\7#`,\Z\\Ϝ֥4ɖz\z&YO\u-\\Z\H\\|K)l\8a^!{`\\6%\\8\J0\\\\n\\~k>\'\3w\8wBĻ\\\P`c\&F\()\ \E7\\\kC\\\\)\ޤ\4Wv\9\>\\\פtԯοYe%J#,	\)\զ2\ȷ\l\9\Y\-\HSW\T<\6\ڛ(Wߢ\\GF%	\\n\\|\Z\*]\1QggPZk<ݿ3өj7`\a\0뻁EZ-\0&\+ʟWQ{5:iGiv^\\>\c&Q_n\kI{wR\\\/kM{J\U\\M7\G\rzP{]Q\/\\\)ޟ<F\\fby?\A\I\\a~m<rz	?f\r\qZe^$+\\'\(\\K%yw14_c\\/\wKD5\q\\5ז-@+\'ÿ\V\d\\\0\ZGxPZ\h\\8-{G9\xOY\5\U\	į\DsT\ӂ?ҧ[?*\מ\/8\ \ \\\\\\\\">ڸxϺ\r\\Zc*(\W^\}\u4,^IZ$\ϋ\\H\\jw9\]\\geU2ߟ=̧*s\nݮQ\F9`O}\Tпf`\?&\giF嶴Oh_\E\0\Fl\>\6`\=g\ǡ\d\\7\w+cQnh;\\唗\\o\Po{>\\\:~\TV\ZŚ=3h*~?I~Jڨ\#8\F\0u\r\\\nixƋ\b\a۰\	}/\Bmlm5\;DƷp\n\r\on&jm\I\\A\{\\K=蛯l-O|\ۮ\i\Z\nL3\Xd>cyK<?羗k~S\[	\wx\3a#*}\\wM\v+\o2 \Q?m\6;\\\\\\~Pn6\8n7M40i\ӹMU31~K[cP\A\H\Zی&nF6\\y]^N\GY\\\0m\\rIGGm<u\{\8=|\ļ\\:c\\G)\\r\\z=\\\\35x5\Z{\8\/G ^\\_|iK\}\`\\!\"\/G`w#\\x\ ,4\r9\)m%c!\W\\}\a\\g\\{M\=q\Yz\\\\{@}\'FyS\;ZlNw\'\1V\}\b:2hK|gSn\Ό\8\c:H-僜B\`\\q:Pwh-F\r\ƿWC_c_S+U\)\(W=i\6\\+n0\M\Z\F\_\ސ}\9g`np.\n>\>\ \\\\\\NҰ~8\\g\p\3\\č\Ag@~-#\t\ԓ\\nVU`\\\0}֙\Ѝ2\Wc\_\k\\Z\\\'*tf+|X\;\I\<*%_b\'\\q\Q6\a/\jw!u:[ݭ~5f\\5V]hʹZo-W\\>\ҎhYN[~\\qvLs<\x\1\1ױ\ccֱ\c\\A\Q\q\^g\\\j\j\\\z\U䶸[;g_w\}\"ر\\\	$O09aF\{	K<nO\v\ݞ^=}<=={<=\<?y.ztowi\2\\\\wz~\=dK+CRI|Q$_m_=\\D\d\L\\"\z\\'\||gjj\\Zk}\RRR:ܝ\%{ʃ)R^Oy7僔oR\\ZR\RoM}<H\Ԓ:r:\r\_g{+uխY[q\O?~NZ\\\'-9-\nJ\;V߽\\=VX=wt(\ZУ\\\O,((,T<X\⭿\-\J\\\ҢUɭ%mK\)YQZ\W%_-둺O\~U_臗\b!eb,MdC\O\Mj/5KnP?P\5MI9I\R\)O\>\R>o\i9g)?)\R^\x\r\5\ێ>\!\W\|\!䲹\\M\\]\\\;]\n;\\\=\=۝/\.vD\\JM\0O\8S\/$\I$y\<^ϝΦLl|\\s\s󫗼Cޭ!\\\c2%	)wN4\\\\\I\\L)ר\7j-RRTHHgJV\s)SB\ߧO\R\S)_Cu\!\!u&\Y_緺T\Sk&ԧ\rM)׀w<\ꎫ;\\٫X\(hXЮSA삩\n\\\\\\EXR[ \̒\Jڕt)),9\\ϒ%:\^=W)ƥ\\5:Zr2bEY\'3}\g[[o\\O\\^?\\w#a\z]^\ҷ^i/p\\K.-̥\]z\\KO]}i֥fm޼\6]\xaÅ^\\\+.,\\]\o?sx.\\s\u?\\\\\s\59Qt跢KE\\E?XCѹE/:Y]ѷEǋ苢#EvShK\sEK-*ZX4hv\\Eӊ=ZtKQԢ*g/=u\\oϾzv/\|~\3\,<̙g\y\\3\\:3\\g|&\Cg\?sߙg<y\\SO:=\\]OW=m\w\\\85\\ēWN?yd\MO69\`\\6{\\6m\a}zj艡_=6G\\ׇ}u\C;\\\\\\Z&n}\+q/\-{!ni\q\\-74nH\n\bۺ//qV;ʟp_Db\n\\d\\ػ峠@\\?\xdbQEy#\@W\0z\z\0=\mB\0\6\08L0ǁ\@u`\Z\ˀX$	\M@wFpR\f\"|\Zt6Ub\\n	|\0\<\E@-\<pHø5Wmj\\w\\@sP;V7vP\M!\	4}/\T\_\m@\\0ԩ\r@\'\0\!(Ư\l=\0|̟\\TA\*a\o\|:\b@/WN$r6\\x0\\x܀:oǓC6\йڠ\0xZ*\K\l\t\ru\n-\\"\gE\\Zsзw\\c\ZgP\qa\p5\\0\8νEg)\\t\\pRwA\\\\\\ϕ\046\\X]\\~\\\WA(\?\\\\\\1\P/7ڴn袻\oB7\޳mpC\DV\|u/Fk׍1.\-AO\X\n\C~\;v,\\\X\V\21nL\\?uuf}\!!\ra\ᅠ}\0\\n]L:N00ɀ\\\O\\OA_\0P\wP\*a?°)P3J,A|ò!֔\r:ꁽ`HP\\s;\\@\-;ty O;\\\e~\옣;t\;\\쐕|lFx((d\\\\90\80d遾x~Bv\s_ᣆYf#-(\Ix!G/lY\w>\0|\\K\V\0,k\0^|a^\a\qy\aς05JI\װ\@\\0#\\\P.03	<L¾e *(E!\\\r!-\\\$b9(ֿ\;b%h]\0gňWA1c\&\ZX:\@x\i ٷ\@ć@a\|Щ\\i\)\!\Մm	]	[Zs0\\O&Gw0\Z\u$dRk\9[\m\n\~\n\n$Ɣ ?S`S`\\"\V\nlY\nR\6	@\)XÑMJw)\SDO\IAۑw\nop)ʻ\&`\\6\pvb=׆\\8R1\Tؖ(\}*T\>\nz\nے\OnGT6B\^\9QXXQÈ-:2°u0:ctNQ\\@\^ڮ\ցNGA\@u\QЇ:X\u\n\Ԅ\BXuCQXou\Gԅ݌\:\\Ú?\a難1\n\Շ0\V}إ\\\\\D\.yDiЍ4ԍHK3\r\\r<lVb\a\\jz5\n4\Zb5\\r۵\Z\e5\\@1\\\\'\Z\r5|\\S?@a7WcGc]\r9\\Z\0\l\O\nذ\`l`L\0*b \\6v\0\\0<~`\7:X\0{S\0iCdSu\\\0\\\0=\0)\ZY\0A?σ5~Vt^\ \O^\~}~\rk\׽b\'C]oTAv\.a\A	f|w#\j\&Vr\0\`\`L%XK1\\JJ\\'\``\%\\zS.\/ǅh\Yco.K0G\3Mz?\\t:|.\\\'u\q\rp	~谟\\H\\n@;\$a8\a\Ɲ@ґ[b40FX\L\0stOm\'@\)\\=5\	a\$}%\0=r!	n#\>\%I\0)\\nZSb\)\n#\\Tb6\\Y\0;64[bAc=ÀQ@1\~c\N\0\SĦ>*@\$o@b3@1\Н\%\\ՠ\0\\͠o\n.\~cz\0\~\Xbl\үK\\\\0\G,\+\\n\\T]s\ǬLc\dJ\ZY\J6S\\\\HrRES\MT\*U\\_bîA>MPmJ٭K`\Ҩ5(25	\BM5ԒZQkʤ[\r\Fm\vjGwНtԑ\Ntu{untuԓzQo> =D}	{=A3i=E\9ZN+\ZIiЫ\niF\z\@\\rz6\\Jo\zޡw\d\ZE\4)4^\\\Z\Z\Ґ\"z\i\\g\\ߤakIkh;=FiDJ[\\\\pf\yt\Z͠%Kr\j\\~{	méa\,V\\a1\lc4^\ZFa\8͡\4f\<O\izߟE^\_r\Z)/_\D%E-*L׹AN+{C\=z%կW)\uZ	ޭ~\Ju\5~KnP}\'ny~{z7\\\\\}\\"kOy\H\\nP﮾yg;g\vhV\S3%:\b%\\\\b:W2\`?/f\\OoU\ُ\Yv\\n+\\\f\LvZgߧS\'(x+\\\wWط\r\	}\\?]\bΎELfG\f_\\s|2;\\\\;\\WW\\\\٧:;Ot7\\\>>~\t_g̈R?g{c\\\\:ۥ:{Og\\\\\\\:\Ŷ=n\\ַ\V\\-}Է\foMUn\\g[27\fm\\Fm\\\:[\^suk\u\lma6FW1\W5:+\\jf+u\\"\`/g|\_\^\\\\\:{1-{,ԩP-u\\\9-Y.\\\,*=-Z\P\f\+l\:?:m62\\du^6/Sy:\\ٜ\\9:{*\\4g\\f=\r\'\\L$\\fOSO$Q\qMN\ٴ(Φ\l\2N>ɓ\#\lR7:)M\\wq\l\\\+,\\nu\ru:Ć\lHTuHW6Xg&:\\Y\YV3\\n{0\\:뭳^=\j+Hg\uvz\r\\f]%\5uq{\Ǩ\sGg\vtvu\Y\t\YjvWBz\\\Y\\Ŭ\n뫷]am\fv`:kV-\V.ֲE\2h\G\Κ\\&.+\\N\\8L\\\ZF,#\\\0ְA\05cimjշz\ndn6\Z\IfѬvJZV\j%\"Yr3\jD$\3)y\\nK\YB\uV\nֆUE\\Yp\bQ)*s\̥E@΢0ר6\9Ef3\\"\c\tx,ә\\l:UgӲL\Z\fHe:S\3\\Hg\V){\\\\~\{\0 5\w\0.V#\H\˛7A\n\4K\p\L:\m]\P:\tQ\=s\YS\I٬tQ*\D\S*}<)vWWM\^9\C\*}Myel\Vq\\\ +S\~\0v4	cqI94E$wAʇ\AZ\\\5=Oۥ\tc|\'-`^\Wκ\8_y \!\:K).\\N\\iF\O`\#\<MA\\hUsY|\sl[*\R>f\4C)k;i֗\6P\Iuy\W*J_K?\}n`F\qqsj.\`0R@-\,\ʡ֘ 4	~\&\\<$\5QE\e\	\y4W*?\pք\`\0g\'p$u\us\ټ&}Ƹ\k\Ŋ3l=+\^\CX\p?\@\W\p\\l\\Cq\\\\c ׄB!B!B!B!B!B!B!B!B!B!B!B!B!B!B!B!B!B!B!B!B!B!B!BiX$FV\"Y\)B\r|V|9?+aLTRTrRT\@JX\Sb\QZ*ItHZO:ڈz\RUS۠a\\\ú\I=r3]TM%\Z#\F~SdX=Mǋ\\r;t\iq?p!eH>\Zxrz\\\\\N0B\-?\Dω\G&xw8\\"ɋ\\J5\(gtFztSNI(\'j姖\"bd\/\$\Y?D\R#)#_\ӟ\g\y\\\i4Q\>\	\"7\c\Lw\\cʷY=Z<#\Æ\n=p\-LI\Y)bj#Y\"i6NΈJr\'\R{yiGRҕJޝ[\rP=\\=\O\3SV\\\TTUi\|9jQDkB29\d\dZ\wb\\a\ＥdsgTtSs<A,W6\;4\\2\\S\-\\\3ZR*Ք\jh\ZW}t4z\jӪO_CkG>ɘF㛩I+qZ\Zq+)#]q4F\,yWiG02#\\\':<~\g=\H\ﯪ_,,,\'-h6|\]\\\\ϼ\2\<Mi䎱?a<\\wG\\jޅ\\\b\x\شTΆ\n\Ř\'W\O;\)~R-;1˓\\NR(]JRZ)11Rc#Pa!̃\on[~˳\W<\\Qy{}/?͒={\\vܼI5kmz?\\Z\ِJ\LXf\"6\\,\I\v׬J\U\raXX8\g-GqɞEq:\\"D\xs\	:t\'4f%VK\ftO=ݥ\i\"!E@6)eDaG\Z3M%~\\ɥ߱k|\n!\Q6ƞ@fj\'	\-|\9cYX%^x;Dg,\'f|\@H\=?e\\1\1\\\\\'*\\8z5^\zWgO\\{\\\>\{_\)ԟ\,Y\\=pS\-˖mYKؕybaWjR\̚1\ZE<NZ~|\*g~\Z\\$װ\WMgI\\04P\Ԝ,=YBt@:(d\\r3ߔ(H54+\\N|5d\\\RRzɗ^zl_\\pdMCOH~[\Y\\|+/˯l\'lYKԣӹ\\"aI{\\4\F\LfQ\n\\n0ID\Y(\Z\\czM\"Y\9E5WftOY\X5z0\@4t|R\\Z귇%jz\Ժ\_t|\n<~J\G\r\\\8p8E\O qNʊq\5\Ļk\G\`\a\#7t\)X07fE)kC\`ujf\rs#F\ƍn	~\O\_jիU\_\{f~\\%\\;Lp\\\Kg\\\\3vnơCoL\\g\5zڴрЛ\0S\\SUz\\W)4+֓\\\;\'\H5j\G;\/\Sj;\ߙ~\0zG\hi\"t<:\ƍ(\Е\Z\u4\4\Dr~+1)Jߨ\Ljej\"EH\\\"\}/Ŋ\\%DyI@\Cqv+>\\g:\\jl\0@\n\Y-|hl\B?|oO:H@\\\\F,\b\Ql\\6M\mm\Yn\rSmV&K]WZ\\I\0JF7¦UiZV\\;7\:$OfwfF\d[vYb\\Z\kodil,?\"OLOY\\˱\b\\\'\c)\ڶFR\\\\6:\6\:4=+\\Baa\QR}i4EWr@G=Rje\U=ЕB\\Q\	\%H)<\"\!EDLמg\\D$FTg\3XU3јsӦ܀;o\Z\4x5Y8/|)\C2KJ*$\\Z_<\s\{0	ͥf\OՎVUS&U\~\'YVIY\l\\\Ri>I\\\$9ɴ\'\AVѶ9Ox\omS%5\ì\ka\"Vn̤s@\(>\\r\Z&646LjXuJfBfb\'ӛYsB\\Ξ\\\IktN\M03qgwfҌ\ZSSΧ$**M\\\\훔\\\&MM\Ꝛlw[JM|2ː\\\~\m\\zǓ\\\-\%}tn\3N\wtsjǫ\\\;;<VR\y5^:\lOXTݯJ\p\\m\[\\\Ww\V:\ё\GuŸ)06-Hmp(\|ښZK\\\\\\z\zʑr\wNu[;IlM\}XY)\5\\~\r\/\J\J\'ns\~\F\ש\'\\"٥\6%\/\\\@\\\\C221\tDm\r_b\rN\\\\\\F:w\f:*\ZuS_7\%La\{vG]m[7\\@^yyK\\]yu溺|@O\\\O]؟wǪP2safӖi\l\k˵R(avmŏҷ$_s\r\cڳCSQZ4M,h*3\4UR4dva|^\T\X<\\&\!E[c\9Uk\.\\\\i,i\ByĺB6McvKm\V\ju-\X\Yl2Kͳ,eK,@\b\k\rgJ>#OOʰ	S}|\\zy\n\\\\^N]=t1n(ח\ɀ\6u\+K\S\3\\\f\q6\M\·Yt\,\}{Yu\I4Ibbbb6)|J\ǔ\)\)Q󫞯\ZU\kp\[n\׭[x^\<ž>\3><Lߧ\?@\B]\-\>o׻++1F\'NS2W\F\6պ\1Gz\HBV]\O1ړCpGf\&NM\O&Q$1\^)cR޶m\6N\'mo)x\5W\k\\,}~;sN>\0\ۑ_oC1>-<Ҷ-ν5rNw\H׬\\\\\/\\\\AIA\m,Cl\X\'Rf\\ZH\k~xdc[\\x\Β\JXR۬\\\~%s-_\\\,\f:\vX욕&\\'l\gscs\K1\\A\nR*\z\\n\3b\\\\\\^\\Z\_UEM\r\-U5JQ\\L{\&CR\h\\{/]l9\\\\\GWls\\\>6\0,q\$}Fw\9\̙\ryWguZ\\\V,\C{u\\\+i]\\\\Zu\\n\\\ͅ\Ԙ\\\\ɗS!\\GZϗ\k[޶q̮}\\'\vyլ^zw<$\\\\Z>jL\o?\'a¤\̰L[\_McͰp33R\\kda+Eɛ\0<\\\/\\mԨy?3줰毛\(R\EbCw(V:`eJ?at\++\0\*\\\̰F.yR\ri3F\\=f8\"K4\\Z\\vRl%f8\ߦ\(ria\ZD\K?SCf \%\eFS0P\rzHF|\ZB\0zKY[y\"6\0t\0\\\(i\\\\k74}:8P\\!םƠD\\r5Čhe\E~hw0\yQ?g<;\m9F\r~x\ho\\\r3&x\7zԀ\w\\u\0o^*\\e@ހQcdٯz3\-k\!9#\\Ztm\\>\\Pֈ\yF\r\\\o\\\\\YGة\	\!٨\5k\"m0\Z@N\\?W\ϔ\.\\\F\\r\\MO\h\\J\r]5CM;0gX4\Z\'!ѐZ3@^Fc\F\Z\怎$F	\CF\m֠A6\Z;&-/g̨\zx@ڈ\n4\\\\r;\0\ZC\Pk\FxKw g\5#/W\k\uεQ_ձ8Yy\\kLu\\{:P0׮]\vo\\۬\˻|΃c\\"k\p\Hˁh,|fE{\Ek\i\ 7\â\\r7ef蘡\ĸrG\5z\AMljAh\\\lsEe}\/\q=4ZKc7tyX\\Ғ\ZBrnyb\\Q\'˜]\\ᢕ\\"\'\r3WR\1h诡\r\\j\CQ;0l1\B\!w\5N\\\##Z1x2N\ aF.҂gè\nZiv\a \p!OC\ \n0zel ,Wl\&W+Jg\1\\2-\Uu\3\Z\'1OX\rUa\p@P\\\G=A9\'DўQ& ?\\L\P\w`s\\\\f.-\\P.`[T΁k-m\nekc6 W\9K\.lsE]3a\%Y#\zM\\~Yڷ\D-\|Y1\4D\0\ &ӏD0r\Z;\\޻(I\'\\9k$RT\\cp\'\\Z(-K=ulz\N6_\4VdӰ\f\\\ZpGf$|F!KJ\5q\꫒G]\\\>\Ou\RҠ}|	\|\\%jwrו^)\r\=\"U\\"\Bs:V!\w\~	{\Q&sfz\_n9\ӆ{:N\n\a\S\_ٽQu\w)^\L\pP2FIŉu];\Nc7\\eUhX\\ss઩{um:9$\Չ6Ō#;~S\n\qnU+K],\\\">.^đ߳qM \5^pu\~1\\s6\\g\LK\+\+D[5]}\ҢV\\a!J\\g=\\)~\>:1ĕ%^\\IP\\\)sΑ,RR\kml\%ᕇ\]i\L\7\gG\)-\1uQ&Ch\W\\sܷ`{\a\x_\b\R!~#o\1A|q\NH<qʻd2}-d\\_\oL\\ؙ0\\ZK\\d;\\ɞ\*⼆Wl/I>bN&[dѩ\NWt@\a\Yl)\^-\oW+2m\ul-iʸ11mXw\:gF)m\ւt\\ZH\\a\\g\~Un8-\eU9gJeau\rXt+\\\y=vHZwۃ#pQYC\\'\\\ea_[sNY\\v\n\\Z6qѨM$ nիiIYݺӱ\\Z\\C\nL\D!\s\n\\nn\\35;I[\y\9\\oTt/iI\\0Z nE5\Ppdq\\TȄ۫\\Ӱ@t@\҅\\ߙz\\'n\\\eM\r\=z}D\K\x@6kH\'gx\^\ׯ:\3̓5:F^\7\y\y<k\FLC\|\k\l$N\JRcTO7\J\갿nOkasZ+󂏙+A\sNo9W=Wz>>]\\I|\\ӥ\\\\L\	늆?	8\N\\\O\O\h\T?\~\	~:e6eLĻMmpTbiMq#\\\H\<:;g@\?;̎#]Y\(8c\ӜҼ\\^59}f;o\\SsД\'\Փ`>t5\\F/U\ǉߊ(Q~g\6\!\\"\fi^FX\\Vyt^\<E|\\~偐Uo\O\ʟ8\2\h\\E>0m\\Ksq!6Q!<ء\\j\1X~LE{Yx -\b1 +\ZpgVt\v\Pn:Z9\h>;EP\*\jveP<\8A\'FX\\\Β\Q\~10F\\\}\:`W\>$IqI%\n#\KS\"\}ICl#\\Z8@\\aϋ4E~\1\?bM\!ٌ]43:l0N\|#>H\rQ\oJZ!\iF\n\]\\0\\}\\Z\(b إ%䕬\0yO I\6RVC10K\\\"\4:\\Cd4B\n\<\\-HJ=D0dͥ\(A\\\'A\(n\b\\\\\C\ntB\Ss\"\`A\M@\r\\P] \FG`+҇I~\\a\E9:yX~}\o@Ҷ\&C\LU\FIDu> ܧq%XČAazID7\H>@\MPMP \hײ	E]ݡ\\B%p-*pRçZ	e5\ޘ\*yKBeA\bE5	ue\b\ӳsϽG\H\^\rqcW\\\3p\\t32\ܳp=a\\S\\5\N#ۙK<績\3\G\G)\Z\\rҼ̀\;H)\\\\\\\|\\݅4FHֱ\\J ;\ٓ+\C>.\Z\{\Ț\WC 1UoHCX\txqeN\\g3\K֙8\̂tFoPrjI\P\Դg3sB\h&MS\\r,Ϝ\Zb16}@;ڞ5y\'\-1eq^\\\,*`\!K\\;.\]ϯD!L\^Gƞ\?\1G\I\s\#Z;\E#˜\"\ڋ\eXEYI[F.v\Z`Ovr?b[\\\#[ݰr\\N$Koxa,9TLq-pʞ\' Afxwa<VTb\nt3\\b\"=\\r\Mր\\AʟGE]*\ͩ$n\[:oU~\PwL<LKH\0`\j\\_yxsp\8H\\"bJ\\0,\Z$4Vρ@\ݰȄ}V7\JPc%q&V.8+cXI<+A+5ӷcx+\n.W%h\ύo\r`WC&xS\\n2!C&qdN\$^7g$yu:Zנ#\\HA\t#\ZtD\J\nG\0\G<\06v9)?4\0\r^;</xvO\\\?-|7/\"\bcmU1\]\\\nendstream\nendobj\n21 0 obj\n<</Type /FontDescriptor\n/FontName /DejaVuSans\n/Flags 4\n/Ascent 928.22266\n/Descent -235.83984\n/StemV 45.898438\n/CapHeight 358.39844\n/ItalicAngle 0\n/FontBBox [-1020.50781 -462.89063 1793.457 1232.42188]\n/FontFile2 20 0 R>>\nendobj\n22 0 obj\n<</Type /Font\n/FontDescriptor 21 0 R\n/BaseFont /DejaVuSans\n/Subtype /CIDFontType2\n/CIDToGIDMap /Identity\n/CIDSystemInfo <</Registry (Adobe)\n/Ordering (Identity)\n/Supplement 0>>\n/W [0 [600.09766] 1 17 317.87109 18 [336.91406] 19 28 636.23047 29 [336.91406] 48 [862.79297 0 0 0 787.10938] 68 [612.79297 0 0 0 615.23438 0 0 633.78906 277.83203 0 579.10156 0 0 633.78906 611.81641 634.76563 634.76563 411.13281 0 392.08984 633.78906]]\n/DW 0>>\nendobj\n23 0 obj\n<</Filter /FlateDecode\n/Length 293>> stream\nx]\n0E\n/Y L%}\0JBX\r1R#\ؾ\hJ\\p{X\n\|h4^&Ce@5\\\^@#UϢv\\\Z\\B\v\s_!c%\\^\\\4F=G\Z>\nt\\4G\\=3T\_L\_\\'Wqt\n=%%Q\)<%D獮D)ѝ\\=\ɯ\(eQIw\\ȳWL2M)H酂d}I63j뺓}|6\\\/\oT\VzUL\nendstream\nendobj\n4 0 obj\n<</Type /Font\n/Subtype /Type0\n/BaseFont /DejaVuSans\n/Encoding /Identity-H\n/DescendantFonts [22 0 R]\n/ToUnicode 23 0 R>>\nendobj\n24 0 obj\n<</Length1 17080\n/Filter /FlateDecode\n/Length 9998>> stream\nx\{\\U\9yy5ïea@EAF#0hkk\\n\nYbe[\f[	\Z|\}fWn\\}\sϽ\s\={\@Xwt6wL> ƥ\/̺	0)p\\\[:\(\Z.i\\|P4ei-o\'1\\D\	\\$U\\\_d傶ul\r\0-\X\V@\k\0zin5\0c]7ic\\I\w\0t\CO4W\\/Lj\֦{F\\uCV\n\\0|\ON\r^gXq\agA%|$\Zi\\~Db\4j	r%\uX\'v F?2W?Է	cA\'>~\˴2\"\N\3A>A	A5T\Gc^!\AP\\\aXNZ9\S\z]Nr\s\\wkٗ\LQ\"<D	aVj\#]\+\h*vyO^@sϿ\J^RU\?\4;@\\ZNY\\R/\x	7\r_QB`\n\\\!*\$hI}9|\2L\IPٗ\\O\+y]\\\=+dB\DIBp|Oslz,Zg>N8\\Bҭ\o\o\0yl\\Z\0\=\\B\?a\W_Wzh\r뺙tʺ]5\nH\!\I\\\\\^\r P\\Z\\|\r|M||ͯQjk-\z\67_sm>_]>\\\Z߯7SBe\0\~8\\	~A6&(\@U7]\\\dj||\<Nf\\B<<\\}\\/\7p\z]]TRiv\U9QGVX\K\=R\\\\\-yX\✯?\y\]]Ҝ\!\F֜<;jݴ=\lU*_#Gp=\?\'xB\x\\~i|~\{?\/5\#F?\\ķ4_\D\H<\e!#\{\a\\<u[!\qР[Z|2\!It1j?\\o?\\0S\K1G4b\jt+4œJhe:ſ\J1	J\^\<\A\\\N\/iO\\\H%o\ZX(q=\Z\L\8\{\k\#m\w_yA6Z\\W\\?\\\i\H9h\}\{U[\(+@\;0];ޣ\fqD(ںp\\\\Zn\·\\\f\4B\\ˤ\i/\n\r\\"!R\":\ceR;[S0\'\qv.p@nl\\"G!A\\yb\\=^\Ž.ʴK.\l\HK\\{W\$\\}t~\\\r$~}&c\n\J8йs\\s\\%\\z\fa*\$\)\"^7ԑ./Q܁\	vXBz~\\\\0 \p\\v\PM\V\'A%?1\0X4]]r\\zn;!\3\\ZM\bQ\!\,û\\c\=Ф\\D\$eq\QhR|O\\6i7ʫ\\\}\P\zT.\fGi<\n:.\q|[GJ@4?#\Gāhv\5,ƷU\\~@P.`\X8\H\\0^v/\Zi7\Z\<\"\ \*,#\}7ޓޓ`\}\{AK`?e\Z]ߠ\u0\\x/zY{\z7\zK\\Z{W\_\P5RU\\5]\T\'\P]>L}\\"Y\-%Β`I̵\oy,\\\qaqq\\qIq\Ƹf+ؘ-\fE\F\\\\m),[mmm\n\F\}\\=k{\\u\[m&\&\n\Z\\',HXr.0\A`\\~MG%\A\Į\\5\jj;՜?\r\X\\\?􏎋\\פ\\.\Ŷ˶%\#\']Կ9a\9$\\R@+6\\kx\w\rzk\͡\C\r}\\m\/?\\?hppǃo\\9h\Co\\Zg {9<40`P\"O\\G\'Np\"u\gw\;>\\Y\S\'7u\\\l\?\A\?\dK\/\O\O\\'mWM\\\a\o\`̇&hZbXK\\\\ˠ\\nnp+\\vVS\I7\\\Z\\nX=6\&6\\\n\}\r\\\0\\\\Ax\N\?\#(~\n?\\\\<	{4<³\/\!x	~	\5\no\:\Mx\;=G\]\\p\8|\'`\0\#>)|?)8\rg\\p\_\s+\ܿ/\ow|\ka\" \"CEPz4A!hDbcFQ8\nq4\\hF-VG&\8L\$LF;`*\1Y\qN\1p\n\\\,v\\0W\ߩ>r\g\A[tP\\0FPpHP \nFA4\I\B,i@X!l\0\  \HpB&dA6	0r`L\\ȣ7\\0\n`\ZBa:\J\z	7@)A9̂\n*M{}5\@-́\B=4@#\Ͻpy\Vȳvo=J\򬟓oq\z|{V/y\>gȳ%\"b\\<\ZZXy;\s%ﷲ\t^\\nY\\r6Mb9(^n\\}\|\E\&RbȦk(>\\^X c\,\\0.\ll\\gۙB\ib,b\"kœ/6j1K<z\xb܂X\j*+f\0\fOwN+\ʟ;yR\\	\3\i)\l\8yTD\ :IBJ\ݠz\Z<b8׭\\xYCG&4A#St傫(]>J\EJ4YU\\Bڇ\Մo*֨3\Z>S\\LFEZ\nU6EB\\0\:9 5z	\r$̓h\\\\)!,hR/C0\lEM\\&5e\'\Zu4G7ͣ\X\\uؠ\\\gy\r&kS\M\\E==\<vOГt\\'h\͞ka\ι̺(\HH6:a{\0\\+[\Z-:\ਛ\\\㶪\>\yV\d\\\r\n\\(\"CY5\>!\\\X\15\$dݳJ<\\s=\\V[\Z\[-c,5#4e\d\\\'\\YS^0/f\Zk\=Fz\"xϚ\%\=\6\ZD6\\\Y3i_\n\e\\\8j4Z\Ԫz2|\0y\n\c\*!_31$ !4LͱΧ\Z\\e1PSS<\v\\WV{\\\ZkTԛ\\rD\y\O\\zrZ+!aih\\qr\jQOCO\\Z^}2Yj\S|Ǭ)\\\4򫄢\sCLE\:\\q\\\XkHE\a\*K*%\\:8;\Vtku\r\`3\,F!B5nB\m\\k\ZVcP\Z$\O\\W0;M+\\U\38\Rc=)U`\Za\F-\lP#6Z\(\j\ZcmQ=j>7n\\~ch6U\ˌEfuT1=n{\\\L\\\Wu\\V{֒\\\gpvMѢǳ\\HAL\sO\\cmuFS:W\[0(ʂ\\\\nzxwyﮨ>h\ݕ\i\r5\W}J\\x+o\W8YT1h1]\0k^Qk\\6\H\>\k31j}m.?JZ\ƴM|}ni\i\>\nYS\:\)\tA\0ks\'\Z\y{]\\\[\\c*~1*\C\E\5\Ch\Z\躀k\Ů/\6;\\<\\Ϣ\l\;Ϟ8+}j>Iq\<\U\	U\0v_\15c*@\XWbw\5\1@\51\\.\-\C\\R\SoGuS\`_|!\z.i\\\\8wZ\\\g\Ї}\p\0\zu\@\[9p\ԇ+\nx\z\ӌغBq\\cO\h\\'(%`3}4v%&$\{{\\+\Zko\\':X0Ĺ\'؞\\\\e	惔\:A\\\>OYm8\qft+\5q\	\"X \p\'w>ݝm6n3ocmI0߻5yc	f\&&V}\\M\MkSx۸]n\zz\pw\\a+H\\]IӁB\w;>\`-XӁ}\s\2j{[\\4\QUљBV\6\;\Tέ-6\\gS{֝awUI(TN]@/\ntU$]q	\Uh./c.#.M*e5\\\Iny;\\\춘Ӥ\&#⌬\nEc\i\nk\\\}12&WW3Ũ1\11٘o76F\Xjl7n60zz_\Y\XFGn魬\K^:\es<x\VZ\nT\Ω\E\M`l\YQ\i[S\i\"\ő5\*PP\\\ս\\{ЇHCW\r\ʛ\#$ZsWWww7tٻ\e\^@B\?snȿT_n\\Xq®nNc\_h.X\\r\\r]n&+\8\,7xOڥ\K\\\\\vg\\:^\\t}\\\8\\\yy^O\	ɾBwk\19{\kh\\i#}vS\r؄_\J.4i\;\k\C/v\\v\ra@\\=\n<$\\\<\6Q\\o\-\.SA\\t9G\nA[\'\d\@K=Y`5\y\Z.:\-tq;Ț0ҩ/g*[a!A#OԛWMgppJt\a9ݥ^\'?Jƽ\(\\'?\'PF/\\kt\e\^~-\W\Jn]緼\\\q\5Ca\\\\&p\\?\\XH&=RjO/Ɲq\\}#z\,\}z\\}\\3C-6K\cEjOxV>c\\n\\) \Lh\8\\dsЂ\\A\\,<)p}p\+\S`YX&7\\(evH>\"\B\\/3\e\	악]G>$r\L*w\{e\ǮmY9\n\"\\`\Yxٵbe\ћeA߲W~Q~K:H\.%_f^il=1Z-*zQ\B-.e\skZF\\,#\'b[H/ITeaON.I4\tz(\q5\\)\t)q\(=$38n=N+\ZnWw8\ֽ<rFz8-\\0\tȄ\ßikIr;=D\\\Lp,\Q\΂`\E\u\\QzW^U\n~OASnTnV)\Q\W%\o|\~>\La>(SP\g\n[١đMT0JA;T\\3\nާ<\n6+\V\4\,Ej\\<\\i\=\\&[aӔ\ne)hSPQ)\k2^\s\%΢-\'/F)a*حU\<\t*\n\x@\\)/+\(l\\G\,e\\n\I\\\\\\ce¶)B89f)\nKP0B\\\9=/ܯYq-\'\'8[aa\n\"pn\u\\|mP\ypn\Z\W^K\n\\\Zd\# \\GDc#ǀ0\w\g\8\r\2\8訛[W?\\:\;/=<ˮx.\\\ڄȮ\[g\\ZL\ξ\\\!N\Z\d[z\\"c0.D\q\\C\>>cx{BB6\\2C\\1\\	LH4\:X\\\\Cq#@kT.itH:\"\s\?pfd\$\궈b*s#t\u\Z]\\\'.Y\lijv=\\Zi:\H(Hw6$cmXtztG4\\JP!t:ur\\AǙeτ\82ҥ46\+d:\gZ-!-魥h\,W=g3?eeoDJ\\\'gFhcu\\\'VN\B\ٜg\T9\0W@\r\\˫\Cb\tpSu\'8\Y\\\\Nq\\'u\`;8ǹʹ)r\"$@\'zʉ\'96;hX>\;os\c|^\'[\\\N\T	0:I9\\\\ \\n1\\O\\rN.\\\2\IcR7\K5B]{?\ZѤ:q$Љv\'5*\\\\*^\Y\\S\So\\\SN\S[YƂ4yKAqq\\\%\;ـ]N\w:W;pNW\ޤƦǲX]TBTBY5j\#;\\\$\'<\t\[8S\\Z\mߌ\WrQ3,\'433#L\5~\	:=W@0N\HKx,Q\\'L&[B	,2\j\\rnXg\r#A`\W\뀨`]PPw\\/\\\\\,\\\\n\BXxV+vz餉\\}[\\\\\\Ȕ\\aC,=H?\ndi1\\'6\YkN7 k\Ҁ\0) \)\\\'\'ǋz\\n遮@(QfRSfR\\pÓ%\*Θ\p[ \\"4M\Κ\2,JJCk\\ <Vt\Np\߯ıAi\+go\\Z\S{\ҹE\*\֞W\6\\v\\^RJ츽\\<缭sr\s\Z\']\ZCb\'Uu\l\^bfܜb\ⲦM!\\\o\~A{y>\]!\Đ@\(\\U\AQ(ƈs\\\9Q7Yk~]<&J1D3Y\YE}\,b\\\;ńY	\d\{\ڕU,\)\BQ\\\£~,\Z\`by\*e\)\e\9ߑ?\s2ɏ\\bG\"dvL>%3ExRn\"\\-|G\=2nq2\\v2\g_~G#K\@;\%N\"׎mlوV-\\_QK/E\ZSH\\\\y\zLfeq\\\\9\\5.\|AfGd|Y\5\M!\\rks\\.],Ȃ\IJy1\Q\6SNz\<\\E=:\\h?<x]\hlo\\Z\Ĕfg~o\\Qf4HA\Z~8G|F|\|\O>\\u\\\f\\r,銰MNPD`|b1/]arPqDb\\	\\\0I;Ot\\|Wf\\ŨLA:C#tz>s\nF⊢Nܜ\\\\\rG3A\Yʘ1s\\i\ǖ,W$&*틻e\[TF]7>r|fzgxtx7:6\7V틫ڼt\\ʸ^2\J&bMn1\]:\\)ӥ\\0)\Q@:C{a\\ng|G{.\DOB6\Ηָ\k_Z\Ȋ!\\'\Z/[|<\\÷\\\'6>b\=\M%\[\\\\T\-\A\3\\ѣmnqbS#4>=ig:]\ngr0Ect4\\\\HX\\3}h\c\\5WY㫒\\ϭuWl\[\\\C׍\Z?;ﺹ(M].{Ʉ8\Z\\"6\\;ߝT\\:C\sޱM\\~l6\ȗ(rEO0dIl\\j	)3KxV\5\:\"yf\?\\˖/1Zz\,m\\G{`X\nVh<HIڀ+\03=`=geV\\XVxl\l\YFPf\w\`\L\\h]\XS1KuR,f]NMiLs\P\rg\"*\\OYk\qH|\\7\[W\[KS+\M\\v\:\\;\\њ@rEDL[\\FO*5̥<.%\id1\\g\n\+\ys\߮wO͞{\n\w\r\ZvƂ8{ۛW\\\\+o/=\yqc\^Q\o7\G\C\Tl\n;&b\P0\4L\ȦaڦCcuS\N[+Y7\r\^)м|B\uHv\P&Q\A\\퍎\c\\S\J_\\V\^:c=9zQ\\\&F.r\\[>e\¦J}\=#~ņɯ\\܃`q?O#\\\vi^m\ifG\\0כ\#4\o^˂\Lz\˗NN\g^\Ii(QmE&\M\к\\ȵ\0=\'8h(rr\T;wl\׻|\LzOa\K|g\t\If;Z-\9T@[[\RbW\y<\\CG<w\ؑ\dG2\\d*\+Q)ZF%Tts3u\Y\K\#եŞS)̗[	Q}\\XA4Om\\^\)\\yqU]S׶rW︥\}|;)da^\\eE{\m7:b\\mcc2l\\(1j\ʪT\Fˌ\r\̵4\%+um&RnU\\d\nAAt\E))R^hRK@!X*\\J}Y!4\Dξ̏\^IWAj\Μi\rP\\m\[@\\\\ɣ\֭gw0<\Л%ݓE\$\\\\+\Z{%c3ѣwx\B$y \'=Æl4b\a\\p\_\h18\\Y6/8q\"\]J3؏!\\\\\Fx\\V B!\D?c\;x_`h\2\;qXq\Ly~\\D`C?\\p-\Hqt\\a8ݏM\x0|(\xܦ[Ӵ4^	Ъr7e0tB:\\De14E\na3\\nK\U/\Х՚lr6S^O\nMJ\K\1\Z}#A7Q7j\NXLm\\[\ô[\\I3=}:I-n\NQg\OS.Yj]jgsWs\\4EV\(Am\R\\\Ʀ楍\WR\iS\\[I6Rjm:\\\:MhlXB\BAN%4MY\'\rM\lmL\KLv\onkj\TSի$>6k\r\80\=i\\\\\3\\\'e][ֈ\kI\RM\\\lƥ[\\l\xWEFU\kЭIkӨ*!$.|\.Q\\xwS\ǹj.\\w%72.\_9\\֮\\NjlmS\*\Բ\\\nI8t\\Z\\\\F\"n\n!Yu>֕v-\\\I\\~\\"\\ri\\>u,\-B\L[imHEwfufcwws\'nѺ;`8\Y{\hЕ\Z\\OӰD	-\\o9ѯ\|\\"m~R\m7\h/4kh}n\\J~Wv475w.lHk\^\\>]~7[~m}\ۭq\|;n\49\\o;9[\biZ\B\(中]wӅ\\\\r\k@.u\no\rt&E\jnVȀ\i::\5\\Nk\\\踹uq\ǯm\\\/\\<=v\nendstream\nendobj\n25 0 obj\n<</Type /FontDescriptor\n/FontName /LiberationSans-Bold\n/Flags 4\n/Ascent 905.27344\n/Descent -211.91406\n/StemV 76.171875\n/CapHeight 687.98828\n/ItalicAngle 0\n/FontBBox [-184.08203 -303.22266 1062.01172 1033.20313]\n/FontFile2 24 0 R>>\nendobj\n26 0 obj\n<</Type /Font\n/FontDescriptor 25 0 R\n/BaseFont /LiberationSans-Bold\n/Subtype /CIDFontType2\n/CIDToGIDMap /Identity\n/CIDSystemInfo <</Registry (Adobe)\n/Ordering (Identity)\n/Supplement 0>>\n/W [0 [365.23438] 1 28 277.83203 29 [333.00781] 36 [722.16797] 44 [277.83203 556.15234 0 0 833.00781] 54 [666.99219] 55 69 610.83984 70 72 556.15234 79 [277.83203] 80 84 610.83984 85 [389.16016 556.15234 333.00781 0 556.15234]]\n/DW 0>>\nendobj\n27 0 obj\n<</Filter /FlateDecode\n/Length 312>> stream\nx]Mn0\\tDBHi$Qi\0Z*\2΂\\\$TK>f\cL\\7\h\\w7\<Q\\\$.\D)gJK#˱Q\\2{3LQY2\\\\6G5\oN\\\6_uZ#ϒ!\\\\nlۨP\~\\_\\bq\\\Il;	3\$簪Wߓ\w\;\Ij4%z&:!eG$#\)R=R!\D58 \\n\ssؼ&k\\RP>DF\jZ\%\K\0A\;~K@\p\C|L^^CǓ\is\?\Z_W><\nendstream\nendobj\n5 0 obj\n<</Type /Font\n/Subtype /Type0\n/BaseFont /LiberationSans-Bold\n/Encoding /Identity-H\n/DescendantFonts [26 0 R]\n/ToUnicode 27 0 R>>\nendobj\n28 0 obj\n<</Length1 31796\n/Filter /FlateDecode\n/Length 20728>> stream\nx\y\\TG\0\\\\r4\\\\t4;4\\&D\A\5\-W4JcbtIL\-5NEf&LV,31\M&qe\(ݸe\}\~߻MumN:\\9u\0!DM	G<Kfw\\	1#~h\\~GB:Cb3w\5\\ʶ}֌\\ķ	&ϻk\ZՁyfψQ<\bHl`\w\/aȟpŜo>~f\'V2nwto0kYmOFi\3:}?\\'D\raCWm_wh֔~G\n3%o[T̕0 l\'/KF+[U̕zᡇX	=\$\RKܤ\1iE\פ\"IhN\ߓ)|\'Qb0\-ZL\C5\"8I⏐V=\\\"|-=\bay\04`h	ß\>f~LRX\\8\:\\0K&dEd.\cqlRy\'`YV&švM\΅\\0\G0dcH\\|\/\s}\1X<\\No\\fx}\]\t	\7\ױ2B\y\\r`A0!\\@^`1\\Za7b(ưd\ĺl\sbߓ8\Od4cy~\%\KV8C$C<\0l\o\';1\\:ǳ#0\+\\\Z\Sa-\Zzc\Z܆q7\\n\GnTx\rn\n8\n\F}ao\r\7\\[N\\b6W\\b;_\ll0?N3K\"Ź\n\\!Y<`p\\#l \\#\{ \\p|7i]\,׆\\zk\84(Abii]C\#\@g׆\BIQ&]\dU9Yi,\9ʚ$\\\ܭ1_l\7\\\1e|s+n/=4	\{BiCC_bl\0Ld\d\'\tC\()^\5\n\:~\V=eb\<䮞\%7\7d\pd)\q\~\$+ri\d\~\\9\goAe(P=Q\\Bń{($W\z2\>\el<pl8\w,b\ʤL}E\\|$\\c9\_\RS\C9 \fbx\ai,HFK0v\"\ݴ?fا\HI\WX^GɱOy7\\\(kc`I=D\"\~A\F\"\#o-\2\\7\\0Qݘ_ \Ɉ\ὅ;D\?el_x\dal@PGIe\x\'DߠU\FL#B7\EuKc$<K\,0<\\n#ۆ\\\xX~;\;p57f8HD `\6\M\\z\r\)><؂`?bE$\Z}%\I\K\%Y*;Z>M\\\	hoY\%焗\$_!O>*\ċ\)\Lt\\cXV(\\i%\RC\6& ^ \0OJ(5G:pc\\Iź)\1+?\5\ #w\Q<\\\@b8!\T8\bV^~?b_Q\9ȃl~˵200ۃ\0\ap0\s\\d>\0}+~\З\h`\/LCB\\\9<v;y)#w\\Zx\0h<}A?\\\z\\ܻ|3\\ߟ>\hіhK\<6\Vj+U\\\\~j;$$\LI\IiI\I%HɲdM.٘lM\Lv$g$϶S֞JRijD6Ր\Z\L\M-M]ڝ.uS\\\SO=z<\/V\ԏRH+M\F\J2,\\CC\!\X\Z\\⿍{\'7;֦\\l9k?#&^\?\Z7\'\'oInk\ߛ/\5\D_\v\ˀ\\\П	zvj\=~p\ಫ\xw\==\gÅ\\\_\\7\\]x\w]Xq!\\\\?\\}\s3Մ[M\?|\3>\\O\O|RI\\'ٟ}b$\\7\.ܗ\8\s\{\\k\~}\s\=\\sOw\s5\\\\\\2t;t\wH\_{\o\\\L2\dK\62, \\-\",&KH\'\\"K\2r\'YNVdYM\\"w5(?k\=\^\'\Fl&=dzmd;\%ȃdy\$G\.(\M\\^<N O\)4)9@C\09B!ϒ$H\\9r<O^ \'\)s\"\e\ӤJ~M^#ߐ7ț\-6yKΐ\\=>|H~G~O@>\"$s\\'r\Sg|A|IJ\"_\o\L|C^w\{_\\Or\\%d\0\n \\0%@\r	Q-D`\0# bq	`D\r \\pB6\r9\\\ȃ|(B(b(RAV\ZZŖȭ<\~J\\\/#rܴDE\$D(An&:\'b$&CbđxԤHH2J\H:\ $8dqAr\<O\nH!)\"Ť\\r\"dM*H%* \\6RCn\'c\X2ԒdH&:2L!4d\Zi\"\I3i!3ƅ\G^ۃyk?r\S\Yh\I\c\UǑG\9r5\"3iGc\̧\mtr#\G\\nZ\bZQ\e%,C\=0\R\HZR\\"MQ>b\\@UTMuTO{\i(6J>DwR\Ze%k\SHJ2DP\\"	50\Xd9Lp;!beC}ݤ\׎;\۪UʊѣF\eҒ\+ۙbON\\ZHJ\@v-\\\\@6\\g`\nZ6,\H`!EsA\VJJJ-N\v\Z\\c\n{-xQJ\|\LRU\Ϋ\V/\S\RSF\G\Ve;\1\ZjL3\\ ͨ,>F\"\r\R+gk\\WV\\'%5d;Q\n\F\R6:\b;\\\\zRKf8\"Z\3\ض\\\v3\̕\\\gʠZ3\\85ׇ;l\wc\%3\%T\w%Hޞ\\\i\qr{ݦ\\D\n\zlur\\[\\rAm\<(O\?&?>HSy3\\II\\r\0 !HӤ$6-\'E23\̌?ND!H[XM\p\t\\\k\b\լX\\S[\H\-3\3泥kQ\\\'\{tѶ\"wkC[\lA!\rɂnlhL\\b<ٱ\O%l^,v`\v\\OgרǍ-f\UH\t\;k\\ЪlX/5	7\ZFIˬpl\i?EC\rm\1\PM\*{\[\-(islIA^?1\ZR(KF\ѓ\k&\k\7\	U\\\[\ǇA*Rz\Z\5 l~L\G\wPEKUG\\!C#\ZL[\\0\\ԩ\it`7\b?I\rI\'\I\[(Q\U\\*j,؍T\h\x\Vomoϳ\\z67F\abH4դr7\Dz8È;\o$nJ\_\n(\5{X\p1\\bat$L\(\(ђ<E&\\ث[{\\K%h\ wůdc\H\r\L\Z\De6\6?&¦\lT\2\X\n\՟BRJ)+e,cc\\\($S\"!\R-/HY\'He\2 N\Pvb*2\*\\C\ZY\081!E`/C\\ˎEU٣j(V^\\\C\2V.G\@\*۹G[i.6\cJ#RV\{/\6\@@5\\nخw\o\gY/\\Kk.Qͥq/mtD\?[5\d\﷞\?\~\?՝ㆬR\K|36\\r_i֗^ɰړ\'Or\'ġƽ\py\}ǃ\9\q\B\\s㺃A\Z\9\t\3gh\3g\#\G\\\\w\\!:\\\}\\C=S}\'\	;\C;bkvl\1\/\O\\\i\v\\~v;ykVnȺw=w\ډ3h_Tj]\ϳ\Al\[\'ru2s\5c\a\6b\\\	H>k\@Õs\TW\ǧfψj\o\*Gp\\O`\1\ENC\rmUSi֬\\Z[3NӮٮ9\\˱쒆k\'\mB3$4\\9)\\rN^;5ٷ81(\$uS\lkX\}d&3>\bi	bBdnLh-\LdTCWg\R{  ]Gg\'K\9BuR\nX`]\ZJ:]\\\E:cw\\u=`\ӱ\\nu\ىؾ3v:6KXV\n\/FNf\߃S;\	kD\e\T	B\i\K\h\\\\gZ-\|\C\\re-X\#hݙd\µW/\0oM}\0!@\rbH\*\ryN \\9\\n\9\6\	0={\LGϹN{\\}\n\\\E\ڡȫ?E\7c?;\\^|C8+\,#\Y;\\)p\<\K̀\B_~a9~Fs\+\j\S\S~+Vv]E[iPv)+ʯ:>^|h\Qw5\\:~\\C\Mh|\Tl:sO\ױű4\0!\'	,\\\Vu\7\MYM;m\\\\>\\\>\s\nj\G\\uW\\\9&Ε\(&\1\\ZzX7:):5):\S\yB\?Wﰍ\n16*\\0c\ʴZY\\\%6\A/R^o7\8M\s\h73\Zi\\\\j\:\\\\\ӟ1\Z\\[\\'_\rn\25\u`K\\p	\"a`\n\rr\/\1t0>!atr貨ʶ#V\\jPk\h\FE\2./\Eӽ:Jڭs_34EژI+9W5]\a\Z\\Ãɴ\PB	F;9\7ʩ\\x{sr\r7KH(EۣqYtp\A8@[\'\\\ظ\'	k\b cO~ut@0\)gIw\>Hňڈ`\/F\@\rD\\j\\H\KHTc$gσJŰ*{D\Ԍ\\7\м\Y:v\Z\'S\(!/\3@\\0ȁM/\\4£\K2No\\}R\\nĝ#.\\\$hPԒ \\'Ћ%Gh踱\"\\\Z_\\cu\\׼]\I$t\rmԟ49iN79~N<miEo+\"7GRuBYNq8\\Z$\Z!;qQ\nT\N\\)I\}\\\p\\M7<`Q`Ov\\Օ7\'tr\ {re\\)}\s\f݉w\\j\8\[_\C`|Cyz\\\?m,)\\'\5hG\t\fSv+RXD{y\ݰ(\0/\:TN\qZSB$\nsZ\L.\)zno\ӛb\&wb[(/\8o\%y\Z\\K|\+D \3\\☥<,[GWj{tv*LN̤$\	v0aix*t\\"Q!eDlW\"[Hߕ.\ӘΠq51-@i\t0MPZǩtq:쌕CZ(6M\"\^o[ZŎi}B7L\/<\u\剒ɓs>{\\JEsq~mnI娮\'\_\\\\Xɱ\ݿzɥSˬ\r%ѷo]3wzUw\¹\\\n\\X\E3ҤA|h%\\ѥt=K\ӥ\^Խ\MF+S{R\\\\4.\nX\\\rTCڢ|fs\\*mшȟV[W\\A\\V/Ƨ殸8\}i0-ma\\4NF\\Ns\Z&g;՜A\r\>\ΌfMi羈\CHs_\btqOD\"%#&ӓ\4 ɘϨ\<\\yid\\r\rc\"Ǜ\W<\y\s]\ʟ+-m\\ʹ+sfzM-Y\FL]걆ez\c\	\g<\V0r\\\\iR6ۜ\c,^ޕ\QM=SKfo\ZSprW\w}ύX \FY*\>]2\$ڇtbM̴\ę1\V8\cdV\n53\n\bRP\TL\\0܋\B\̄\o\␶&a}\r\h89I\\C\_\ZQ17d\rʷr\_}w`IIZ\'ǹ\Q\n)$GE\V#4hMN\JD[)dowٹIɭ\]\\\^be\"]9LUuq\ZW47Ł\`@>r\MZ\\,Ҫl*b\"\"d-\rc;\\]Fj\\s\*\\t1K9׹E#\dx#I#\dkI!?ҏ\\C\NU\\\s\\IX5哲G\l\\\{!%0\?u7fsi\ck\$Ғ8zQu\xNm.[ӎ\e-#\\>vckqv\J&mZKHRݣm(d2R\n\f^\FDtϻ	\Z.]2-=x\bԐؤAF{n--\\M\'f\'KO~8\_8P%\\\8\\\L\#\\iq\Ҍti\$Բ\B&OKc\\ҕ1=1tGOWFJE\\uRW9\\̮#珤Y\8#F\nZSf-\2w\\2\&vEh{i|\\\'iTaM$\b4S8\\"\E\\a\R<\n1F\7>w\B\o]ϯ^;\\f\4\'u<}G\&o\\\?ŗVW\,O0ϩ[mO\<\f/?\^TVv\\\rcO\SQeS\\vﬢ\Y\n+?\,\՗\\\yY+P?𤷹:;#\\\Zsd;\\\r\v0T\COE\CѰ+\Z\\\˶ζ\ƭXr+\{\\V\m\\5f\Ϡ\rRm,\n`R\\"\\O\\O\)\\\XݮR\,`a\oKXͱ\46V\\LGu\\\\ڸH\EhD\뾨=\\E/CR?M\\Y&LQvA7Xޜ)u//Ϝ\HSW\yiaA\\%\ˏͫ\#\\\y9s\'\\O^\Z\IqS\*{\nu\捯\\}tU\3\Uje7\/nѐ\\KI\\\\\{y*|?\>\\\=<\\Z\\a\O2hq_qΜЙ3Rߏ~._~AYš\=\tfJ\\\nf7,9i0\+\TRp:n+l,_ȕ́	\_\/DHE\\\A*\Ur\\*ͣ(~YQhE\nEDL\\L\0-n)B8\\\ME*+J9ܕ{_.U\\\R)Δe\\}#y]\0X\\<}\>b\:\`Mp~(~;Kq\8=gx,\[1k UAըߍA\\\D\\M\^&\^5cxj	\M99h\ 蒄+\z\`\\\\o\0T\/F)dH\3\\ANI	\\\M:\\ZSJM\n\@hf\1Q\V6-t\uT\\d\{:GZقq\۞\r>egS\G;r6>j+\V\\\\P\rz\\\\r\<ry_\t%\-i\\r\M\\\9\e\o\\X\']}\y\\$yb;\s:߅[;\\_\ΙTT\̔\\欫J\r>n: 91N|w]F7Pn~~k6\\n\f\)WFg\`UXIz\/9\Zp\r\9\M\\p\\#\\P%=\@TY\|B\	YB)RA2!2#Y%PI\KŌ\&\9\rc\\\8\Q4\c)hS\\gl\&\0\l\\EBDG\џh\nHMMёmZ8\,+,!/\j7>I\\g\\\\:\ZO\\񁻟xD\ZL\ZQ1\	=\\\iƄ\قઘ18o\\\3\QB\-t~\ZNٚB\FF,-tCd\̏AϨ5R*LkG\N\Q[h\ .Y\t<2\f\2a\v\l\F\\tk4g52F\lԣ\bӗED\Si?\dM(]~\.r\K\'lcrҞO/;<8\\G\\0*\l\Y\\5\?2\1vȱ\6\+\^|4g?\\0\l\\b&`,#1\)Y\\B֡-Ѯ\К\`\(q\\x04V&\8L\,\\2]\[\t	U\⸋7,rhGJNb.\?,]F\O^\?\\'AZ{߄\\ZO(ng,=Ϛ\^={|W}\9ğD\d\\\\,D2bS\\J)(\	H89Ey\0䛁S6ݰɳ\"41ds\\H\]_y\\\0}.\\\\\\=\Z}?$m\{>26@L0(G\n4-Sǣʡ\^8\ng\<( \$\0t\\DӛnA\\\	\'00\]\i\Ko58F8Rs\ZX\c.YµvrrT\0\"\G \nRO,(lB/F\y\\l?\2p\\\\M;4	e\F|ɥ\ۆ\\I\V\\`\nZe]2*;9\/([\\ꏺ\GEqэ\";j\\# \"[\g[S\\G5k\\"<<A\a\ur_\\\\-#\F%$\rҁ\Z\Y\\\/\\\\\yˑ\\)\\\xudSi\r\U\\':\Bk-8\'ud\\V\\b\e=d\V<d\\h ˖_RFq\ac!\!HIwN\J!~@`\M(O@A\\[\\\\\.P\\a\\uY\ ]\\\\Z\\0\u/毺>sq\uA<:\E~`:X\\nW\Z&4.UOr\PsY\P.\\\n\\֥`-uq[k\\\ĉIc-B8IN_tkLk%`h\\TZW+gDhb4 &Py\hdҧ\!\&Hd\n\ZF\\Jz)9)a,\-\M\ÕKnV9=`7&r.6v,=M,4%EE_ G\lGKK7\$E\\\LW\0\ha2\DZ5;6nEj4h-`\+pܠ\p\hP@\w\\|\\\q\H*r}lwL^Qa{n\I\ګnCtT$!lȿz\)B\KpU~%6Le\"RM8֒P3ݩ~ZM3\\0\aţp(F*;\\?\"J\\i\jeZ\\x\\o\C\"O#\nBTprHG \ZZĄ(ppX\h8\\d\'P\Mfm\\bZP\\Q-C\8\\#<S\W녵W#Fd\\\\!\{_s\0vN4 c`8.\cDj;\\-\fmgh61\Z\ÐDgAoVr\8ؚ^>M\̒*NCҤ}0o\+g\\겾\ýO\\>wi\\\Z_Ofl\2\<f\%>\>!.^hXm\j\\\\<\N)2\И\r[\\QO\2\Z3\Y\qTƜ*ρ\HO\\\ԣ\-4\x\Zo+\.Y\6>Y0\U\\\]{%\l\>(\=\g6pءa\\E\79\\\\c^\Do6u\\\\.v@86\W#׼\\W֔\\uW\\/ՉE\na2\\\3E\\9/\r~䚳;jCҮɻ>d	 -\ɧ⢝ePQO|X7΀INOr$\N\,-tK4l\N\n<5PZ\ˢ!139\'\neB\\\\Z\m$VUrr^7\7\\s%z\e\\ݘp.W\\\ܞ\rYP,\J=E	P\^\\\<\)>\n\tnw\~Ўr\\]\5\r-\\uIT~s?f*msʗ<\Rr\-.\\cb^ʛj\\\\\Վ\\l\\X߰\\gS\ZGXJGUN.L3EZ\\[O\ʜ6\[`/\.\`\%ҚPNO0_	>\R	o(?R\^TBABYɗ 5f%^	o(\PZ٦\_H畐\rڰ.\\L]ʃثK\~Jة\"\J\0^\\ܢ<|QR>Ie	\㊒\WBA%lQ\F\\X:N٬%h0YnW򗕰WyT\\%4+AT#@r/V\\Rʉ\n.)[lR*\*v%\*8J\UBrj6UCJ\W\i\a6ڧ\˕`\@F*RyT|<\<n9\jbrE}\7\=\F]쀸X혁\ro\$m\\\\Z9}\F\Ze\r\HϾ2o\?\gOh\z}L\\{3\$x\r\\:X\B\nh$\jutG׫\\\\8䙈}g\\x6܂\f]\{zپ\\\\^\E63;\I;Ss4->V\;\&dwɴ\EsLW\Pv\=\ګ\<4\\l\\ε^3Fἔ\7\\\zF\*\j\n]\\"?V&$\\ĆĶDnuVYX\Zm\05{AlnZ]ZZP4(1q/*\$\J|[`e\DMZ\Ei\(N_F2\Z\\\"\\\#iT).1+8S&?$R5՚g\dV\Z\q\\D|	?\05TG8/\\\U\\eZg&yz\\iⲳ9N\r\G6\Yw\]\\\\.\8\v\Q\\	\\\Z(]>\~\k_\NBSY٤yDsR#Ј\9-\\.\\Lp1ty3\s秞<{\_E\}\u\\礇o@\S\\\⁏<p\\\{\yh5\X\?\r\2<\&\\&W	J\C\\G=<?p[<\\[&P\,\*\J道\\\\9\D\s\\ez \7\=\8{`\\X\i@H\W=\y\0xi\\5\\\\C-\x\0G$p\\Q\\\]:U.@\=\\+聏=^3\\\~\}gI\%t~\DB\'O$\\o\y5z6{\xzN{\{<2DOB\itQcZeڂgSFL)\\0\\ŋ\,\\\r@8AM\rڏ\]\eJ\\ZG\\r(yp,]z\iُ\ju8nA:\ι\0]\r\\`iD1\\\v\nٷj*\"\"2BD[ՑjV\Ⱦ{\;F%\j@k\:&m3\'\\Zt7֖Q[9: \\1%e	V\rk\F߃\q(\Z\!yl&-\0\'0E\ܘ((\m\n*S\nRȠ1N;)~AijJ*TUo\*PTԬjPmV\e*x|\ͪSÿ\\n\UЧT_x\nv!\kߩ\q\WNܣ.LV\Q\Q*HQ媨N\n|U>z^EP:,SLLR\N$8\W\WUOT\*\PA\nDT[\3շ*zV%>P\U*ԪZTB6֝AEq\A6^KC_%xT4.a\YoAB5	a֩\E\ؔ\`lpց \rާ*b\T\\TE\"؂z.\Z\E\Vq\n>d!xuEȧoqo\\\|]4n1q-\z\Z(z\\,I{9\+\\h`\$\rpE3\ސ7mN~,\!#\\b\\n\f]9\ed@%\	\`L~ѥl/\\S+\mX1!`4WY9\<F\}a4%\I\3LE\\8o܆\j0hj\.o-1I\lc\h%ɹf\\0K]z\ \\Hcx9\|]\df\DN(.\\rv\==xJI4\K¹nV&1*yt\\\,Ӗ\\'\;\rGv.\<6%\k\G{\c/tՎ\\"`|~\\\]y\r<D\4V׷0CZx\mĊt\\Zw!\On@r$U\>\\:\pB̃<\\\ͣ\<ʃ<jNhu$\(kiu\xd\\\ gzsh\\\÷&\\^vAw\i\2dՓ^\xYN\0>|\S+\\\	e-UwTU/j4y\͆Yqd^\(\rfӼ\?\\7\\\f9\\s\Y\A\M\tTB+b`V*\\\Z}\o\$UV\Z\qV\\Z\v\yo\imE⬢_!#)ۇrB2Y3i=h\]\ű\e_&4\\k\\r\\\ǋmcZ\jW\\1c\sO\6W<m\\\1&7\Y\\6oa\\\Ӌ&?\;~zW7&gʲ\޹{B6\z)\\)uɳic\Z\@%M\\\n~3\\\&29Yd\mUV\~\FQkZZ˅\\n@bM&K\zS*\ZM\1\xs]ޥ\0lƇ˓\\ZڟCy\\\m\\k\\ƙ*;K	O^ѧJJU\'/:ν3\\\A	h./]vژ8?\q9V*\Dz-`I\NENhOz_\t.=\\oR*\jMZ\\mDhpr˺\谋oк\`^R>cѾ9^r`\\\?\n̞5\>hz ;{j!\ו\\~oel\\Xn[3S\oNTxģUs*ʫ\Z\#UL\\+\\\h!Jkւ_@\'AGeٲƲݲ\\"\X\1y\r\r\r\\"/i\\r\qqrk\";\-w;*q4\\\F\՚e\Z0;\X\pla7X\^Lv\r{7t\a1Ha\N<d\x[e\\t.\kQϽp{\ޕ%k2\fN0eϸ\\_CFJX9geLgA]\\\X<qM\Af(c\1+b6\2ɲ̲\+\~1\'\k\GѨncǣ/.U8P\٪\*z\nH*X\מ*W\U\]E\V]f)PdjjZ\\ZIY\'4%\\\ҟ$30=8M\3\an\7L·Q\z4\~[\\kQCI]G`\h\\\\yЅ\\\\L\\;G\\ͯ5\jgV\ϝ38%jfi\\\\哟ͬ)Wia.+\\P\V_?\^[g\\K\\r>:?؆,7\AI\SD\0\\\/\Fވ\Za\&>Y{ﳃ\\vK>&\\31k\sYP\Ym$ZA6[.]/	K\=,6LvP\N\n\\KOj-~\gўz8:\\	\Q\\ɉ)uҀ>[9\f\\\F\%\\9{3b$\'\ky\)x齴16\ne\\0\\>%ݫvO\*]*<:950N:s4L\	S\\cѡc\\np.O8!؎g?_|\5I\;8%[xŇ\\\\\nu\\P\h3F^n4ƚ{\P/\,a\,ng\'\f1[\\\Y\5\\a_d\|\̕\!4g3\vCv>\\\n\aof6\I\&Λ4sn3k\\\b^a\܍\\<C,\\/\"9V\F\7V34\Ze0\.KZdC \u;vLR#+R\\\2\\6ZI6ܭ60\7G&DDHP\\X6l6/l1\\?\YC\q\j\n+Ls;f\YA8\\Pq\]J\R\0PjB\\I\.5ǾN?PV\^^S5#]\mj9\q\e\5\\ZYI\Ws\P$%\D\nE\\Ɂ\\\}}g#@\"CyDj#=b?rRNA\\Z /2=^^Sz\n)\^l<ͅHBo\h﵋\.R\%ic>\|`݉\.\5\\Wg\\A\$L3(x]\\}β۟Z\!\?\/\\\y\;qW[\Z*\\`\	0\\\n\0v\fڈ\IzQ~I\sBxM\\h\_\"YCϡ\ؤ#=L$Gp\\ݐ\npovs27<\~\;n~\r2\\wsr9\Z$\\"M\`OPD^|_}\[|\\[\S}P\\GW>\o\\\@ \"\o~\\m\D\\z\uP\'l(zm|#\xx6\W>z\w\G~\jb݈Cp\\\Q\\n]ÐY\\|P\	G\G[}P\r\-h|V\rm\\ۥ\\c\p\ \0\?N\\nkt\\-+v)2T9·a\\>-A\Hモ\\.\$47.4\3`V\\cGg}@[|}>{|\>P$\\fh\2\\\Zw$㪜\F\\\t\ML7=-\\\G\'\\\\\ӯ.K,\\}oT^Ƀ͑#\E\Fڟc\0{L\\\	\\lim8\\\SC\g\\]w\\5=rYT\yطs\lepIwO/$c\\P\R=\\T\%Cw\\\O\\A\\>l<1Ŵ\V(O\	G\Mɿ=9ܺr\>	LJ\\Z\5\ܢH2\KV\6\hWº\~\@W\6\\Έ#(ajexJo.\\j@\\I\)`*@aUiC\V\7PgP\r\\0\&\mU#\_XZrz\\\1mech\\g\v\o}o\\gg\ڿ\\ff\|Z:gC\H1\!j\\nWҶYtC\\\4wjkV\\t\x\IeihZWhP^\n\Z\nC\W\_J\ZFȯ\'\r\ki\v\\\/	Ѵ\Y84\\\\2^-y[\q.v\P3$&:\<%A(\Rr)\\\jwֶ\YX\rp#s:\%a\2E2\\'Owֹgic٪m4_\WR%;L0	˄\r4EzM\\ZS؝]\@\\\n\BzH0XH!¸B\.\WH5\Bz2K\Ug\ʴk\_\O\\a\u]\\pȳ\yHh\[(	\\7F\\3K\\3Tmh\\ͬY0r\\\g\4	?qٗ\En/\,ޚ1lپLo\\\\Mqg	\h%eb\\1R1)\\ TQA\z\nV	Y0\wa.mv=\\B\\q\ŵEΓX6 +K\ZUSRVd(ZbsO	B\\\\f\r}\=>hyYchqq[`\|Ȋc.H\YՉ4\n\'\\zN_ԭV\ĀJ\0$\\\"(<@yh@\2km$zS.\شQBCMՠV3aQڋ\HWTLH]2ph77\I\r	\\'ۦ?dnoLowk\R\\\o>~\JOEkec\ƺ\$p\~\xEl\:e6}gDyUU9g̎\wo1d\5\8\-Z\\U!Ci\D^%NɈ(vˈH3RnMXȯ\Gxsv\\Z5ED8_\z\lDݱ\F\)5b}I0\8\\#8\0U\\\\)V;(\ZF{fe\\uy\oy\B}\\ownlB\z䏯b\V;9K\J*N\\Q~ѭޮհ]W=\\\\\?r)mWC\'P\\t(:\{b$\q4\D32|%\/\Y\\<|6|\r\\\L\i\\gn\{gS_\\GLpZ:U,\w\?\NB5i\\ZhӬ\l\H\q\\\\6r\\ɳ8e@?YI5ZCJKy!\.\\о@X\Bx-(e]\TJZjtSu[tuo\>\)t\ݧu:ڢ\n\$\\t\\0U2@\pU\\Y%|\@a7\	~ TF\rE\\:^{#J\Fg܈\\͘7\tk%Ձ[\-kF\\^\6]\M\h^7go\0\r\\zC&-Vz_\do$IlZ$Nnn\twM7D\dzQi\V\T^Qn4*7\_J284$\\,ygޖIWfd>\\i+tD˷-4_1\eфXP@ \̄U)՘GR\\sÃ(\4Y\@\vIn\Y\,&\\\@u\fAZe}Eg\,XY9Y9͂\YպYtNֲ,Z$51H7\YZ\JMIҼ\\\NX\9N\|\I\N\	_8\U\'<\]N\\.	\	gʜ\\N\\nt[r\d\\\'-`Ϝ\^p\\%NheА\p\\a\]\;\\v\:\',c:\(\n&gN\~\לsy@\\\\óIa9gu\\f\tr\IN?<n\O`xr\\s\tbr\o\p\\Nsh&Pj\4\\fi\\pH\\W8\=\\w\I:m\֭q%c!!h;\!t62d\ҙ@\8aI[fhGg2%\&m\L\\1)a\$әOc\\rN?\	\w{\\\\}Z]\n\D~\'\vK;&\aFRAiq.\\\ɠ\J%A\R3tC/ޡ@DZFxI\oB\\0HE\"\:9O<q:\\\\mr\(\&>c6\mk:ݤ\\ؼ 9_k\owc3c獣)@DS̺\\\W\\nR(.\U\<_+%H\\J\W\w\\MԷ\`\\\V_\U\ϦnY\Q]\,gǷ/Q\X	\n\\G]tut\1\' G	\C \\\U\+CR%<O /TP(\\E\\?\*\ᖈZҨTzEN#OҸ\nN^\T\		\W\\\bLuK\VJ\#aǴ/f<>AJ~\r\j\\:\rh \\fi\\4\i\5\F\whp^3\Z\\\\V֯Mh\;\\\>\\'co1\1MBf\r\"#\\'S\J/p0ƅi)M-zcB\\m,]\\/ijt^[\\i΀kө\\X/#RZ\rĒ\\\\&\`vLL\rjЧALhmie\\uk\ZG;,+ QPk\DA+oY-m6y\\\[!\n`\ATD6\ԕ\(\~,\2$s\\p\\n+\m\_x\](\\\UXK	~6ui\#\ցsܯ]\U\K<J\0%GKh{a5PS\D\ʠl,;pfJ\Z\K~\w\\[\\_\@ճ嬓\r16NS\v]a\w_\\v~?̀g\E7,\d0\\gX\\K\1x}\\I\<\2j2\ʠ0\Za3\\zdT S\dT\0\Xћ\9O\'\n\\0\a\0\\\N \ZU}ѭlѵQ53*rFϱf3zs\\a`\\|Jg\\\n=\&f@X	\n\i\\|7(a@<Rڋ\\r;oo\\<C-.\U\x$\Zĝ\ʰ=حj\+O\A\\`\]\\X{;N\}]O\n\=~%V\x>Ͷ\Uy\\\?@ܭw\\!l3Kq,9m\\rjl\Q2\P\*\T\ک+\\ч ;˝u\\ΓΏ睊\T$V&<-\Z<\-QÃ\n\'U8\!`U>b*DԵjJWe\\\u\U *Y9\UYV\L^o]\Rms*\UUW\QUVDVRwJ\r1(\|\\Z\Z\-`uXG@8\\t{\\\華.b)}a\yi\\})3-\Gt4vO\\aj\S6\\~\^{^Z\\~\\Hd\K*/Wex:x\;\K\{b?2Sc.E\n\7\\`D=\Q[\nm\V?\m6\D\n\\ZaS[\\\k!\v*Zqj:\Åł\	~44߶\	a߶_ϽV\'(ZY\\_,v7K0)}St~9\\i\\_#K~E\\\\r4Z\©i\W1\rE\\B<ȭ.E|[\m\j;\Huצ;\{:zO$rO#\>^dd־vaJR\;xpxU\\nG\o\oqU\8O$\ZSiJI \~14\0i#/0\͋\\\\\}lYYk\?}pJ~Յ/ڊ1t/\\bB\+\WOՎ[!\G}m\@aMS@\\\,شڴQM;ڴBJwشKi7)\mZ%UfMk$\̦\j\/\np\ZH\r,iJצ%6-#\-vi\'شB.\Nv\\rv*\Md<-\KڴF\Pl|\yY#~eɑe褁$I#[H3QzARx\"H#Dj\'\x\8\ŕg\c,G\R\.\\N\\"15-	o\":!~f\9Ӳd\ɚ\\\\zp7$\\\cx\\\2ɐ\><@^\y#7fBuw\ڨzB7s1\\гs\T;M	S4Az*\mF.a7\ م =\\\\Nb^FCMRnʽ=42)#7\\	o\\U\R?~C$F.ϡKC\\Pd~\󰾙&\\\Z>4(L\\"WEI^y$v\,\o\2)xxmq\\"ݾACxsB(7m[{ެ>7ΛF\\PoH\NF\\\w`\@:iĤ3Κ\\\ʥtKˇ\%ސsؔsn\\Fk\ؘ\rn*ƘoH\\\\"{܎|\G\\ i\	jo,\4Gow\\J\j$QP2;\ٚ\[\n_0/\"\\\9\r廉\=F\ȧ3\\\Ȱ\ؼ\ffխ\7j\lu{\spw\g^v\ܼmcݭQEg3D꠨4:n\Z\q7Ӯ\fZb\\v	_@ݛtf3\9[7\_+pHӌ\CF\es\\\\\/ϰ\\\l9\k\7UH\l\nendstream\nendobj\n29 0 obj\n<</Type /FontDescriptor\n/FontName /LiberationSans\n/Flags 4\n/Ascent 905.27344\n/Descent -211.91406\n/StemV 45.898438\n/CapHeight 687.98828\n/ItalicAngle 0\n/FontBBox [-203.125 -303.22266 1050.29297 910.15625]\n/FontFile2 28 0 R>>\nendobj\n30 0 obj\n<</Type /Font\n/FontDescriptor 29 0 R\n/BaseFont /LiberationSans\n/Subtype /CIDFontType2\n/CIDToGIDMap /Identity\n/CIDSystemInfo <</Registry (Adobe)\n/Ordering (Identity)\n/Supplement 0>>\n/W [0 [365.23438 0 0 277.83203] 11 12 333.00781 14 [583.98438 277.83203 333.00781 277.83203] 18 28 556.15234 29 [277.83203] 35 [1015.13672 666.99219 0 722.16797 722.16797 666.99219 610.83984 0 0 277.83203 500 0 0 833.00781 722.16797 0 666.99219 777.83203 0 666.99219 610.83984 722.16797 0 943.84766 0 666.99219] 68 69 556.15234 70 [500 556.15234 556.15234 277.83203 556.15234 556.15234 222.16797 222.16797 500 222.16797 833.00781] 81 84 556.15234 85 [333.00781 500 277.83203 556.15234 500 722.16797] 91 93 500 94 96 333.98438 161 [556.15234]]\n/DW 0>>\nendobj\n31 0 obj\n<</Filter /FlateDecode\n/Length 343>> stream\nx]R\n0>?I$W%}@\%E*\2\\\\D%f3\n|(mN0\C\ݼvkc#!i0#\rQ\\\\\,c,\n\Gؙ\/Q\\r\^\\P\\ޜ\x\\@\*^b-Λa\\\3\<:`ltgw_\+D+g\kXy\;_\R\\c\nќKOH\քRh}DNo\?\c\'+A1?!\!H\n\DqS\y$2ER\9\'%)S\"I(\"\kIP!\nQt{B(T乚<ՆHL\!?\0U<4v\8>\©yǄ\M\˰\\nendstream\nendobj\n6 0 obj\n<</Type /Font\n/Subtype /Type0\n/BaseFont /LiberationSans\n/Encoding /Identity-H\n/DescendantFonts [30 0 R]\n/ToUnicode 31 0 R>>\nendobj\n32 0 obj\n<</Length1 23624\n/Filter /FlateDecode\n/Length 14639>> stream\nx\{|T\\0\>g3\dI2g2\\\\'\!	\\`I ;I\"hKV\j[Z	\\Z^jU\z/(<ZmتO+&}\$}}\\x\ɚ\>k\k$\0` @\r7y e@\\kmϳ/]Yr\0kl\R\\0.j%Y\\}\_׻vp\\x\ڡh?&H\nmS\k)\0+6\\;;\@\Z\0fР\&^^\0,\0-_۵a\\H`z6\\\v}9y[Gu\\'\!1\zi\\r\x\\\AC\\r\Z\yǪ\2;8\Pݐ.va\փZJm\0Bf	b\CR(\n[!\7\\"\ԖA!+\D\aߋ\om\"/S]\YYYd\'\\\S	\\x\Z\~jSMH<znǴ@fq\Vs\Py&9i\ZmY\#!9!׋\D>\%G@t\\zpL\F\\\\\'^[tɰ\Mu}Dw2\s+5⹒\\#9\\na?2\|z&̤6El\czD\\M\Ogh\N$N!9?3\\\\\K20a$H\f\Ag\EP\<j{wXN?\:\\|1/\sg*\pL\fd[YD;*\y\h^zi|\R\\m\{L\"\Ѫ}\_@?ҡ\\9P\2(s\@\{CIHF/@t|\'\4/\n.8\%\\r\\\oL>T\\1\߿`\%\\\rq(\>\\"o~\6\\\8\:q8#TyvY{\P\\Oe}*@涪\\\\\g&\?\\u/8$ki=/\u4\Kn?\R9=n*<0\\#__i\8Cn\gb/4g]]\sS\9\\\ZϹbdw\fv3Yx\Hp?5?d\\ \\dKk\\'_ҖD\\\#iވܤ\/\ȍ\/s\׉\:#?\n/u\\s5\:W\q\-Eg4Nm^]\h\\_Ku\\rS\z\\ubB\\\\"0	 \n\\4b\\tb9\\"r&\3u\'p#\W#LwSW8Ӵ\"\szj\1#\\\\Zeܕd?\Ot/ENi\8\mY\\a/\*:sD2͑\O\^G>\\n=\l#>7\:\kX\r\0[\\9<i`r\:`\\o;5\\	%&Ap\c	\0_׺#턟ݑ\5W6B7\OE\q\\W\\J (\\\ @f?,<yֶ\+\\<\r~\j)R\"\Z\\\'EQ\}\/\"\I\\\\R<nN@\YT\H\_q=Ec^\mtR\E\B.Wï~A2\>N\ⱃ\Y\Z\'D~\c\x\yhaa5\u\"7i0]|Z1+\~=\D@\R\A\?ZHS캖\]W6\qtȃT7`ũ\n\\\"*\Z\CO\sx\\\\\/|C}\1\\w\;@\E^!R)B\n\\nk9\R\Mp\8&}%\G	8\>G7f\I\Dy&D~\8\\4\\'^\@~\#<\ౌ\dn\\\`c(\\"\%\6\G\\4 H#8\\`jQxB\wfոo\sg\s\p0,\%(v7\\w\&;\9UN\<M!ϔ\\\函\Zo\\M{sKxHe\Tk=Ց\I\J\rSR{|\\'~J\f\I4\?ÿƿÿӿǿ\\-\\??\\\\\\\+\לg\5X$\w!p\\u~\'Iu\>\);R&Kr/ˊrلK&	)Q\;S\寐qBC\MH+u~ڄ=\\#IH\\#\H\\uc;ǆ>?4zr\G_st\;Wc?\\O\~|\gϟ}\{gϞ=s\o=tv\\+\n>\9k?+՜eg.y\\\g	\?y&\\L3o\\g\~\\ʷ~:|\\\Ozt\t\\\\\\©ΝO{\S\'O=\ĩ_\O:5ԜSuOM9u*\~\&ŞG_q^,\\\ziհ\\.o\6F\M0al+\J\\հ\\5p-|\rv\uv\\\p=\up\\M\n\^\r߁\\\0<߃\a><aQx~\0?c8B+	<	\\\N/\ix\\W<\Z^\%8	\\\\ex^\\uxބ\\)8\ro\p\\;.ރ\\'3|\0\9\\G7;\\?O\?\O.\0\ncA@DA-\P4	\6c,ơ.LDtc&c\nzPF/\Џ阁S0٘X\\"\XX\p:\rM3H\.\	fG\\\"x8J(H\0\v\\\g\YpYM\Z\O<C幄S\~\4멻U\;	~\}*\\_\' r\H\\rJF\rb\$|\F*Nv\\G\1\#;-1\4\Fe\n\r,\\xꟙN\T*\*0\'\|-$c\Q9X\*d\U*0\Cޮ\\VW|\nV\0\ZX\Z\XSFySU`\U`sU`YIޥTBt彅\*\"T,4U+&lU&ک\\JءWj\n!5Q9H\\hl:\,X9\\nt\ZVU\$\\gW	z\\1p`G&Ly\\@jQQ\nY6#ǩ\v\>I*0O\np\np\n\\\\Z*/$CF\ߩ\Hx\n>\\0aA*\\'g[\\\\\\\n\GU`W\TF\?\\y*_C%\\\\ZAe.\{*]\0\4g\|,	T`&\+U`\\T\\\U`	\\\2\U\\4\󹠱ר\.P^S`ߠ\\Mp\<0\ZD\=(3Xɛ\pB< \rIL\C\\42tȀLȂ)0r!\0\n!E0Jt\\r\a&T@fA%̆*\Z0\`>\C4B,a1\\-\\nm.vX\n\	h\"\\$|b\)\n~\"\y>yjP;J\G\G|\%j2E\{\o\"1}vm&7J6b&6\O\q5\\CeQ\^F4\nk\J\-<Z1=30٘\\\R\|,2\\fGq\\\\3h\r\=\xO\R\\\\a.\&Unmi^pAScCys\ԅkkfW\\nU\,1}ZYiIԂܜ\̌t/\\q\\$%\d4\uZ(0\j_M<\9\"\\\뢊I#2U\\\L3\"w*dŔ!\\q	eHMPD`FN\\\G^\ǰ\|\9<_)\\C=x\BvV\#\)W\WwV#&\l\\cN61h\Ho\̜JeVO;\@û\]\#M-\Un5\'n\\R^l\vNa)q\\zH\}\$X\0w.o\P=<{\\Ud]F\3	psL3.qD\]\'@\⚮h\/}XC\\5Ý\]\\";d\7|\l\PM\Z\ju,}#Rg/Nfܑئ%-#\_#vQ\rTnu^)\A:z?e0E}a(#9>\\\\\3Ѽ\G9wa\\\U\\Zٱ\i\n4b\\\r\mrY^B+Tu\}&\B&7 K\M%\ιt].Χ\W\\u9\'{$P~Q\H\n\U\ϣ]4E}U\\6\*\'擋UݷEim67{:G[\UW\\\\*U\\\\#g\\G\l\\\\dW\\\-\+F<\nZi+\w$\J\\k\i\F\Z\:C\yG\\E-s\6FQ_pv6ʆLnD\\\-\-Dr\r|3\sD\\Hpj\\0NMbd\\=UQ:|S\r7\\qnZH|f\\Vz\d3z-G;z\+O\Q.]\\\_\\+\Z[ظz-G\<:W.z,Rx\W\HM=Y#\\c\u\\ao\\a\\e$y\p\\\\\\\W\EVB|-e;\\-lP\澂e8wQeN69\#>\\t${<\s=Z2d;+[ѻ\()\J \i=\zc\\PފJRCX~u\x:Q)uYr\W\\|~j\\l\6N\\fv|3 ӚG\\W\n^\\ud\ɾbX}\ʡ0$4d\S>\(J.\\gG\iG\I}\\\|\y{A=\ލx\}(\9{\sϙ\g\c5LA\ۧ\3+\rԏX)\t$\LԄ#ĠD\i8\pz\N>\\NGNN\\^x^!^~9\y\و\\_y~y\"\\ɠ\X\xhI&t^6\\\O<{򉗞`ObCO\\\\\G<\WF\x\G+Gx`\\\v\#\/x=#C\Q\91!;\9\ȃ\;w\`\'\@\xޚD!\\vۤ\\ۄ\\2\Э\\Dk~\uΊA\\\}6tPxAg\M;n:pp\\rAρ}A\ׯx\xa\>\\۾O8\'84\8,pE&\\6\\umD\\\3<0$\r\Z:6\6uȞΈg{?p?\X\Yȳ\R\"KDWsB\լ\n\Z\Z9\qI5\0\\"\Zю\"\2D.Lp@$B\5\ppY\\QM\ut4x<֥yK\YzxfI[\\vY\<m,\ͱA{f\nyB\!lZX(-ܱP\ф\\\\P/옃sjڠ!\f\ZOW{O\\ZM2\\fg\\lCk6S׌Ah>P;\ɳF\j\n\nVJ\\\'jhY0{LA׸d\PSۈv\4-i9\\\\\#[F:[\tS!\; %qBe\` z\\@ 0\0\\Z@1\g\0\W00Iy\V\+7)6oi`\\~\0&N\\#\\\NW>Mr\\rהk\]r\0\\|ȟ\?\\\<-߸\6#	\\W\Z®\Z*K\\6\\u\nf?_\c\sܭ\mhe\b4P\i_\n픶\F%(5\\\Z\[f)\\6\XD\RVl\\\f.\J\E弍~\\\\gKa\ZYqZx=I3ڵk\\'])\DK\^sjjh|(ڮvWҮJ\ϸS)>:J\%mҥ؏8\*Wt!?\/\\X\\J\:z[ڭo\aql-\b\蟠JcC\w)\}\n\x招a|\>&f~\&Qs@;\\ºW\r7}\m,4\_ŤҽCe}Q\Z޵\K\\Ǿ\q;\\rSͿ\\4\0:\=B:1\\\\Ԍ\"xW\iS>qy}\\6o\\^MgU/@H\yqx`FH6Z\Z\'Xh\\":KHG\\n\\P<WB{\0]\9\\X\N\\shټS6\\\0ooacֱU7P_\\; B\!\.\ö\\\Vajw*91m+>5M-ɂ)\ga?\\IL̙\K-\<yR9~)?)ЄmF\g\b\\\t[\r(y[\4[X1z\Z\r:\\n.\"B{a͎ey s\dxcu% u\bȨskb\\\^\,\IP6ř\jqkjIl3(\t:l\zp{<\ZQv\\m\u7\.C[-\@yP\\0\\\\2M\()L-Jj苝Q5:P#\[\\\n\o̿x\]m]\V\x\U\\^>ٷ+9),\'d\[Uy\]7\\jn7\h\\ep}5#5Y,\kBc~b>ˏȶ|mֹ\xbXLh\\\.5}\hXmݞn\(\\tq\0$	y\s|\6\Z޹2\Zl0Q:՞x,\VV\֤f\\S`a1:+\\VK8\%\\̹\S8mc˻CK%v6\6%F\\\ZZ.{j֢\+V\f,Ư\25͢&\V]\]޳BQA2k殙=\c|\]+y\ uJ3ҡ6\Li Q\:fzJ=le\\\j$7=&F\"\\1`]՚\Zr$SmJNǀ\f3\'dG8Wm\F\n\"xYz\\{Kho\\\R\%-\d%EWXlQ.Z\I\+)f\\=#oփ^\rcEe\\Mϊ+v^UMM\.qg\%-ՙk\̭\zw\">Jr5\qocǜ\#_?\\K{7opںH/ՑwXp|B,\\!\./\\\\f[\Ƴ\Z߭	v$	)w\9\\@\nh\'k9\\\"\\C섄\r_Է<raW,r+eߌ\p$z\r7\p\\-\=Za\4h 7dY\c\\pY\J\66N\j.6Ӳ$QG=\\\\HDUǐ1N\\$h5\\#+-*a*[]:\^\n+K \\\|& v?n\\sXů	^^̵\rYV;Ϗ\2\\>yŏ\\\\\܄q\\w\F_\&򡦏BԆ:\^Xa\b%\\vVϗ\Aӯ,qŊɂ\I>]LL8-X\|Ss\b-H3¸W`6&\\gQ\N=v{S߾\\\~)w.)\k\\\\Yu\\\\Zn|c\r\\\y+w;Җwj\a)\\wn,Q\s\7hkTX\\xqb\pye\n[=\a,n	@ڡ4\\\-^\[ȡm0k\\\T\a\Ly:Gʣ[!>Cq\\".N,S\Ǵ|\ș\f3\\\\<ݻ\k\v=H[kc\?5t\\#\\#h=\\}\\w=:v\\Fl(N\\\0\"/]\%\\v\\lGpW鰔U-:WD\\)\+Ų:=f\{,Ă^o\\\\rXAo\\BVӞ	pա7[-\Zv\]\\b\l?\v\\Anȍ\޾Җ\d\'w\sv\/0\kE\Z\\\\\\#o\\\1<o&\\%^H[>7s\Z\\\\\'<X*\bY.f3Xiz8֦w$\&R!,6s[r\N\tWl\\뜒ɊQH\bgzݚ\;V\-L\U\_r~0a\s\ɛsZk\y)G\\ns\o]=n\]\{h\\7\n>\\g6o\c-o١gwK5(\\'96\n5\\\+U$%6\\\rj|{\Av%\b\1\\WZ\ji\07\\a\t\n\]\>Α\iA\Hۣ>E=/\,\ɘb\\Ǿ6oksn\\\\}q~o\Z]bWY\_l^s\\Uyۛ;f$>nl\_`\[+:g\\NJ\ZkKin8fXif8զ\\dVT\t		ls\\Dt\\;Q#+=@UIϭ\'#]ѡI5u\h\k\iR\_69ʶ#O/\$\\"蚇\k.1\iW>GN(-p&\\bbg\z笹lnf\\\뾘\}\[>~\\\\)6-\\,Fo\\B\\~q\$.e\|(&+9ܟCMXDmk15\\g[읢\\=5\\N\r\f\b\c~v(1[\^?54q0u$\\g\	R$Vx\x5\\bp%x\>9ʥm\\H_\\\\􉍾C>\KM\)bw(`M\n\\\JF\QƋ&&zi\TR<d(G|\YT\g5\I\o\\\nȯ\ԕ\G\J[u\+COK\o\\\i̟kq9\Z\\7sQAq㬲\\m\b\~~\"ٛR8;-\\\խ\\R[(oHu\0KB-NtƷmI`flΘ\1LͣMO\j29N\: yA	r\J2@\r\ :><	{_I\~ϖ\Ϭ;J%\^\I3-\\\汽\Z\\Awr\nG\i=$\ml`\ÚSps\vaiL8%fKۈA\l\B[qN\mgvi\rgٰԆ:[\2\]<BDQ߶ՋӼsmxY^k\Ju\DG,\n\O\lA$C\/NX%PXP\m)\U#<\\\V\\h2_mo\Fkwl\\g\:~\t_\膙)ZN0\\\\[Wmbvt%rVs\\\PDoA}j\\z\\kِK`zwpȄfnM\6ш\M49Z\e&Ao\\&\5YJ\)\H[$V*>DA\\vM\\hM\1âLb\.	k$L\M=	GR各\.X\	\S	_1	+\\D\\,\g\WT8\\0oD̿I/KxB\\9.\\"	ƻK(*\UyZ7O~%DY\8	a\\C\\\FE\\"	\z\\G\r\(\PI\r\ř\@\8\P(;ʢxyP\\\ML\\T:HV(\+\(2I\\Ҍ\nd\7vl\W\ҋ\\\W\\%\nq\K(^LS\\ھ}c?\~H;\dw\ݡѧ&w4g\;Gs7\\|\\5k\\\\?x.\zrK\\\\0$Է7\Yh\J\\\\iًaіHJ	KbYf4\f\b\2S\\*u1a\'\nIö4,KC}+@D\"Q\)#A\.9>9,\\0;Pkq\K\r\dpB\P2\BKԟ2\0wQ\\\\0ŏ2\}\Z(4G;%jJ\\Ǿ#g\5dM\\h\5G3 o\Q\+\	g\ӆS\\Sw4_\#}	q\5$&dXP\cҟ;\'\Ep<\.+\Zjџ=5m#\J,{\Z	Ia۝\na\\bJZԝ$\'aF&WȍNw\\\N\5n1\1\nFѓf4\I)85SLƴ4M\'Krק\\p kB\\ZDMJ3ssQvPy@=rg\L\'\3\\'8	\O\\\@N\\KK5v\f^\_nM;p\<`2\ܡp}figMfjE[6w\\\D?2\nֶ\\z\M~;~\\{~Q+mfNB`Ѷ}\-j\\g@\_B\%l\a0E`l䓭\\r\V\\u\L\n[k5mQJ4c\ѧ+ȷҫi=\@\4EP\ݶ-\gVd.j/[jYT\\\rͽ,\]\\l\Q\_5\c$ؙ\\\+\\3+\\Ź%\Χ1t\2a*}\\\531#.#-C\\NtOq\drP\\\3B.\\f)eM\c;RhՐe-hHvZv\'h\\\iֹ¼@\\_/%ö\直\Z?\~\ZdRfmK=g,\\\ZȨ\\QYa~\\\'{kYI\K2\?fm^\Z2X.2\_X\\\vmS\}\xJ掽ֵ\L2c\6\\\	4~ڤ׸4LNFk\'\\	D\#\ZGb\0n\\q;\xҍ\|}T\\w3-R$48$Uj\\\|s\,pt\<b>n֘\:<\'ypE\f/4yJbD~gтAuk\)~\'\W3^7n7V\|{\\_=ݚ2\\\\Rb_\\߅\+>\Zk>\Q\\\z\\\M\ǯ\>$o2ܡ@HW`Y(*`E\=lI\z3;lsfơ!.!m\^fZ\`I\\zBde&\\r6ec5\,ܘܙ| Y\H.If\dg2K-\\Ln\\)\\pfKi*ws|Rfe\tfz\'#\'Sh\\\ҫJ9Z\\\ڡjQ\Z`|4\(8d)u\\r:rV\'O:}\ޙK6\_j\m7\\R\tWOkbf>i\%Kk2q9=53X\B~g\_tf\5wf\cF\\Kl/ϘuD|\G\\'#k\eW$oO>\si\+\\\\:\b\B\ZtCZD[5K).>,\/^kj\Vx#d@a\9r\H\n\ALqNZ4m6mu	\?\ri˕\WRX\\\J\"u\\D/4ݡ\\n%\"B+\\r\rB\ZF\i\\Kc|(NVT;,\ `bi\e\\8*\\\"\E&	5AW\\3h\\Z\t))-\B=\Ε5dJ\N6XoeJ|lw\"j(\\\,RR1uL_k\bZ\rh\r\P\\p9&\'9\k\rh.+\%$\?kʔmMPﶺ\\r[\qn9N/\r4\r\(\\\r|lk9.\%\XWY嘠P>O\Bw{9^)e\n;QO\n-|\\\:NШ]Of\Lk*\\H\Nn\\7jbz_*\\'\\H:\_\\\\\n\ɣ\\r\Z\+\1OaLU!}I!=\\>8NaM\3\\qܠ\W£P\\\n\=\k#\'\ەiW刌\\\h-G\\\Yx\#\տҤ\W(\rTTT~`c)Ox9I˴(<GyDa\rP&o\X\\˴uꗘ\e2\H\\awUE~\\'+DV\Qg]5\ͭ1\vgTy0|򌚩)ZAl0f\jҕ7\X#wJ+kւ\\G\u8\N\\J(j,6\lcNWJ)\0@\ZZR\jKd\&cM\\c\q=q,7;eġ6\\vPSr2g\bNރ\"G\!\Jv\s\3#17Ʉ&\AM_kP/v%\rI\baM6\Xc58\L:I\[p\\r_9t4k#~4D<z\y\\~)a\\ŋZ/[P8/h\-(p\\P2嘏>\R/\h{\J\Qow\\f\n-\a\ \';ԽHwwE}ChHL\r_ʯ{cj>\@gK8dͬ\[:\'wδ%\\//w\WG1۸\\n}f{.\\}]\Xu\:ʏy\\33.3>e`m\n0!%6\qS\FAXF9璣{.CY4NY.\\@?/\\'Y+F)\\VK\c3!{\\R`,\\M\\XF\%-am,ƺMn)\\\\\\r\Z\ĶH\Wf}ְ\r\\vkh6q\\k<Q\\6[+NGG=\\ԯD\\]?\Y\FA\`!\ͽ.7ct<3֓\\,s\NȨ뱱\\|\\ڷɆ]fģ	3\\(߹Iu3F_<\"ܵ\\:IN\~\B#\X$\is\\nҟ [Oٷ\a35i\Zh5z\hD	7_/<i,S\ jJ@\Z@\TΔX7z_\\eZIvZŴw\\\o\d\\\?/.qkű\{m\\чy\\'\[$s\)Śb\\1WabFo]|}2ks\Dܖ%i\Zt ˪\\̀#?\qp\q%9U\Za\\\gLϟ\\ZAgt\\?\g\\GGS\\25IR d3\\\;\Sv\}#ݘ\gO\E߇MXVI\'Ƴ\6iC\<`?%M!{n՜\Z(r\\\Yu\{\vW*cj\\@\\t̺\;&]69њ0$œ?u\E\Cv\G\U%I\\>2ş\$/|#wchr\\\ͬ\\gf氙sY\\C5\\gDTͶ(zjv;X$;`9d9cZ,Vf0\eɴ\pYh48\͈KF\m#-,̻\\'\'\{iBo۔#n|\U,\'\Mm\]V\2\.0}\\߽Dg\j$\\9S\\Y\;&Uڧ\ύQ\xF({Gf&\nMIXWǲ\0&.iF\\!b&!lb7\rE5[\\\>neYEN*$2p\U;ts2e.\nN\eR-\\\\\LO椰\\[)4\\:\V\\n\j?N=L6\`JGD4\Z\\xژyD˫\\(6\\JD{ZSkpB\4%CZ\Zo*GU\ZFc5\A\g>\r\Rq6E~\r\nֲ2-jp\k⒓\jcNeo\bH\\\l\\\5Z\;\n1p\NI\<\c5;8jddF\ny\\UU6(!;\/d\\d\tK[\ɭ()(\\儱e}C\IYi>ǔqfoNڛj	n%\f&xm\\r6a4*sq\\L\\j9o~wqp\\Z̎/\H	äOU=	O\w\'<-\\h	\Mw*Z!eG\\ZѲ\\Ѳ\'.\r`oM$-!W\\Z-\zmol\z:H\\H\-3p\8\0xE,B)-Z֐\uѲ\P\3Ѳ2\\h\@mMP*~;Z6\\\h9\\쉖-pu\}\o*C\B\|(\\n\a\\"l*\:ʥ\,XC<À\CҖSΣVPM\f\"*7@=\)]Dݥ\'a5խ~\\r\,0?D^\\-\u\s\Yk\\\n\\3\\?\ӝ+ϫ^0kQ]C\7 wɃ]\=kW\\W\\\H\>Xw\G\"#*5}$\\[\\\5ط~j*h\"q5\rI\\t\u]k\a{91Yhs\\\=k`yϺ\~9GT~{l+&\\p\\\GO{x\ܢ/\	r&$\sx~Pw\ZJˠ\[\Sx7\BQi\\'rP\mB\KzlW(\D\\\\r^O\ިIMR\\07I_1Yʾ~\[\'7\.̕{\\r\]\\E\rV\[ޣT.\\\\"\dU6\rt-\\r\~rO\OdE]\^߿a*.\Ɔ=\W\4Y8\3\#\\\Z\\Ľ\\\r0\r\ެܹ\\b	G\UJkz7L\\ۼysnWT\$E\k\\ܠ\Bb\+V\\\Z2\\\\\r=\=}+\Ѳ\\\\F5`ہm[\ \;\(Xk.\\͙c\v|\PQgk}\'c\QL,W](J\\f2Zw4\\\<2U\\0Y\&\Ȥ&{\\;Qi偞\ofCU=\s\\\ܷ/O\׷ne\l8h?\ho_\n\nendstream\nendobj\n33 0 obj\n<</Type /FontDescriptor\n/FontName /LiberationSerif-BoldItalic\n/Flags 68\n/Ascent 891.11328\n/Descent -216.30859\n/StemV 129.882813\n/CapHeight 654.78516\n/ItalicAngle -17\n/FontBBox [-178.22266 -303.22266 1150.39063 980.95703]\n/FontFile2 32 0 R>>\nendobj\n34 0 obj\n<</Type /Font\n/FontDescriptor 33 0 R\n/BaseFont /LiberationSerif-BoldItalic\n/Subtype /CIDFontType2\n/CIDToGIDMap /Identity\n/CIDSystemInfo <</Registry (Adobe)\n/Ordering (Identity)\n/Supplement 0>>\n/W [0 [365.23438 0 0 250] 14 [569.82422 0 0 250] 18 28 500 29 [333.00781] 36 38 666.99219 39 50 722.16797 51 [610.83984 722.16797 0 556.15234 610.83984 722.16797 666.99219] 68 69 500 70 72 443.84766 73 [333.00781 500] 75 79 277.83203 80 [777.83203 556.15234 500 500 0 389.16016 389.16016 277.83203 556.15234 0 0 0 443.84766]]\n/DW 0>>\nendobj\n35 0 obj\n<</Filter /FlateDecode\n/Length 330>> stream\nx]\n0E\n/\E64BJI\"\C\0bb,C}\I\"u\\GU}x\\\;cqzc\\5_շE\\\}m\\G\^gxdћ\\	\\\\\cV\\C*\\Gh\\:\\4o\/\sv%nԠat\\\"OɋSxJV\\:w\\8qt$zF\$ST RCʈ;\s\uoMP	\P%A^q \nJJ[\3A1~j+\oe\(3]S(-?\'1#tX\q2ɰ\\\O]z7\\X_\"7ŵl}8\nendstream\nendobj\n8 0 obj\n<</Type /Font\n/Subtype /Type0\n/BaseFont /LiberationSerif-BoldItalic\n/Encoding /Identity-H\n/DescendantFonts [34 0 R]\n/ToUnicode 35 0 R>>\nendobj\n36 0 obj\n<</Length1 21612\n/Filter /FlateDecode\n/Length 12234>> stream\nx\|y\\T\sν\,,\&̝fX`D. *( Ȣ(\nj\\1n	Ѹ\\\h1\$&mmӤY5MLV+6M\[}4iD\}νY}\9\>g{γ3@\0@Afo_G\kOLlH8\nKZw\\FT\\[zU\\ZDc+Jg]p`Q{b\[ևՌ\\at^PoC$b)\"w~\Ρ7\0\\0c\\߶m\֏\0\\im[{˔8a\O\_\'}w\\\C`Q{\j{^y\=\Au<PP#$«\>q\ԃ\0\E1z\\t\\nli7\BLUJ\\\O~H\S\\N\\*ʴ\|.n\\\(\.\4?\4\"rX;PD\"\C\ZX\h?\S[\8^\eX(b<)󡃕Y[_HX@e\{X݈\\1\ Xc\\# \}\k\'ҙ\\!\kù\\H\PQa#/.^\\s\m7$yVvMX|/Σ\c\\; D\8MZquΞc\NŇ\$NAvV\.qxobI@\ ؎\?\I\\V<-7\\O1\\ɯ^5I{0Cރ\\ZP\6<\Zڃ\=@$\Lochw\\=AgTֻ\O\W\8F\RV\_v6\\"@[?W\%e\l\(뗭i!A=i\u\Z8v~\p[\|٧4Hv\\W\lU2JE\(\\48f\<W\yI:b\\@+|l+^Vf>M*?=~#c=R\\\\$?Ww\s7\Wd1#{\l\Yf77ͭ\1q\n+\2\+Ac\%\\n(\P\\n]y^Rz;c$\\і\ɱ\OI~xx$\)2K\`l|=\p\#pq\\\\`\ؿۀvTYE|\',`u\\94Ld2L\\\vˁGy\%q@\k\\\x\\PJB%\S1&́E\r\^(RV7G/1~c!r\HlWoܣ:2?GgQ\9D|\\UI{9P(8 ¸\\,Bj&p\\r!3ɇΰO\X%具\r\T5a_P~)SE\8l\\Ǥ0]|:$qcl\cb]\\X\ñ>b\r\#Qw\oآ<q\{0%\Ga$(Q|N\h<\F\B+w\mT\K\b*<\\'\%iFbW\2\`\HC\\eA#2XB\QJ߀V\#<dA~e\q\\KȌ+oӿ\\-\\'`\Z\rWE\z\;\0ӱOX¿\r&\"\nm5\0A_&F\2UL8CV\/G\U\ю\(tN\'fĺ),H\O\ij\O\g\n\[\*_7/?canh7F:_\Oc\\=\rJ.,f`\'L\_Ƀ#\@\" RP_\\"Ջ\[z\SaBk\"E7*%\3\A\YN\\\G0\\h@$!!AT\"ơ=L\\,Ҁ/I7\\\~xs\RZ\0\) \qOƚXKz.X\c!(n#k\Nqe\n=\\\\rq[7|?#ac\\'I\20^(\nRaC\Ua\r6Ӛam\kڔ6-\iYl)6\\j\S\nu\Q\\0:\"ю1DGc\\tlp\\\\\\\\y\O/:^st\):K-\6g2\\q\h\=\\#<}.D	4l!\\g[_	\cKο\\.\_W_v\~ǁk\\w8^&8>\0xIՍW7\\]\+\7<pe\ʒ?8?\O\|9??\ϯ=\\\#·W燯5\\\\\\\ae\<y\\xn\\鹼s\g\'8+xvټcϦu>8Kg.\̟\\\oμq\3:\\<s\\g>Sufʙ\3g\θ\$\\n۩\%Y\O\\E\r\\	atBXݰoKza)A?2X+\X	`5[\6X=o=l\&\w0w\\nw\6\;`\'\\^\\r߃`\{\><`?<\#(<?\q8\0OAx~\<G\ixc<?A8\/\\"\n^\\\n\n\	\'\\8\r\\o\=x~3p\0\`\\\|G\p.\Kp>O)|?\s+p!p\'\n$*&\Z%:BBH	\'$I&1$đ1$$؈$q$LRH*q4N2d,M<d,\!$#d<@\n\DRH`-\\#\\A0!\A\<ēA? k.A39\)FKF\!?	\KD2\{\O\\n	H7 ~:\-2\lw#pNd\Go\"ߋka뙋H\t;bW\A\F\r1\䕸t\\`BSDc\P<>2\L4i6|,R\@žBԂTXajE\E\~(&\"=(:\0\n\a\rAe\d64SME!N\\;%+\\\z?AsOe\<JtRv벡la\\m2غl120-V\\P6\4E-BꒁKˠhKD+%H\ȣ\\T!5ʠhovێ\,/}\'\@\'#2(ڡ#D\(M:\"dPIGZtZ4QA&\\"+\!-AцM7HePS\\\q:t)\\\#Et\UH\`\m\\\\2({\"^C~=ғ2(\>Y\99q_l-w\"ePD݊EEuɠې\^9;\u8\"0^\\\Lx\\\e=/\\\߇\'O-V\]^ɥً·H0x\S\nԠӝ\a(\\a	fhX1QɂQ\\n6C\"\Z R \\xJLpC&dA6x`,\@.\8ȇ0\n`\"@b(/B`CLJSa\ZTA5\@-\t0\ZflM\s\̹\̏`ޏQ̈a6|!ˆOb\f\0f\#l<fB̃\zFaއ1|!ƈ`F}r)-eߗ\<7kq\"\1\\>\\0D\a5FBze.:\ZFé\Z\Y\d^1i\\\1\\G0o>`g\'$\C*R\r:RC\[ŲƆ\u5\UӦN\\Q>\WV\-)\n\'L?./7\'+ӝ\t$\mVKt\hЇ\\ZJ\9J \\k\?ﴗ+ZGU\(\Z$1\FI%;oeI$1b2(HO\\Rp̪i@~kQ_\;B(Vl!E/(E(/*k)\\^C:du\Ir!\\60u(\\9\Z\\5\reqVkczZ_o/W\үURB:\%N;1\浸B\\\s\Z\\+\ʆ6M.ԟ\OѸ\\bV\^įp\`\S\\/^5Xt?\PCC>\jj=g\!!CeanV\\\\mi[\j+\5\\b\r\\qqVS\L7=Tuj\uLyX\4\e\\\\j\\\ȓ\zdp\ɵ\-v\\ʺ!?\h\j\C{Zȶ\n\?ڇ\LBQpV\]_\D`\\r\RX!T\&q8\&\۱\O%^ \Z;\\\.y\7\Rd\\\\tc\ܢRin{?\^rm?ٴʺ\\Z&fZڂ\R6P6\R*Oeix<\\cX\l,e\f/ڕl\oikGO\\Z\~7\\\\\\r52\Y\;\^Y3a\\p\"\\({C\\r_\P\r4kDA#V>d\%\W9\#*\\eZR 48\iSҠ+\Щ|7%+b?\8kU~Q|,\j\G#\Q\Fbf6/4\;\_n`kcꑴT\^M4JY&\\S\\\\$|X~\㊑\\^Y7\:;y	\Lq3Zщѣ%:,̗0W\\\Z\n$i ƭbcA%^䰝\QsX$w\\jx\\\p\m)i<\\Z\S(\RV\*YA`\S-Ԓ|\sxRTn;F@S\h;F\:\H\:^:\]^:\]&YӸ`\8Q#&~b/D\\k\%~\\"^\\UhxLO[5d,\Zi8T\\-}\"x/9uBWH\D|Zlؗl\sY\^\w/\\Z{\ХpxAP}\\\\?%X>\b#\3[\,ǇO\\aOo\m9;\\&r\WX\t\4\r&\!or\\\NK\/\Z\Nca\>óE\\c$\\Q\1%Og[O=u\)N\\\\\~|rt\'\\\'\\x\\\x\\?8ۿ\eiL>xHG\x8j\bS.h}\M|\0z/oV\{-v\l3w|k\%sw\:\\.ް˲k\m\,;\}\NMϰ\ݱoǡ\w\\\ءwqoo\'\6{ϒU\JH\\0ĹIzO\7,\,˓\\-YQXH|9י\z3{i bIt}\'^\\\\\Ťl>QY!jMد\\'\\\C-f9S}ͳ-s|Y٨YHó\\|6W\\W\\ݍ\_{T-\ɧj\\\E^	\P&gOq$NVaZۧf4Sc\\rSߛo*/\)җg	r\\\$\!9\䣃>bΎ7C1\Pgz\b1\\Z\\Zxm2\U\]2p=@\DA퇧׹\\\T\\\~r\Q\>ŚY~\~5\0!w7nܺJ\+\u\r\J;2\"c1\6CI\@2{W\%.%\\\!{\>]r\\0\k	2f\xf,c8\\\/\bԵ\'ͬHSc/l\x]Uo3+\^x\\<p^\\w\}d?w\\-e\\mXspDR:0\/\;ҽx+ڗb	û\!\û\\xc؃o[\\5\0\\}\\\\ψ؈.\G8c8\\Ix|\\\"\\+x7ޅv³\ҏa\K\\:\N\\Q3VVj(\qdj\i\\*\>\/7*t7t\Q-f߂\5ւkxZ[7PU\-\Pz\,\V\n[bޠ\\\X	[\B\q*L\`q|\\\߂\r\:T\ס\\A\4\\G(\EԘğns1s@CFL\vo\w\\;|\\#P\\i8PA\a\#*>ba\L\"9V`\GTʈ/V\1YM\ZJ侫?Qʿ\EN\5uf7^F)F\#\'	uc5-H\M\<\Bf!\\+\ulL.zA\x֗q\qYM*\!WJ#ß\~b7ă\\\r9N+\a#\q\\1b(#ӵ\Z\S\\\$NgNV!\\\\CcRQAE؄/<CHvPTO\3\*lFH\Xݦ*=0\35ۺ&\L\Is\\\'PVW\һ|\\SMBWt0\y}E{\^<\ZT29\\\G}Q\w\>a\\\\9xx	\Z3fkF*5U/\\\|Oy\x\B\\CX\hűg4+$\GN\"\9rp]<.\1\b6\\"*7|\\9#:\X@ܮ|\\r_40n\'\\Z\sx8*\'\?u{v#3\~E\ w\zܳd8$F\")\k\n\ZOV\U133(՛ʭFu;CVGa=\\4<\-\Ѯ\n\VZ\\Nn1>&:AԘ\an\F\\\*\h\좋\KqMo_z1,_4\0p55Ke\+T\͠vRT\y$\+UVUHt\l9\6޳aǁ\\[\lܽx\\r;\۲<6~m\\f\\\\9\Sbc\`\\\u\\Ww/*܃{6݊1\\r}g\YW%r\\\\\\)q \P0Gf. z\\c.\-**b.5\\9נj֪8(\%j\"\]U\ĉ\Y\\41:m0m{1-\]NS9c\\Z\\\C\Z!\\E؇)߽b>\NaQn7ڎ\"1\] O!MuA\QI 2J\K@R&\\"y47f8[|~m\\'lG\\O\\\Z\i\Yt\\n\QWhbroeRjeg.N\\4(mrNªO\\L[\<A\\~\J-\̘=9#a|<s*\n5h\]޼5!\\ ./z\Y<⋔_\\?E\'O~y\ɓK=tCbf;KOB\J,d6ޑ1vFԲ\T._UQs\\ZKǔͮ9E@i^\O \:˭%Z1\"\\;f*jn2.\U\\Ztpr)].\\\Exb\\l\\|\pf\3n\"׀[\g\\\$PyiYʺ]gw\o\[\bhzQCa\ƙ;`\\w\\}k\T\ޚ?g\oW>{5%y\e)~vʞ\Ŭq,~(~+]ayx~K$\Fǭ`;pT-e+%vj\\\2\F-\\\\R-\rJ\\\k\\LA:5#,<\",,<\^F \Fa,&DU1IZ\h1\LDk\4\\@U\񸳳1V=bC\f\r1F3e/9\\\\z1+`$irD)C\\1\b\Z\\W.b1>@L\P3F\\^\\\LiJF\bWfJ{\󵨧*>C[K\L)lL!\S\\b88D\Z\Mfˡd0Y\!/M@s3h\b\R\ ф\JHbLL+fD\\CH\'EH\"\\8N}YE*\\;g\\.\\bF6~\\\\rMkq\\\\\LC\R957a\0Ҍƛ	͒_,\Z1*NϩX\\\S\I9)\Q#\8h\,EgPn?\\"\Zm\J5\\c|1a\ڬ\Ҵ^\\\hE׿y\ZE{\mxcw[F5~\\\\\\\"SIcnZI̽sf\o\h\\١O\\kfҢ\Tn}\\\YNdsY\؞\O\`\\gEd%fq(sq&t\$n.\'MD)Vz|\x\v%	(	(RY_1)B\FG\\\M\dz;$\'۫3\\i՜ON\rrk2\c8P SrdS\~=&\\\kIO⤳S>\⚢yKWh\\^9we\\\ū7EP-lΪzG\Kv75g\ԓʤTE˗g\UFͼ}NF\Lb\sOd\u\\,BĘ\3\rI^O|\\)iӺ-3n2gD8y<cy\\\\A<\},5S0\;۲\gsY:.spT1\\D9TM<9\DXb,vWsYFsBԚ+\#\㍈(1V%j\\Q	e4\J\!:ԜZ\rƆF)]ĔX\)b1bT\|\\	\d#E\HL9d2\;pTB\ZTy\n9ɬהBRfz&$a\\BOr\P\ӣuPR\'V\\S*\mE\5\f~Z5\+\~\c\'u\ZWAyjc\ps4=.gӃ̫ۼ6\\=+\Wއ2\iڲ\\\ĸ~OWgݕEW\r\\h\!\xRc-W/\\\\BRNK\ \x8h&f%\:=eFuQYm2\*D#EE]̖\/\$\)GTKԈ.\\Ppd\qs*Çb\\^\\\\q˒s8F\Ē9\2VG\\\Ģ\\v<H\3m\\3a7%\O^;O>\[<\hÑ1c\!\q<J:C!H,Qr4ZRIUT2R\.\AU\\\<\\\)\rD\f\a\\N^M\	#\Z\zTt%=ܞ\\c\kw<y\\\\sG/\\7&Vqz\cg\]jB\Ry\'\)9ubR\zy3V~*Z@er\N\\/(\sH}RG\\$.\FcbǤ\|\\\R[O\\S\֓^	=\~z\t28(+DEE)&e&l\A\\K\b*Jf\\&LJ:&RS\rq\}/\\\nz ~H\\^\\aך\^_uך\#eJ	%oT\͋,-\n}4σ~\\9\Qv\'dk\\ܼGL\\˗T\!\n)\.ɾf~g̈́P0\C\T7\\\/:s{ڪ\jubq:\Q\4.uJcʊ؂X%y\x{^\\\\EDA)1y\:vEҗZB.a\ڌ{So[\hw\nyOhJwr==9\Z\zwvyX4n\>\!\qM@>BJvf\BaDd?Jy \#\0n\e\r֐S\ZrBC\Z_CUrd[r\9\nʵw1\\\\}[!<0?$\Ym\O{\\a1ӗ\\'\\J @PEj*=\\&\&IW\l\\\%]^2\K^jdw\\?{?*5\/\Kx_\\^\\%^\MR\\\rz5T\ZMF\\bPjtыēi\ZM\h6de\\l\%\{\K^Kvy\&/\I)l/IP/\K\䨗<\%;d$/\ٴO\\MMp\\\\^2\%#C`K¼\F\_\Zb\\0\ ,\g\7Jl,\\'J\w~ vJr\׋* \RO\\P/JCm?}\\K~\[Ȱdؠ$\.\|\\\*]^R\V%e\K\\^f\\MMsGK\\\X|0[FwU<\'ۍ\")<\+zSK$Ҵth2:\\\\%.kx!7rļ\\K9H\\>Z\Z\kT)3\\\?UNE(5\ZK4MXy^(\7\U=r0]\2TVy6\\\yUz3U	\)9cV,͞^d\98\yl\r5W\16$\1C\8:HmҨ\R\tĆ\\J!Bo0z\\4\*@U-##$\i%\c((\'\\ZoKo\\'\Q\)鑾qZ;}tNq\ъ\\\F7&\$T5x\\\\yfU#\w/ٲQ1xfkqn2!F\\\\)M\aD#\XR{2\\,$66%7&M\nPKu1Zm~c꺸4x)	e1Cb\p\\\\\',\\ooyg\"ф\wn9ܵ\㞷\\\Y\Zszg\\v5W\\u]6<?3a\#\=|ܸ\mS˄)[\Rkʭ\S\^VЎ\g,<k1\\u\\\7\n\=j,Of\b!&\$\B\&\|pfuf-\ڔ\gqڨMZ%\J]HN\έ+\םԝ\)ubBbˊ\ :\f2\j0O\AKtC:\\i\<\\ )}+`1D\\RW\Z}\\*tI(~H\}!bA3-ڈ	\Zubz\F\#\~}ACz	\n\\MJ2SCY\\\kZ\dWU7\VYQkHR\\tFV3s\Zz\h\j\\\\.<T0m2\\\S}\\;f\}X\r8V\%\ظhw@\wg\׹Bd\\\PQ8{B<\+\\Z\@ix\\/NW\ZCy|\ܦ*\\\\!\q\䷜P1\l0\eR5h͕*mJŷNVE,*2ǆkkBU1T5\Vs\\\m\/f\Z1H&5T	7~Y!_4.\\F\1I\Kt)<*\	GCf}Vqۭknq:׷\\\\x^c\.T\\m\?x\\M*3\xH\"N\<\';&LKnCʰְ͠~\p\T\nH\\R:@7PE8Cl\n\bB8ٟƠ\{M$X|҅\;HG\\HJr4^\'\Z\j\*\"H$DK;K\\b<1\\	nsd>44	zi\ϗM\\$\\_uIپF\ɡ\_/6\H\\?\:rtJvǫ>t7\ׁe\O|kB?4Cf\\ŵ\\@A^K0+9\y0/4+\+!vy\n	j\ー|u\~OED=\\Peb\\0\	i&\'@\ABA4fW\Z䕐J\ \ۃ\ZO\\u0\C`L?(A^kW\\]\_|\0\І9Fl\ğ<\jڑC+J!WKP*b\\aTRi\\R[&9[@VӑiX\%ɷ\"PU\\H`\@緎ޞޕ}]\m)BvffP\\.	K\2\\nA\:;wgS*J\jWTMVacqk\\"\\\y\R\\]8%8:,-Ôy}]=K\%XQR.\\\]HQ\r;Y\";H4m]7vU\\ֱOHn\ZS\\\7u2C\Z,T33;Y̼_?\\x\\4.\\\Yl^e\.\zlWіHRӿf\*SZG\(\6oF\\w!,|%Y3ah:kPQ!Tt,Zӯ5\\\j\*\:ZQg`\\e}]\]ml3E0ܰ	\\r\\\\\#OPsLc\%=L\$_\\rt,\t3\\\^nY!d`g\?C\$,\\vX\"586EF[\b}\z%[\|>\\ƞ!m[X\\\\\\5	AƂ\ݲ\\\l\(\\M2o臙3\\r\Ƒw?{\\:$ːj\KJ\B\\Bn\\\<ܸ4U\A?Z\2\ФF_\ݲL\\\!0;;\\hzzv\rd\w\Z\\\Z2\}\Kp\w\0\H\\nendstream\nendobj\n37 0 obj\n<</Type /FontDescriptor\n/FontName /LiberationSans-Italic\n/Flags 68\n/Ascent 905.27344\n/Descent -211.91406\n/StemV 114.257813\n/CapHeight 687.98828\n/ItalicAngle -12\n/FontBBox [-271.97266 -303.22266 1062.5 1014.16016]\n/FontFile2 36 0 R>>\nendobj\n38 0 obj\n<</Type /Font\n/FontDescriptor 37 0 R\n/BaseFont /LiberationSans-Italic\n/Subtype /CIDFontType2\n/CIDToGIDMap /Identity\n/CIDSystemInfo <</Registry (Adobe)\n/Ordering (Identity)\n/Supplement 0>>\n/W [0 [365.23438 0 0 277.83203] 16 [333.00781 0 277.83203] 19 28 556.15234 29 [277.83203] 38 49 722.16797 52 [777.83203] 68 72 556.15234 73 [277.83203 556.15234 0 222.16797 0 0 0 833.00781] 81 84 556.15234 85 [333.00781 0 277.83203 556.15234]]\n/DW 0>>\nendobj\n39 0 obj\n<</Filter /FlateDecode\n/Length 314>> stream\nx]\n0\\<EݡB;	!U\*q\\hbH#D!=6\E\n\\gqHͩ&͏zciy\Wc.6*_5t.I\0Cc1*\\x:?\AxH\W{e\c9\r\>Vz\\K7\0KQmt<7a\F\_\\\	dNnԨar\\+$UWͪs\\uV;ߓ\ҫ\cvLdB<#:()\DOD\H\|Di\'\\\Y\\\8ugDu*Q\<PPRr.\:%]@\(H]:\pGO^ݼCǗ\i/s6\?ݢZ8Z\nendstream\nendobj\n10 0 obj\n<</Type /Font\n/Subtype /Type0\n/BaseFont /LiberationSans-Italic\n/Encoding /Identity-H\n/DescendantFonts [38 0 R]\n/ToUnicode 39 0 R>>\nendobj\n40 0 obj\n<</Length1 11344\n/Filter /FlateDecode\n/Length 5709>> stream\nx\Z{xTյ\s\<x\ExȜ\08I<df@:A+3$d /3\"V\*Zk)\z\6zm/U4\j\m\^\]{ϙh{\\\\9Yg\kZ1\0`\ cVKk\u\s\r\"M\\/\^\[״\\E\0LԆ\\@~w{@z`p\7F9>\e\\0Q_$XL$\	SFy~`^]õ\G~sQ\W\R\N9\0\[#\\B\y`\tgbuce.gL\%۞ĆĂsc\\wL4!!P;u7\ǜ 4\ry#=\֢7@-\\z@c\\'_I\{pɃj	!]\>\AxIr\Z\n=A!ko\WQy\R>\2a	fl\zv\$0&CzLW\\"R\r밈\E\[a*+S\\ip\\L\D[\'\\Bv*s\IHs8M\n\3LS=C6lan\r\e\_!\8\D\ :|\ ک\\ې|\XATN\_p\n\9_~Op\JߩZ?\\	?\7\\'ͅ\[\xl>-瑟kP)\\M\ \}\>\arwP^\\Z#_>\n\\\0\C }\R]$;7\@v>ӎ0\9b@}s(O\'\s\Zy\\qa>Ca\nA\|\\L\ǜ\||ιo}P,}^\\\\\\	~[??\Zs/\[`\cd\f8xn\\\\bu(](\nQvX\\8Gb\8\\w\9\v\Z)^<s\\ZSx>\egv/\\1\\+\\\zK\"\b+\\HLg\9\cDwmz̧8\\BpC\W	Nj\\\2nv\ˣ]G;?5fD_\Kv\Xm\[A$1\\\_z\׹IX,ָw`4\&=?\'))\j\	U#\\))I%zA~+y\\*.#\)f̐1OYG\`u}2\ZS\j\@RF\\: \D\\\}_\rǜ_G\nG|\%\ה%<~\1`\i\\\q\R\/\=bm\1\H\2\ЈC\u\\u\Zע\\\0E\rn\WE;\R\_8-1̰39\#y\\~+x\o1l\\vt댰`\\0\\\'4\c8\`\\{)fKD\*}\9<J\\_RzSO\|<G<OF\xވ}f=\8M\\Zǁ\}r\t9Aú+\L;8(w\\rʓl\^i\Ϧ=\ԍl\\ch\0\\\Cb{V%WVFbp+Gq/Z\rq8c\PN\J\qv\Ev4;z7\$\\\RrE?2<&u\ N\#\q\ah\\0-tpSN\F\wh\Ow\{\e&\\"\\@au7_*\:\Z\Ey\B\M> ΂Gārk	\9\A늛pu*A\'A&A\\s\召\\\	V\eE9*\\m0\07\\NҤ_Hr|Aٓ#5Yj:K\S\bխnWQ>n5X\[\'Z3\\\\Uֻ2cFbFJƄK2,Y@F\&ْlV;-${}}}=\~\`o\d\e\~!\C\\؏\e?f?aCfA+0ӟYY\pF:cXFM\\d\\dkdMd\w(\\\ϪI\xu\n\\\º{\d~JFn?FX~e\\\dkd\A냙ΰ3\\,\ZD-:v\4^p\\\^\B\[7\Q?\?\NO޿\[S\rR\\}\軭/oV\̾}i}}\Od\\7O{2wq\\s{\:zN\\+\9\wz\\y畞_\y癞\yg\ʞ\=\z{.\\\\L3e\NGO\H\?K\؈j\ Zԡ!l\f4nrMhFF+`b\\kt߻\)oo\	;p3vbnA;n\m\\w\.|wc/{p/\\؇\\<x\x\ã>\8\8~\	h\\!<\?A\"o+e\O,?\sxG~o~_\\^\1_\7-\;\p\\ro\$Џ\[x\ğ.\\)7N\\\Y|@7s\_?8	.`\0QƘ\d0323Ql4\Ʋq,%$\R\x\&l̦KX\Zʦtfa*fcәel&\b2\f9,9\,6\ay\26\c\\E]\%\&-\w4Js*\\>az4(t7\3Fa4\`,\!\r\Hxb&b&c\n.A\ZӐ=VdN#30Yd#pbf\Z\00XDk\\X%pa)\nQ7<%X\(\\n\*Fր\R@%\\+\n\q\Wq6\0\ϣp\'E\}Y)\E\(xdbGV\'E\!Sd=MQE1%x\\P/Mh2`T#I.\{EZ*(WHs\|\!-|m\\|\H\B撖H(&O\(?\\Q QR,\\\'\\q-\%t	\8wIߒRi>i\T;e֭O<M\(x܋Y)[ffe5l\T*+\׮)[j\\\\JwQ\Rגŗ,Z`g9ssg\ȴOeX-Sƍ=\l2\ZYb\ؼ~U\kJ$mb0J,\pM1u$kGHbAI \'[\T\%M\b\\\p۪T픠W\nZ\qTZ\\\\V5\W=wk}\\&}cFيs\9zc\f\Z:\\\L\L\\N	\q[M{5Z\\ZǝfV\d/\lnQ\"R3i&R\rq\qڙ\\~[W6ckl5+}}\вln-뺷\'\ȃZ\\\\\k\\~J?\i;\\\@ñzo8\'ssग\\\\v{+ڶѦ&\\;ǎmoQ\V]ѧoMӼUiIzPwm6~\>M{\\0q\oͺ ͚\\)j#\\S\.6RAk[㋕UlL;\QI~^\P\k\\5\6\\r_ؗ\\<\\[Z\FM|*lIZ\GiV[{J\*Y&jLr\Zڀ\"7iOb\T\Zu\\H\r\\y\\ɤ@\\\Ji.7>G\YNj\\b4EK\\'7\*&z3-HZo9=n޳\ic&p]5\\LM{Un.<\*\\\,\ZʴZ՗f\\\U4U6_\Zy(5\WZn+]޷@7$V\)v\56_ZL\rfU&W`1T/\j& .<TTKC\\\вTOЭ\0NE%qmF^$=E%i\*k\\ɖZ\;f\Ԓxlx,\\\<\U-hի\\\\\#;C\\a!\\"7J\w\u\ruV,ʃŒ\\\\j\VZ\Ε\t ˗i\!\Z&\\$\\\r\\\i\n[V\n+iZAnHRVZQMYa\Z\\b\\J\n\!IEª\\T\{Ε.83yA\i-\B>\)\&j\\.3\y\]R\I\Sb<\fir=\oZ\\\kU\*\H?1\bmq\'cѶ`6\V\K8Io\|ErkO\\MΡmsYf\"\X\v\S/\Y\\\g\dY8s䌴\OgfNj9qt\{l,\e\o-\\|3W땻ݮ\1\^&W\-I\j\\\W\t۞\\g\g,\H\'W?I\%\\\/\\\Y9\ݛk8\\3,}{\앸{\%{7\Ͷ\yǝR\\m7\Yn۱{\\#[pY\ai*\2%or)O4\Qo\\h\opY6\\gY\gY\\T\Z\XeD^-7\w\GdymYe\rA_ٙ2)qes5\(\-\ۖ\˼Y\\bKX\\\\\\r\\A>\=\]\,\\MzUN̛PXIGJJgb4QJLܐ=QNӟ\6\\]lwgE\Q\e\\d.Bc4{9֬׌4T\\\\\U;::P8TS\\ӪJ\Z\"\\h#\"iZ\DV\\A\±XWcL8\\pY8p9x 9a\0\:\\\W:\l\\bN\-\;8鉾7;\"z\\.\m\Y\ٶn;_\+t\-\\0\($2:OS\ş\\t^\y\ϐ+;ޓt;1\H7\:g`\~֌c_;[Q\GJO kp\ҭX.M{y䔒\]E#4Ύҝto\#\\|3\2\\\\Fu\9A7!-a\t+\>(?\xD\$X.\E=tރ\0KR\r\\\\Tcr;LԜN\,N\r}\dI!\y\\d5\\ԁ\잁zC\\\\Kbm\\\rn\\s:͐\<:-\j!Kc\B2o\	\x6\"Q*\iKtڌTNB\LUB:=J\\\84>\\,6PFQ[X\i\tZB%F˘ǚtZ!\t\@\=\FK:m\Z6cN\"\$S\\J\f7\r\u:_3VHr|-Z\lU@\LT#̢w>QkD\r\H\"eh\"\\\@S\raQ\n\*\r\ԪҶD\*ↄ| B\w#\Vl&^3>5\\\\Z3\9f\W\kԒ@$[]\T.mhP@Xm\r[5\eK+^\j@j\\js\ C\(\;IMd@\fEhc5	57\\qutk\\`ݖ\0Ki\T\$F\Jjr_FK\\`u__u2<(<\\':Qe5\eg\Κ{\\_T\\\r,ꄖ\	ݕ$Q.\DK\߈\IHU\\\\\c-\d\rLs3\LmlԈvy߈\'\nºP8l%fI\-\U\`SD\r4ը\rW\ֆYlH9ROAiKk(\\潅s/T<[)M§aT\\\\3Ƕ\n?\Iy$5D\"0\-XHk\'7\Z\rZ\?WP^,t:mۖ\ͨ&+r_\\mVA\u$\\\\>\ȵ-`8T\DQ[ilp۰f[6^cK`\0=<9\m\\\r\\f\lAb[\'\r5\>u:o5q[B|\\\"bBj\\mn!&A/L\r\Pд6o\nVGr[\\BCΘPSS5\\\G\Z\\0\nendstream\nendobj\n41 0 obj\n<</Type /FontDescriptor\n/FontName /LiberationSerif\n/Flags 4\n/Ascent 891.11328\n/Descent -216.30859\n/StemV 68.847656\n/CapHeight 654.78516\n/ItalicAngle 0\n/FontBBox [-176.75781 -303.22266 1006.83594 981.44531]\n/FontFile2 40 0 R>>\nendobj\n42 0 obj\n<</Type /Font\n/FontDescriptor 41 0 R\n/BaseFont /LiberationSerif\n/Subtype /CIDFontType2\n/CIDToGIDMap /Identity\n/CIDSystemInfo <</Registry (Adobe)\n/Ordering (Identity)\n/Supplement 0>>\n/W [0 [365.23438 0 0 250]]\n/DW 0>>\nendobj\n43 0 obj\n<</Filter /FlateDecode\n/Length 223>> stream\nx]Mj\0>\\`O\r2Eh\8\Z\Z\(\\"\)T`\\'cO!~\\\0k\\!8R|p\\\x\׌KOSTm\E]3\pzq\;_\#\yqA\`Tׁ\I&=\b]s\Ey?\\BS\o\Z=\:dK3\Hu\>Iu\n\\jܗ\\1\\p\Pnc<u	5Ho{J1@co9\nendstream\nendobj\n14 0 obj\n<</Type /Font\n/Subtype /Type0\n/BaseFont /LiberationSerif\n/Encoding /Identity-H\n/DescendantFonts [42 0 R]\n/ToUnicode 43 0 R>>\nendobj\nxref\n0 44\n0000000000 65535 f \n0000000015 00000 n \n0000051304 00000 n \n0000000154 00000 n \n0000076008 00000 n \n0000087296 00000 n \n0000109657 00000 n \n0000000191 00000 n \n0000125724 00000 n \n0000047248 00000 n \n0000139287 00000 n \n0000047286 00000 n \n0000051596 00000 n \n0000049137 00000 n \n0000145999 00000 n \n0000049214 00000 n \n0000051870 00000 n \n0000050367 00000 n \n0000052110 00000 n \n0000052180 00000 n \n0000052229 00000 n \n0000074952 00000 n \n0000075189 00000 n \n0000075644 00000 n \n0000076143 00000 n \n0000086228 00000 n \n0000086475 00000 n \n0000086913 00000 n \n0000087440 00000 n \n0000108256 00000 n \n0000108495 00000 n \n0000109243 00000 n \n0000109796 00000 n \n0000124523 00000 n \n0000124780 00000 n \n0000125323 00000 n \n0000125875 00000 n \n0000138197 00000 n \n0000138446 00000 n \n0000138902 00000 n \n0000139434 00000 n \n0000145230 00000 n \n0000145472 00000 n \n0000145705 00000 n \ntrailer\n<</Size 44\n/Root 19 0 R\n/Info 1 0 R>>\nstartxref\n146140\n%%EOF');
/*!40000 ALTER TABLE `quotation_tbldoc_details` ENABLE KEYS */;
UNLOCK TABLES;

--
-- Table structure for table `quotation_tbldoc_kind`
--

DROP TABLE IF EXISTS `quotation_tbldoc_kind`;
/*!40101 SET @saved_cs_client     = @@character_set_client */;
/*!40101 SET character_set_client = utf8 */;
CREATE TABLE `quotation_tbldoc_kind` (
  `Doc_kindid_tblDoc_kind` int(11) NOT NULL AUTO_INCREMENT,
  `Doc_kind_name_tblDoc_kind` varchar(200) NOT NULL,
  `pretag_tbldockind` varchar(15) DEFAULT NULL,
  PRIMARY KEY (`Doc_kindid_tblDoc_kind`)
) ENGINE=InnoDB AUTO_INCREMENT=7 DEFAULT CHARSET=utf8;
/*!40101 SET character_set_client = @saved_cs_client */;

--
-- Dumping data for table `quotation_tbldoc_kind`
--

LOCK TABLES `quotation_tbldoc_kind` WRITE;
/*!40000 ALTER TABLE `quotation_tbldoc_kind` DISABLE KEYS */;
INSERT INTO `quotation_tbldoc_kind` VALUES (1,'Customer_Quotation','CQ-'),(2,'Order','CO-'),(3,'Invoice','CI-'),(4,'Job Number','JNUM-'),(5,'Email','EMAIL-'),(6,'Accounting Entry','ACCENT-');
/*!40000 ALTER TABLE `quotation_tbldoc_kind` ENABLE KEYS */;
UNLOCK TABLES;

--
-- Table structure for table `quotation_tblincomestatement`
--

DROP TABLE IF EXISTS `quotation_tblincomestatement`;
/*!40101 SET @saved_cs_client     = @@character_set_client */;
/*!40101 SET character_set_client = utf8 */;
CREATE TABLE `quotation_tblincomestatement` (
  `rowid_tblincomestatement` int(11) NOT NULL AUTO_INCREMENT,
  `order_tblincomestatement` varchar(10) DEFAULT NULL,
  `rowname_tblincomestatement` varchar(85) DEFAULT NULL,
  PRIMARY KEY (`rowid_tblincomestatement`)
) ENGINE=InnoDB AUTO_INCREMENT=3 DEFAULT CHARSET=utf8;
/*!40101 SET character_set_client = @saved_cs_client */;

--
-- Dumping data for table `quotation_tblincomestatement`
--

LOCK TABLES `quotation_tblincomestatement` WRITE;
/*!40000 ALTER TABLE `quotation_tblincomestatement` DISABLE KEYS */;
INSERT INTO `quotation_tblincomestatement` VALUES (1,'010','Inventory'),(2,'020','Income');
/*!40000 ALTER TABLE `quotation_tblincomestatement` ENABLE KEYS */;
UNLOCK TABLES;

--
-- Table structure for table `quotation_tblincomestatementdetails`
--

DROP TABLE IF EXISTS `quotation_tblincomestatementdetails`;
/*!40101 SET @saved_cs_client     = @@character_set_client */;
/*!40101 SET character_set_client = utf8 */;
CREATE TABLE `quotation_tblincomestatementdetails` (
  `rowid_tblincomestatementdetails` int(11) NOT NULL AUTO_INCREMENT,
  `operationsign_tblincomestatementdetails` varchar(2) DEFAULT NULL,
  `operationkind_tblincomestatementdetails` varchar(10) DEFAULT NULL,
  `side_tblincomestatementdetails` varchar(10) DEFAULT NULL,
  `generalledgeraccount_tblincomestatementdetails` varchar(15) DEFAULT NULL,
  `incomestatementrowid_tblincomestatementdetails` int(11) DEFAULT NULL,
  PRIMARY KEY (`rowid_tblincomestatementdetails`)
) ENGINE=InnoDB AUTO_INCREMENT=4 DEFAULT CHARSET=utf8;
/*!40101 SET character_set_client = @saved_cs_client */;

--
-- Dumping data for table `quotation_tblincomestatementdetails`
--

LOCK TABLES `quotation_tblincomestatementdetails` WRITE;
/*!40000 ALTER TABLE `quotation_tblincomestatementdetails` DISABLE KEYS */;
INSERT INTO `quotation_tblincomestatementdetails` VALUES (1,'+','Account','Debit','3',1),(2,'+','Account','Debit','9',2),(3,'+','Account','Debit','97',2);
/*!40000 ALTER TABLE `quotation_tblincomestatementdetails` ENABLE KEYS */;
UNLOCK TABLES;

--
-- Table structure for table `quotation_tblpayment`
--

DROP TABLE IF EXISTS `quotation_tblpayment`;
/*!40101 SET @saved_cs_client     = @@character_set_client */;
/*!40101 SET character_set_client = utf8 */;
CREATE TABLE `quotation_tblpayment` (
  `paymentid_tblpayment` int(11) NOT NULL AUTO_INCREMENT,
  `paymenttextforquotation_tblpayment` text,
  `paymentname_tblpayment` varchar(100) DEFAULT NULL,
  `creationtime_tblpayment` timestamp NOT NULL DEFAULT CURRENT_TIMESTAMP,
  `obsolete_tblpayment` int(3) NOT NULL DEFAULT '0',
  PRIMARY KEY (`paymentid_tblpayment`)
) ENGINE=InnoDB AUTO_INCREMENT=3 DEFAULT CHARSET=utf8;
/*!40101 SET character_set_client = @saved_cs_client */;

--
-- Dumping data for table `quotation_tblpayment`
--

LOCK TABLES `quotation_tblpayment` WRITE;
/*!40000 ALTER TABLE `quotation_tblpayment` DISABLE KEYS */;
INSERT INTO `quotation_tblpayment` VALUES (1,'Wire transfer after due date 8 days','After due 8 days','2019-02-14 20:14:32',0),(2,'At time of order.','Pre 100%','2019-02-14 20:48:46',0);
/*!40000 ALTER TABLE `quotation_tblpayment` ENABLE KEYS */;
UNLOCK TABLES;

--
-- Table structure for table `quotation_tblprefaceforquotation`
--

DROP TABLE IF EXISTS `quotation_tblprefaceforquotation`;
/*!40101 SET @saved_cs_client     = @@character_set_client */;
/*!40101 SET character_set_client = utf8 */;
CREATE TABLE `quotation_tblprefaceforquotation` (
  `prefaceidforquotation_tblprefaceforquotation` int(11) NOT NULL AUTO_INCREMENT,
  `prefacetextforquotation_tblprefaceforquotation` text,
  `prefacenameforquotation_tblprefaceforquotation` varchar(200) DEFAULT NULL,
  `creationtime_tblprefaceforquotation` timestamp NOT NULL DEFAULT CURRENT_TIMESTAMP,
  `obsolete_tblprefaceforquotation` int(10) NOT NULL DEFAULT '0',
  PRIMARY KEY (`prefaceidforquotation_tblprefaceforquotation`)
) ENGINE=InnoDB AUTO_INCREMENT=6 DEFAULT CHARSET=utf8;
/*!40101 SET character_set_client = @saved_cs_client */;

--
-- Dumping data for table `quotation_tblprefaceforquotation`
--

LOCK TABLES `quotation_tblprefaceforquotation` WRITE;
/*!40000 ALTER TABLE `quotation_tblprefaceforquotation` DISABLE KEYS */;
INSERT INTO `quotation_tblprefaceforquotation` VALUES (2,'Thank you for your inquery.\r\nAs you requested we send our quotation for your kind information.\r\nWe wait your feedback or any question connection to quotation.\r\nWe hope you will be satisfied our service and we can serve your need in the future again.\r\n\r\nYou can see our reference projects on site www.example.com in point refererence (here is the link).\r\n\r\nIn the order please reference to our quotation number. ({{ link }}\r\n\r\n\r\n\r\n\r\n','Standard','2019-02-04 08:36:10',0),(3,'é   h                   n\r\n\r\n\r\nhh  f\r\n								\r\n								\r\n								','Non standard','2019-02-04 08:36:10',1),(4,'New1text','New1','2019-02-04 11:40:47',0),(5,'None','New2','2019-02-04 11:41:04',0);
/*!40000 ALTER TABLE `quotation_tblprefaceforquotation` ENABLE KEYS */;
UNLOCK TABLES;

--
-- Table structure for table `quotation_tblproduct`
--

DROP TABLE IF EXISTS `quotation_tblproduct`;
/*!40101 SET @saved_cs_client     = @@character_set_client */;
/*!40101 SET character_set_client = utf8 */;
CREATE TABLE `quotation_tblproduct` (
  `Productid_tblProduct` int(11) NOT NULL AUTO_INCREMENT,
  `purchase_price_tblproduct` float NOT NULL DEFAULT '0',
  `Product_description_tblProduct` text,
  `currencyid_tblcurrency_fktblproduct` int(11) NOT NULL DEFAULT '1',
  `margin_tblproduct` float NOT NULL DEFAULT '0',
  `creationtime_tblproduct` timestamp NOT NULL DEFAULT CURRENT_TIMESTAMP,
  `currencyisocode_tblcurrency_ctblproduct` varchar(10) DEFAULT NULL,
  `obsolete_tblproduct` tinyint(1) NOT NULL DEFAULT '0',
  `unit_tblproduct` varchar(20) NOT NULL DEFAULT 'pc(s)',
  PRIMARY KEY (`Productid_tblProduct`),
  KEY `currencyid_tblcurrency_fktblproduct` (`currencyid_tblcurrency_fktblproduct`),
  CONSTRAINT `currencyid_tblcurrency_with_currencyid_tblproducts_fktblproduct` FOREIGN KEY (`currencyid_tblcurrency_fktblproduct`) REFERENCES `quotation_tblcurrency` (`currencyid_tblcurrency`)
) ENGINE=InnoDB AUTO_INCREMENT=29 DEFAULT CHARSET=utf8;
/*!40101 SET character_set_client = @saved_cs_client */;

--
-- Dumping data for table `quotation_tblproduct`
--

LOCK TABLES `quotation_tblproduct` WRITE;
/*!40000 ALTER TABLE `quotation_tblproduct` DISABLE KEYS */;
INSERT INTO `quotation_tblproduct` VALUES (1,6,'Setup AWS EC2 Ubuntu server',1,84.2105,'2018-12-17 09:54:39','USD',0,'pc(s)'),(2,2553,'Something',2,15,'2018-12-17 09:54:39','HUF',1,'pc(s)'),(4,80,'Pr5e',3,22,'2018-12-17 09:54:39','HUF',1,'pc(s)'),(5,9,'Pr66',2,50,'2018-12-17 09:54:39','USD',0,'pc(s)'),(6,7,'Django scripting',2,76.6667,'2018-12-17 09:54:39','USD',0,'hour'),(7,0,'DefaultDescription',1,0,'2019-01-05 13:24:50','USD',0,'pc(s)'),(8,0,'DefaultDescription',1,0,'2019-01-05 13:25:16',NULL,0,'pc(s)'),(9,0,'DefaultDescription',1,0,'2019-01-05 13:25:17',NULL,0,'pc(s)'),(10,0,'DefaultDescription',1,0,'2019-01-05 13:25:18',NULL,0,'pc(s)'),(11,0,'DefaultDescription',1,0,'2019-01-05 13:25:20',NULL,0,'pc(s)'),(12,0,'DefaultDescription',1,0,'2019-01-05 13:25:21',NULL,0,'pc(s)'),(13,0,'DefaultDescription',1,0,'2019-01-05 13:25:21',NULL,0,'pc(s)'),(14,0,'DefaultDescription',1,0,'2019-01-05 13:25:23',NULL,0,'pc(s)'),(15,0,'DefaultDescription',1,0,'2019-01-05 13:25:26',NULL,0,'pc(s)'),(16,0,'DefaultDescription',1,0,'2019-01-05 13:25:27',NULL,0,'pc(s)'),(17,0,'DefaultDescription',1,0,'2019-01-05 13:25:28',NULL,0,'pc(s)'),(18,0,'DefaultDescription',1,0,'2019-01-05 13:25:29',NULL,0,'pc(s)'),(19,0,'DefaultDescription',1,0,'2019-01-05 13:25:30',NULL,0,'pc(s)'),(20,0,'DefaultDescription',1,0,'2019-01-05 13:25:32',NULL,0,'pc(s)'),(21,0,'DefaultDescription',1,0,'2019-01-05 13:25:33',NULL,0,'pc(s)'),(22,0,'DefaultDescription',1,0,'2019-01-05 13:25:33',NULL,0,'pc(s)'),(23,0,'DefaultDescription',1,0,'2019-01-05 13:25:34',NULL,0,'pc(s)'),(24,0,'DefaultDescription',1,0,'2019-01-05 13:25:36',NULL,0,'pc(s)'),(25,10,'DefaultDescription',1,30,'2019-01-05 13:25:36','USD',0,'pc(s)'),(26,0,'DefaultDescription',1,0,'2019-01-05 13:25:38','USD',0,'pc(s)'),(27,0,'DefaultDescription',1,0,'2019-01-05 13:25:45',NULL,0,'pc(s)'),(28,0,'DefaultDescription',1,0,'2019-01-05 13:25:48','USD',0,'pc(s)');
/*!40000 ALTER TABLE `quotation_tblproduct` ENABLE KEYS */;
UNLOCK TABLES;

--
-- Dumping routines for database 'szlukamate$default'
--
/*!50003 DROP PROCEDURE IF EXISTS `proba1` */;
/*!50003 SET @saved_cs_client      = @@character_set_client */ ;
/*!50003 SET @saved_cs_results     = @@character_set_results */ ;
/*!50003 SET @saved_col_connection = @@collation_connection */ ;
/*!50003 SET character_set_client  = utf8mb4 */ ;
/*!50003 SET character_set_results = utf8mb4 */ ;
/*!50003 SET collation_connection  = utf8mb4_unicode_ci */ ;
/*!50003 SET @saved_sql_mode       = @@sql_mode */ ;
/*!50003 SET sql_mode              = 'ONLY_FULL_GROUP_BY,STRICT_TRANS_TABLES,ERROR_FOR_DIVISION_BY_ZERO,NO_ENGINE_SUBSTITUTION' */ ;
DELIMITER ;;
CREATE DEFINER=`root`@`localhost` PROCEDURE `proba1`(IN `fieldnameto` VARCHAR(255), IN `fieldvalue` VARCHAR(255), IN `docid` INT(20))
    NO SQL
BEGIN



SET @SQLText = CONCAT('UPDATE quotation_tbldoc SET ',fieldnameto,' = ',fieldvalue,' WHERE docid_tbldoc = ',docid,'');
    
    PREPARE stmt FROM @SQLText;
    EXECUTE stmt;
    DEALLOCATE PREPARE stmt;
    
SET @SQLText2 = CONCAT('SELECT  ',fieldnameto,' FROM quotation_tbldoc    WHERE docid_tbldoc = ',docid,'');
    
	PREPARE stmt2 FROM @SQLText2;
    EXECUTE stmt2;
    DEALLOCATE PREPARE stmt2;


END ;;
DELIMITER ;
/*!50003 SET sql_mode              = @saved_sql_mode */ ;
/*!50003 SET character_set_client  = @saved_cs_client */ ;
/*!50003 SET character_set_results = @saved_cs_results */ ;
/*!50003 SET collation_connection  = @saved_col_connection */ ;
/*!50003 DROP PROCEDURE IF EXISTS `spaccountsum` */;
/*!50003 SET @saved_cs_client      = @@character_set_client */ ;
/*!50003 SET @saved_cs_results     = @@character_set_results */ ;
/*!50003 SET @saved_col_connection = @@collation_connection */ ;
/*!50003 SET character_set_client  = utf8mb4 */ ;
/*!50003 SET character_set_results = utf8mb4 */ ;
/*!50003 SET collation_connection  = utf8mb4_unicode_ci */ ;
/*!50003 SET @saved_sql_mode       = @@sql_mode */ ;
/*!50003 SET sql_mode              = 'ONLY_FULL_GROUP_BY,STRICT_TRANS_TABLES,ERROR_FOR_DIVISION_BY_ZERO,NO_ENGINE_SUBSTITUTION' */ ;
DELIMITER ;;
CREATE DEFINER=`root`@`localhost` PROCEDURE `spaccountsum`(IN `accountid` INT(10), IN `balancekind` VARCHAR(3))
    NO SQL
BEGIN

END ;;
DELIMITER ;
/*!50003 SET sql_mode              = @saved_sql_mode */ ;
/*!50003 SET character_set_client  = @saved_cs_client */ ;
/*!50003 SET character_set_results = @saved_cs_results */ ;
/*!50003 SET collation_connection  = @saved_col_connection */ ;
/*!50003 DROP PROCEDURE IF EXISTS `spentryuniversalselections` */;
/*!50003 SET @saved_cs_client      = @@character_set_client */ ;
/*!50003 SET @saved_cs_results     = @@character_set_results */ ;
/*!50003 SET @saved_col_connection = @@collation_connection */ ;
/*!50003 SET character_set_client  = utf8 */ ;
/*!50003 SET character_set_results = utf8 */ ;
/*!50003 SET collation_connection  = utf8_general_ci */ ;
/*!50003 SET @saved_sql_mode       = @@sql_mode */ ;
/*!50003 SET sql_mode              = 'ONLY_FULL_GROUP_BY,STRICT_TRANS_TABLES,ERROR_FOR_DIVISION_BY_ZERO,NO_ENGINE_SUBSTITUTION' */ ;
DELIMITER ;;
CREATE DEFINER=`root`@`localhost` PROCEDURE `spentryuniversalselections`(IN `fieldnameto` VARCHAR(255), IN `fieldvalue` VARCHAR(255), IN `docid` INT(10))
    NO SQL
BEGIN

	 
SET @SQLText = CONCAT('UPDATE quotation_tbldoc SET ',fieldnameto,' = ',fieldvalue,' WHERE docid_tbldoc = ',docid,'');
    
    PREPARE stmt FROM @SQLText;
    EXECUTE stmt;
    DEALLOCATE PREPARE stmt;
    
SET @SQLText2 = CONCAT('SELECT  ',fieldnameto,', "-" AS hyphon, `nameHU_tblchartofaccounts` 
						FROM quotation_tbldoc
                        LEFT JOIN quotation_tblchartofaccounts
						ON quotation_tbldoc.debitaccountid_tbldoc=quotation_tblchartofaccounts.accountid_tblchartofaccounts
                        WHERE docid_tbldoc = ',docid,'');
    
	PREPARE stmt2 FROM @SQLText2;
    EXECUTE stmt2;
    DEALLOCATE PREPARE stmt2;
	

END ;;
DELIMITER ;
/*!50003 SET sql_mode              = @saved_sql_mode */ ;
/*!50003 SET character_set_client  = @saved_cs_client */ ;
/*!50003 SET character_set_results = @saved_cs_results */ ;
/*!50003 SET collation_connection  = @saved_col_connection */ ;
/*!40103 SET TIME_ZONE=@OLD_TIME_ZONE */;

/*!40101 SET SQL_MODE=@OLD_SQL_MODE */;
/*!40014 SET FOREIGN_KEY_CHECKS=@OLD_FOREIGN_KEY_CHECKS */;
/*!40014 SET UNIQUE_CHECKS=@OLD_UNIQUE_CHECKS */;
/*!40101 SET CHARACTER_SET_CLIENT=@OLD_CHARACTER_SET_CLIENT */;
/*!40101 SET CHARACTER_SET_RESULTS=@OLD_CHARACTER_SET_RESULTS */;
/*!40101 SET COLLATION_CONNECTION=@OLD_COLLATION_CONNECTION */;
/*!40111 SET SQL_NOTES=@OLD_SQL_NOTES */;

-- Dump completed on 2019-04-05 22:49:23
